时间,位移量(mm)
2023-01-01 01:10:00,56.98
2023-01-01 02:20:00,62.67
2023-01-01 03:30:00,67.88
2023-01-01 04:40:00,70.53
2023-01-01 05:50:00,72.47
2023-01-01 07:00:00,74.52
2023-01-01 08:10:00,76.3
2023-01-01 09:20:00,78.43
2023-01-01 10:30:00,78.47
2023-01-01 11:40:00,78.47
2023-01-01 12:50:00,78.04
2023-01-01 14:00:00,77.44
2023-01-01 15:10:00,76.57
2023-01-01 16:20:00,76.33
2023-01-01 17:30:00,76.33
2023-01-01 18:40:00,76.33
2023-01-01 19:50:00,76.34
2023-01-01 21:00:00,76.37
2023-01-01 22:10:00,76.49
2023-01-01 23:20:00,76.97
2023-01-02 00:40:00,77.75
2023-01-02 02:00:00,78.31
2023-01-02 03:10:00,79.22
2023-01-02 04:20:00,79.85
2023-01-02 05:30:00,80.6
2023-01-02 06:40:00,81.51
2023-01-02 07:50:00,82.25
2023-01-02 09:00:00,82.34
2023-01-02 10:10:00,82.37
2023-01-02 11:20:00,82.33
2023-01-02 12:30:00,81.15
2023-01-02 13:40:00,80.16
2023-01-02 14:50:00,78.96
2023-01-02 16:00:00,78.37
2023-01-02 17:10:00,78.17
2023-01-02 18:20:00,78.21
2023-01-02 19:30:00,78.93
2023-01-02 20:40:00,79.99
2023-01-02 21:50:00,80.74
2023-01-02 23:00:00,81.53
2023-01-03 00:20:00,82.28
2023-01-03 01:30:00,82.99
2023-01-03 02:40:00,84.02
2023-01-03 03:50:00,84.76
2023-01-03 05:00:00,85.4
2023-01-03 06:10:00,86.11
2023-01-03 07:20:00,86.66
2023-01-03 08:30:00,86.7
2023-01-03 09:40:00,86.7
2023-01-03 10:50:00,86.5
2023-01-03 12:00:00,84.19
2023-01-03 13:10:00,81.7
2023-01-03 14:20:00,79.25
2023-01-03 15:30:00,76.55
2023-01-03 16:40:00,74.96
2023-01-03 17:50:00,74.72
2023-01-03 19:00:00,74.73
2023-01-03 20:10:00,74.77
2023-01-03 21:20:00,74.88
2023-01-03 22:30:00,75.59
2023-01-03 23:40:00,76.39
2023-01-04 01:00:00,77.3
2023-01-04 02:10:00,78.01
2023-01-04 03:20:00,78.68
2023-01-04 04:30:00,79.32
2023-01-04 05:40:00,79.79
2023-01-04 06:50:00,80.58
2023-01-04 08:00:00,80.97
2023-01-04 09:10:00,81.13
2023-01-04 10:20:00,81.21
2023-01-04 11:30:00,80.18
2023-01-04 12:40:00,79.07
2023-01-04 13:50:00,77.52
2023-01-04 15:00:00,76.33
2023-01-04 16:10:00,75.5
2023-01-04 17:20:00,74.74
2023-01-04 18:30:00,74.74
2023-01-04 19:40:00,74.74
2023-01-04 20:50:00,74.74
2023-01-04 22:00:00,74.78
2023-01-04 23:10:00,74.99
2023-01-05 00:30:00,75.73
2023-01-05 01:40:00,76.25
2023-01-05 02:50:00,76.6
2023-01-05 04:00:00,77.08
2023-01-05 05:10:00,77.79
2023-01-05 06:20:00,78.07
2023-01-05 07:30:00,78.43
2023-01-05 08:40:00,78.47
2023-01-05 09:50:00,78.47
2023-01-05 11:00:00,78.35
2023-01-05 12:10:00,77.04
2023-01-05 13:20:00,75.14
2023-01-05 14:30:00,71.49
2023-01-05 15:40:00,66.65
2023-01-05 16:50:00,65.57
2023-01-05 18:00:00,65.5
2023-01-05 19:10:00,65.5
2023-01-05 20:20:00,65.66
2023-01-05 21:30:00,67.32
2023-01-05 22:40:00,69.77
2023-01-05 23:50:00,72.89
2023-01-06 01:10:00,77
2023-01-06 02:20:00,80.43
2023-01-06 03:30:00,84.86
2023-01-06 04:40:00,86.4
2023-01-06 05:50:00,86.8
2023-01-06 07:00:00,87.19
2023-01-06 08:10:00,87.23
2023-01-06 09:20:00,87.23
2023-01-06 10:30:00,87.23
2023-01-06 11:40:00,86.84
2023-01-06 12:50:00,84.78
2023-01-06 14:00:00,83.28
2023-01-06 15:10:00,79.91
2023-01-06 16:20:00,76.62
2023-01-06 17:30:00,75.59
2023-01-06 18:40:00,75.43
2023-01-06 19:50:00,75.43
2023-01-06 21:00:00,76.62
2023-01-06 22:10:00,78.96
2023-01-06 23:20:00,80.41
2023-01-07 00:40:00,81.76
2023-01-07 01:50:00,83.19
2023-01-07 03:00:00,84.64
2023-01-07 04:10:00,86.14
2023-01-07 05:20:00,88.35
2023-01-07 06:30:00,90.17
2023-01-07 07:40:00,90.88
2023-01-07 08:50:00,91.27
2023-01-07 10:00:00,91.48
2023-01-07 11:10:00,87.45
2023-01-07 12:20:00,73.74
2023-01-07 13:30:00,55.27
2023-01-07 14:40:00,40.41
2023-01-07 15:50:00,30.61
2023-01-07 17:10:00,29.26
2023-01-07 18:20:00,32.7
2023-01-07 19:30:00,40.13
2023-01-07 20:40:00,48.41
2023-01-07 21:50:00,56.5
2023-01-07 23:00:00,63.97
2023-01-08 00:20:00,71.42
2023-01-08 01:30:00,77.19
2023-01-08 02:40:00,80.62
2023-01-08 03:50:00,82.48
2023-01-08 05:00:00,83.43
2023-01-08 06:10:00,84.25
2023-01-08 07:20:00,86
2023-01-08 08:30:00,87.27
2023-01-08 09:40:00,88.18
2023-01-08 10:50:00,88.22
2023-01-08 12:00:00,87.58
2023-01-08 13:10:00,84.88
2023-01-08 14:20:00,79.33
2023-01-08 15:30:00,69.65
2023-01-08 16:40:00,65.41
2023-01-08 17:50:00,65.09
2023-01-08 19:00:00,67.31
2023-01-08 20:10:00,69.8
2023-01-08 21:20:00,73.45
2023-01-08 22:30:00,77.33
2023-01-08 23:40:00,81.01
2023-01-09 01:00:00,83.14
2023-01-09 02:10:00,83.85
2023-01-09 03:20:00,84.44
2023-01-09 04:30:00,85
2023-01-09 05:40:00,85.75
2023-01-09 06:50:00,86.74
2023-01-09 08:00:00,87.37
2023-01-09 09:10:00,87.77
2023-01-09 10:20:00,87.81
2023-01-09 11:30:00,87.49
2023-01-09 12:40:00,85.51
2023-01-09 13:50:00,80.49
2023-01-09 15:00:00,71.5
2023-01-09 16:10:00,64.84
2023-01-09 17:20:00,64.24
2023-01-09 18:30:00,65.87
2023-01-09 19:40:00,68.68
2023-01-09 20:50:00,72.01
2023-01-09 22:00:00,74.5
2023-01-09 23:10:00,75.06
2023-01-10 00:30:00,75.72
2023-01-10 01:40:00,76.56
2023-01-10 02:50:00,77.82
2023-01-10 04:00:00,79.68
2023-01-10 05:10:00,81.3
2023-01-10 06:20:00,82.56
2023-01-10 07:30:00,83.47
2023-01-10 08:40:00,83.91
2023-01-10 09:50:00,84.34
2023-01-10 11:00:00,84.34
2023-01-10 12:10:00,84.03
2023-01-10 13:20:00,81.26
2023-01-10 14:30:00,74.45
2023-01-10 15:40:00,64.98
2023-01-10 16:50:00,62.65
2023-01-10 18:00:00,63.24
2023-01-10 19:10:00,66.29
2023-01-10 20:20:00,69.11
2023-01-10 21:30:00,72.24
2023-01-10 22:40:00,73.15
2023-01-10 23:50:00,73.63
2023-01-11 01:10:00,75.29
2023-01-11 02:20:00,76.83
2023-01-11 03:30:00,78.85
2023-01-11 04:40:00,80.35
2023-01-11 05:50:00,82.01
2023-01-11 07:00:00,83.95
2023-01-11 08:10:00,86
2023-01-11 09:20:00,86.6
2023-01-11 10:30:00,86.48
2023-01-11 11:40:00,84.02
2023-01-11 12:50:00,78.35
2023-01-11 14:00:00,63.4
2023-01-11 15:10:00,47.23
2023-01-11 16:20:00,38.59
2023-01-11 17:30:00,36.92
2023-01-11 18:40:00,38.36
2023-01-11 19:50:00,41.29
2023-01-11 21:00:00,46.2
2023-01-11 22:10:00,50.95
2023-01-11 23:20:00,56.01
2023-01-12 00:40:00,59.19
2023-01-12 01:50:00,60.13
2023-01-12 03:00:00,60.49
2023-01-12 04:10:00,60.8
2023-01-12 05:20:00,61.17
2023-01-12 06:30:00,61.24
2023-01-12 07:40:00,61.24
2023-01-12 08:50:00,61.24
2023-01-12 10:00:00,61.24
2023-01-12 11:10:00,60.93
2023-01-12 12:20:00,59.86
2023-01-12 13:30:00,58.07
2023-01-12 14:40:00,56.68
2023-01-12 15:50:00,54.03
2023-01-12 17:00:00,52.52
2023-01-12 18:10:00,52.09
2023-01-12 19:20:00,53.52
2023-01-12 20:30:00,56.09
2023-01-12 21:40:00,59.7
2023-01-12 22:50:00,63.7
2023-01-13 00:10:00,68.72
2023-01-13 01:20:00,71.76
2023-01-13 02:30:00,74.53
2023-01-13 03:40:00,76.86
2023-01-13 04:50:00,79.14
2023-01-13 06:00:00,80.69
2023-01-13 07:10:00,81.13
2023-01-13 08:20:00,81.24
2023-01-13 09:30:00,81.12
2023-01-13 10:40:00,79.22
2023-01-13 11:50:00,77.4
2023-01-13 13:00:00,75.3
2023-01-13 14:10:00,72.38
2023-01-13 15:20:00,68.57
2023-01-13 16:30:00,66.47
2023-01-13 17:40:00,65.96
2023-01-13 18:50:00,65.96
2023-01-13 20:00:00,65.96
2023-01-13 21:10:00,66.04
2023-01-13 22:20:00,66.2
2023-01-13 23:30:00,66.36
2023-01-14 00:50:00,66.63
2023-01-14 02:00:00,67.07
2023-01-14 03:10:00,67.38
2023-01-14 04:20:00,67.7
2023-01-14 05:30:00,68.13
2023-01-14 06:40:00,68.57
2023-01-14 07:50:00,68.73
2023-01-14 09:00:00,69.24
2023-01-14 10:10:00,70.31
2023-01-14 11:20:00,71.46
2023-01-14 12:30:00,73.44
2023-01-14 13:40:00,75.25
2023-01-14 14:50:00,77.35
2023-01-14 16:00:00,79.37
2023-01-14 17:10:00,81.98
2023-01-14 18:20:00,85.12
2023-01-14 19:30:00,88
2023-01-14 20:40:00,90.14
2023-01-14 21:50:00,92
2023-01-14 23:00:00,93.7
2023-01-15 00:20:00,96.15
2023-01-15 01:30:00,98.16
2023-01-15 02:40:00,101.04
2023-01-15 03:50:00,103.96
2023-01-15 05:00:00,107.13
2023-01-15 06:10:00,109.38
2023-01-15 07:20:00,111.48
2023-01-15 08:30:00,113.38
2023-01-15 09:40:00,115
2023-01-15 10:50:00,116.07
2023-01-15 12:00:00,116.59
2023-01-15 13:10:00,116.63
2023-01-15 14:20:00,116.63
2023-01-15 15:30:00,116.63
2023-01-15 16:40:00,116.62
2023-01-15 17:50:00,116.63
2023-01-15 19:00:00,116.63
2023-01-15 20:10:00,116.63
2023-01-15 21:20:00,116.63
2023-01-15 22:30:00,116.63
2023-01-15 23:40:00,116.63
2023-01-16 01:00:00,116.66
2023-01-16 02:10:00,116.9
2023-01-16 03:20:00,117.57
2023-01-16 04:30:00,117.89
2023-01-16 05:40:00,118.48
2023-01-16 06:50:00,118.92
2023-01-16 08:00:00,119.23
2023-01-16 09:10:00,119.23
2023-01-16 10:20:00,119.23
2023-01-16 11:30:00,119.23
2023-01-16 12:40:00,119.23
2023-01-16 13:50:00,118.68
2023-01-16 15:00:00,117.29
2023-01-16 16:10:00,116.74
2023-01-16 17:20:00,116.46
2023-01-16 18:30:00,116.42
2023-01-16 19:40:00,116.42
2023-01-16 20:50:00,116.42
2023-01-16 22:00:00,116.42
2023-01-16 23:10:00,116.43
2023-01-17 00:30:00,116.54
2023-01-17 01:40:00,117.49
2023-01-17 02:50:00,118.64
2023-01-17 04:00:00,119.5
2023-01-17 05:10:00,119.62
2023-01-17 06:20:00,119.62
2023-01-17 07:30:00,119.62
2023-01-17 08:40:00,119.62
2023-01-17 09:50:00,119.62
2023-01-17 11:00:00,119.15
2023-01-17 12:10:00,118.52
2023-01-17 13:20:00,117.17
2023-01-17 14:30:00,114.35
2023-01-17 15:40:00,111.71
2023-01-17 16:50:00,110.4
2023-01-17 18:00:00,110.32
2023-01-17 19:10:00,111.19
2023-01-17 20:20:00,112.54
2023-01-17 21:30:00,113.17
2023-01-17 22:40:00,114.32
2023-01-17 23:50:00,114.67
2023-01-18 01:10:00,114.67
2023-01-18 02:20:00,114.8
2023-01-18 03:30:00,114.92
2023-01-18 04:40:00,114.99
2023-01-18 05:50:00,115.07
2023-01-18 07:00:00,116.14
2023-01-18 08:10:00,117.12
2023-01-18 09:20:00,117.25
2023-01-18 10:30:00,117.25
2023-01-18 11:40:00,115.9
2023-01-18 12:50:00,112.82
2023-01-18 14:00:00,107.01
2023-01-18 15:10:00,101.03
2023-01-18 16:20:00,97.74
2023-01-18 17:30:00,97.11
2023-01-18 18:40:00,96.95
2023-01-18 19:50:00,97.03
2023-01-18 21:00:00,97.5
2023-01-18 22:10:00,98.93
2023-01-18 23:20:00,100.31
2023-01-19 00:40:00,101.53
2023-01-19 01:50:00,102.32
2023-01-19 03:00:00,106
2023-01-19 04:10:00,110.03
2023-01-19 05:20:00,111.78
2023-01-19 06:30:00,113.67
2023-01-19 07:40:00,114.57
2023-01-19 08:50:00,115.73
2023-01-19 10:00:00,115.8
2023-01-19 11:10:00,111.37
2023-01-19 12:20:00,100.97
2023-01-19 13:30:00,82.11
2023-01-19 14:40:00,65.41
2023-01-19 15:50:00,56.83
2023-01-19 17:00:00,55.41
2023-01-19 18:10:00,56.72
2023-01-19 19:20:00,61.19
2023-01-19 20:30:00,68.6
2023-01-19 21:40:00,77.38
2023-01-19 22:50:00,83.66
2023-01-20 00:10:00,91.09
2023-01-20 01:20:00,97.53
2023-01-20 02:30:00,102.99
2023-01-20 03:40:00,108.32
2023-01-20 04:50:00,112.26
2023-01-20 06:00:00,115.39
2023-01-20 07:10:00,118.55
2023-01-20 08:20:00,120.13
2023-01-20 09:30:00,120.17
2023-01-20 10:40:00,117.75
2023-01-20 11:50:00,115.7
2023-01-20 13:00:00,111.94
2023-01-20 14:10:00,108.53
2023-01-20 15:20:00,106.43
2023-01-20 16:30:00,104.57
2023-01-20 17:40:00,103.66
2023-01-20 18:50:00,103.58
2023-01-20 20:00:00,103.58
2023-01-20 21:10:00,103.58
2023-01-20 22:20:00,103.58
2023-01-20 23:30:00,103.58
2023-01-21 00:50:00,103.62
2023-01-21 02:00:00,103.62
2023-01-21 03:10:00,103.66
2023-01-21 04:20:00,104.09
2023-01-21 05:30:00,104.76
2023-01-21 06:40:00,105.32
2023-01-21 07:50:00,105.91
2023-01-21 09:00:00,105.95
2023-01-21 10:10:00,105.95
2023-01-21 11:20:00,105.95
2023-01-21 12:30:00,104.32
2023-01-21 13:40:00,102.98
2023-01-21 14:50:00,101.01
2023-01-21 16:00:00,98.6
2023-01-21 17:10:00,97.14
2023-01-21 18:20:00,96.94
2023-01-21 19:30:00,96.94
2023-01-21 20:40:00,96.94
2023-01-21 21:50:00,96.74
2023-01-21 23:00:00,96.74
2023-01-22 00:20:00,96.83
2023-01-22 01:30:00,97.26
2023-01-22 02:40:00,97.85
2023-01-22 03:50:00,98.45
2023-01-22 05:00:00,99.23
2023-01-22 06:10:00,100.11
2023-01-22 07:20:00,100.97
2023-01-22 08:30:00,101.29
2023-01-22 09:40:00,101.29
2023-01-22 10:50:00,101.29
2023-01-22 12:00:00,99.62
2023-01-22 13:10:00,96.69
2023-01-22 14:20:00,90.34
2023-01-22 15:30:00,83.15
2023-01-22 16:40:00,81.06
2023-01-22 17:50:00,80.98
2023-01-22 19:00:00,80.98
2023-01-22 20:10:00,81.06
2023-01-22 21:20:00,81.22
2023-01-22 22:30:00,82.52
2023-01-22 23:40:00,83.98
2023-01-23 01:00:00,85.08
2023-01-23 02:10:00,85.95
2023-01-23 03:20:00,87.26
2023-01-23 04:30:00,88.52
2023-01-23 05:40:00,89.62
2023-01-23 06:50:00,90.53
2023-01-23 08:00:00,91.32
2023-01-23 09:10:00,91.48
2023-01-23 10:20:00,91.48
2023-01-23 11:30:00,91.28
2023-01-23 12:40:00,88.99
2023-01-23 13:50:00,83.34
2023-01-23 15:00:00,76.42
2023-01-23 16:10:00,73.26
2023-01-23 17:20:00,72.86
2023-01-23 18:30:00,72.86
2023-01-23 19:40:00,73.34
2023-01-23 20:50:00,74.48
2023-01-23 22:00:00,75.4
2023-01-23 23:10:00,76.58
2023-01-24 00:30:00,79.3
2023-01-24 01:40:00,83.84
2023-01-24 02:50:00,88.55
2023-01-24 04:00:00,92.06
2023-01-24 05:10:00,95.41
2023-01-24 06:20:00,99.81
2023-01-24 07:30:00,103.97
2023-01-24 08:40:00,106.81
2023-01-24 09:50:00,106.85
2023-01-24 11:00:00,105.07
2023-01-24 12:10:00,99.31
2023-01-24 13:20:00,85.27
2023-01-24 14:30:00,77.33
2023-01-24 15:40:00,75.52
2023-01-24 16:50:00,75.36
2023-01-24 18:00:00,75.36
2023-01-24 19:10:00,76.23
2023-01-24 20:20:00,77.33
2023-01-24 21:30:00,79.3
2023-01-24 22:40:00,83.97
2023-01-24 23:50:00,88.84
2023-01-25 01:10:00,95.04
2023-01-25 02:20:00,100.34
2023-01-25 03:30:00,105.51
2023-01-25 04:40:00,109.9
2023-01-25 05:50:00,112.74
2023-01-25 07:00:00,113.41
2023-01-25 08:10:00,113.53
2023-01-25 09:20:00,113.53
2023-01-25 10:30:00,113.53
2023-01-25 11:40:00,111.48
2023-01-25 12:50:00,109.47
2023-01-25 14:00:00,103.02
2023-01-25 15:10:00,93.67
2023-01-25 16:20:00,86.9
2023-01-25 17:30:00,84.93
2023-01-25 18:40:00,84.93
2023-01-25 19:50:00,86.28
2023-01-25 21:00:00,89.16
2023-01-25 22:10:00,92.91
2023-01-25 23:20:00,96.7
2023-01-26 00:40:00,102.75
2023-01-26 01:50:00,105.64
2023-01-26 03:00:00,107.51
2023-01-26 04:10:00,107.98
2023-01-26 05:20:00,108.61
2023-01-26 06:30:00,109.04
2023-01-26 07:40:00,109.08
2023-01-26 08:50:00,109.08
2023-01-26 10:00:00,109.08
2023-01-26 11:10:00,108.8
2023-01-26 12:20:00,106.63
2023-01-26 13:30:00,103.75
2023-01-26 14:40:00,99.39
2023-01-26 15:50:00,95.59
2023-01-26 17:00:00,93.46
2023-01-26 18:10:00,93.07
2023-01-26 19:20:00,93.07
2023-01-26 20:30:00,93.07
2023-01-26 21:40:00,93.07
2023-01-26 22:50:00,93.19
2023-01-27 00:10:00,94.57
2023-01-27 01:20:00,96.66
2023-01-27 02:30:00,100.06
2023-01-27 03:40:00,104.42
2023-01-27 04:50:00,108.25
2023-01-27 06:00:00,112.69
2023-01-27 07:10:00,116.56
2023-01-27 08:20:00,119.76
2023-01-27 09:30:00,120.2
2023-01-27 10:40:00,116.25
2023-01-27 11:50:00,102.64
2023-01-27 13:00:00,82.65
2023-01-27 14:10:00,63.13
2023-01-27 15:20:00,48.99
2023-01-27 16:30:00,42.38
2023-01-27 17:40:00,42.23
2023-01-27 18:50:00,45.99
2023-01-27 20:00:00,52.99
2023-01-27 21:10:00,61.4
2023-01-27 22:20:00,69.99
2023-01-27 23:30:00,78.49
2023-01-28 00:50:00,85.27
2023-01-28 02:00:00,91.08
2023-01-28 03:10:00,95.39
2023-01-28 04:20:00,99.61
2023-01-28 05:30:00,104.31
2023-01-28 06:40:00,108.14
2023-01-28 07:50:00,112.21
2023-01-28 09:00:00,113.48
2023-01-28 10:10:00,112.06
2023-01-28 11:20:00,101.94
2023-01-28 12:30:00,83.59
2023-01-28 13:40:00,65.56
2023-01-28 14:50:00,51.32
2023-01-28 16:00:00,42.99
2023-01-28 17:10:00,41.05
2023-01-28 18:20:00,42.16
2023-01-28 19:30:00,46.36
2023-01-28 20:40:00,54.4
2023-01-28 21:50:00,63.73
2023-01-28 23:00:00,73.23
2023-01-29 00:20:00,81.57
2023-01-29 01:30:00,88.37
2023-01-29 02:40:00,94.49
2023-01-29 03:50:00,100.49
2023-01-29 05:00:00,105.15
2023-01-29 06:10:00,110.52
2023-01-29 07:20:00,114.76
2023-01-29 08:30:00,117.36
2023-01-29 09:40:00,117.4
2023-01-29 10:50:00,112.1
2023-01-29 12:00:00,95.18
2023-01-29 13:10:00,74.73
2023-01-29 14:20:00,56.07
2023-01-29 15:30:00,42.07
2023-01-29 16:40:00,35.77
2023-01-29 17:50:00,34.89
2023-01-29 19:00:00,38.1
2023-01-29 20:10:00,45.46
2023-01-29 21:20:00,54.67
2023-01-29 22:30:00,64.52
2023-01-29 23:40:00,73.52
2023-01-30 01:10:00,83.88
2023-01-30 02:20:00,90.84
2023-01-30 03:30:00,97.2
2023-01-30 04:40:00,102.22
2023-01-30 05:50:00,106.29
2023-01-30 07:00:00,110.56
2023-01-30 08:10:00,113.65
2023-01-30 09:20:00,113.96
2023-01-30 10:30:00,109.64
2023-01-30 11:40:00,93.66
2023-01-30 12:50:00,70.55
2023-01-30 14:00:00,48.18
2023-01-30 15:10:00,29.44
2023-01-30 16:20:00,17.66
2023-01-30 17:30:00,14.26
2023-01-30 18:40:00,16.44
2023-01-30 19:50:00,23.13
2023-01-30 21:00:00,33.04
2023-01-30 22:10:00,43.42
2023-01-30 23:20:00,52.39
2023-01-31 00:40:00,61.45
2023-01-31 01:50:00,68.56
2023-01-31 03:00:00,74.53
2023-01-31 04:10:00,79.86
2023-01-31 05:20:00,84.77
2023-01-31 06:30:00,89.25
2023-01-31 07:40:00,92.73
2023-01-31 08:50:00,93.6
2023-01-31 10:00:00,91.98
2023-01-31 11:10:00,82.79
2023-01-31 12:20:00,64.53
2023-01-31 13:30:00,44.09
2023-01-31 14:40:00,27.16
2023-01-31 15:50:00,14.79
2023-01-31 17:00:00,10.24
2023-01-31 18:10:00,10.6
2023-01-31 19:20:00,15.35
2023-01-31 20:30:00,23.27
2023-01-31 21:40:00,32.29
2023-01-31 22:50:00,40.32
2023-02-01 00:10:00,50.32
2023-02-01 01:20:00,58.15
2023-02-01 02:30:00,64.91
2023-02-01 03:40:00,70.4
2023-02-01 04:50:00,74.9
2023-02-01 06:00:00,79.1
2023-02-01 07:10:00,82.42
2023-02-01 08:20:00,83.29
2023-02-01 09:30:00,83.29
2023-02-01 10:40:00,83.25
2023-02-01 11:50:00,80.44
2023-02-01 13:00:00,77.45
2023-02-01 14:10:00,71.95
2023-02-01 15:20:00,66.73
2023-02-01 16:30:00,62.72
2023-02-01 17:40:00,61.81
2023-02-01 18:50:00,61.57
2023-02-01 20:00:00,61.57
2023-02-01 21:10:00,61.57
2023-02-01 22:20:00,61.57
2023-02-01 23:30:00,61.57
2023-02-02 00:50:00,61.37
2023-02-02 02:00:00,60.66
2023-02-02 03:10:00,60.23
2023-02-02 04:20:00,60.15
2023-02-02 05:30:00,60.15
2023-02-02 06:40:00,60.15
2023-02-02 07:50:00,60.16
2023-02-02 09:00:00,60.19
2023-02-02 10:10:00,60.19
2023-02-02 11:20:00,60.19
2023-02-02 12:30:00,60.19
2023-02-02 13:40:00,60.19
2023-02-02 14:50:00,60.19
2023-02-02 16:00:00,60.19
2023-02-02 17:10:00,60.15
2023-02-02 18:20:00,60.15
2023-02-02 19:30:00,60.39
2023-02-02 20:40:00,62.49
2023-02-02 21:50:00,64.86
2023-02-02 23:00:00,69.13
2023-02-03 00:20:00,73.72
2023-02-03 01:30:00,76.24
2023-02-03 02:40:00,77.86
2023-02-03 03:50:00,78.93
2023-02-03 05:00:00,79.05
2023-02-03 06:10:00,79.09
2023-02-03 07:20:00,81.47
2023-02-03 08:30:00,83.41
2023-02-03 09:40:00,83.64
2023-02-03 10:50:00,82.33
2023-02-03 12:00:00,79.87
2023-02-03 13:10:00,70.75
2023-02-03 14:20:00,52.59
2023-02-03 15:30:00,39.48
2023-02-03 16:40:00,32.71
2023-02-03 17:50:00,31.84
2023-02-03 19:00:00,33.97
2023-02-03 20:10:00,38.42
2023-02-03 21:20:00,45.03
2023-02-03 22:30:00,53.06
2023-02-03 23:40:00,59.5
2023-02-04 01:00:00,63.74
2023-02-04 02:10:00,66.42
2023-02-04 03:20:00,67.6
2023-02-04 04:30:00,67.83
2023-02-04 05:40:00,69.17
2023-02-04 06:50:00,70.4
2023-02-04 08:00:00,70.95
2023-02-04 09:10:00,70.95
2023-02-04 10:20:00,70.95
2023-02-04 11:30:00,70.95
2023-02-04 12:40:00,70.91
2023-02-04 13:50:00,70.92
2023-02-04 15:00:00,70.92
2023-02-04 16:10:00,70.95
2023-02-04 17:20:00,70.35
2023-02-04 18:30:00,69.96
2023-02-04 19:40:00,69.96
2023-02-04 20:50:00,70
2023-02-04 22:00:00,71.15
2023-02-04 23:10:00,74.15
2023-02-05 00:30:00,79.58
2023-02-05 01:40:00,83.69
2023-02-05 02:50:00,87.53
2023-02-05 04:00:00,91.44
2023-02-05 05:10:00,95.15
2023-02-05 06:20:00,98.82
2023-02-05 07:30:00,101.91
2023-02-05 08:40:00,102.9
2023-02-05 09:50:00,102.86
2023-02-05 11:00:00,99.2
2023-02-05 12:10:00,96.14
2023-02-05 13:20:00,90.09
2023-02-05 14:30:00,79.22
2023-02-05 15:40:00,68.27
2023-02-05 16:50:00,60.31
2023-02-05 18:00:00,58.88
2023-02-05 19:10:00,59.39
2023-02-05 20:20:00,62.28
2023-02-05 21:30:00,66.39
2023-02-05 22:40:00,71.85
2023-02-05 23:50:00,78.09
2023-02-06 01:20:00,85.44
2023-02-06 02:30:00,90.4
2023-02-06 03:40:00,94.78
2023-02-06 04:50:00,98.61
2023-02-06 06:00:00,101.66
2023-02-06 07:10:00,104.5
2023-02-06 08:20:00,105.78
2023-02-06 09:30:00,105.81
2023-02-06 10:40:00,101.54
2023-02-06 11:50:00,84.03
2023-02-06 13:00:00,64.09
2023-02-06 14:10:00,54.51
2023-02-06 15:20:00,42.7
2023-02-06 16:30:00,34.16
2023-02-06 17:40:00,33.12
2023-02-06 18:50:00,35.19
2023-02-06 20:00:00,39.56
2023-02-06 21:10:00,45.86
2023-02-06 22:20:00,52.66
2023-02-06 23:30:00,59.63
2023-02-07 00:50:00,66.67
2023-02-07 02:00:00,72.49
2023-02-07 03:10:00,77.66
2023-02-07 04:20:00,81.18
2023-02-07 05:30:00,83.55
2023-02-07 06:40:00,84.79
2023-02-07 07:50:00,85.33
2023-02-07 09:00:00,85.33
2023-02-07 10:10:00,85.3
2023-02-07 11:20:00,83.87
2023-02-07 12:30:00,79.08
2023-02-07 13:40:00,69.93
2023-02-07 14:50:00,65.06
2023-02-07 16:00:00,62.52
2023-02-07 17:10:00,61.49
2023-02-07 18:20:00,61.49
2023-02-07 19:30:00,61.49
2023-02-07 20:40:00,61.65
2023-02-07 21:50:00,62.24
2023-02-07 23:00:00,63.23
2023-02-08 00:20:00,64.85
2023-02-08 01:30:00,65.92
2023-02-08 02:40:00,67.23
2023-02-08 03:50:00,68.73
2023-02-08 05:00:00,69.88
2023-02-08 06:10:00,70.83
2023-02-08 07:20:00,71.86
2023-02-08 08:30:00,72.13
2023-02-08 09:40:00,72.29
2023-02-08 10:50:00,72.33
2023-02-08 12:00:00,71.06
2023-02-08 13:10:00,67.72
2023-02-08 14:20:00,63.85
2023-02-08 15:30:00,62.54
2023-02-08 16:40:00,61.87
2023-02-08 17:50:00,61.87
2023-02-08 19:00:00,61.91
2023-02-08 20:10:00,62.18
2023-02-08 21:20:00,62.34
2023-02-08 22:30:00,62.78
2023-02-08 23:40:00,62.98
2023-02-09 01:00:00,63.73
2023-02-09 02:10:00,64.44
2023-02-09 03:20:00,65.19
2023-02-09 04:30:00,66.11
2023-02-09 05:40:00,67.77
2023-02-09 06:50:00,70.63
2023-02-09 08:00:00,71.77
2023-02-09 09:10:00,72.17
2023-02-09 10:20:00,72.21
2023-02-09 11:30:00,72.17
2023-02-09 12:40:00,70.9
2023-02-09 13:50:00,70.54
2023-02-09 15:00:00,64.16
2023-02-09 16:10:00,55.8
2023-02-09 17:20:00,52.7
2023-02-09 18:30:00,52.63
2023-02-09 19:40:00,53.26
2023-02-09 20:50:00,54.73
2023-02-09 22:00:00,57.19
2023-02-09 23:10:00,60.7
2023-02-10 00:30:00,63.08
2023-02-10 01:40:00,64.86
2023-02-10 02:50:00,66.56
2023-02-10 04:00:00,68.93
2023-02-10 05:10:00,71.03
2023-02-10 06:20:00,72.37
2023-02-10 07:30:00,73.45
2023-02-10 08:40:00,73.49
2023-02-10 09:50:00,73.49
2023-02-10 11:00:00,72.93
2023-02-10 12:10:00,69.16
2023-02-10 13:20:00,63.42
2023-02-10 14:30:00,48.3
2023-02-10 15:40:00,38.03
2023-02-10 16:50:00,35.02
2023-02-10 18:00:00,34.95
2023-02-10 19:10:00,35.7
2023-02-10 20:20:00,37
2023-02-10 21:30:00,38.43
2023-02-10 22:40:00,39.46
2023-02-10 23:50:00,42.18
2023-02-11 01:10:00,45.62
2023-02-11 02:20:00,48.27
2023-02-11 03:30:00,51.28
2023-02-11 04:40:00,54.24
2023-02-11 05:50:00,57.09
2023-02-11 07:00:00,58.79
2023-02-11 08:10:00,59.19
2023-02-11 09:20:00,59.31
2023-02-11 10:30:00,59.31
2023-02-11 11:40:00,58.04
2023-02-11 12:50:00,54.63
2023-02-11 14:00:00,46.42
2023-02-11 15:10:00,32.89
2023-02-11 16:20:00,23.33
2023-02-11 17:30:00,21.87
2023-02-11 18:40:00,22.19
2023-02-11 19:50:00,24.37
2023-02-11 21:00:00,25.99
2023-02-11 22:10:00,28.75
2023-02-11 23:20:00,32.78
2023-02-12 00:40:00,36.9
2023-02-12 01:50:00,38.84
2023-02-12 03:00:00,39.9
2023-02-12 04:10:00,41.4
2023-02-12 05:20:00,43.31
2023-02-12 06:30:00,45.29
2023-02-12 07:40:00,46.71
2023-02-12 08:50:00,47.74
2023-02-12 10:00:00,48.1
2023-02-12 11:10:00,48.1
2023-02-12 12:20:00,48.1
2023-02-12 13:30:00,48.02
2023-02-12 14:40:00,48.1
2023-02-12 15:50:00,52.03
2023-02-12 17:00:00,56.64
2023-02-12 18:10:00,59.88
2023-02-12 19:20:00,63.64
2023-02-12 20:30:00,66.45
2023-02-12 21:40:00,67.67
2023-02-12 22:50:00,68.35
2023-02-13 00:10:00,69.34
2023-02-13 01:20:00,69.97
2023-02-13 02:30:00,70.56
2023-02-13 03:40:00,70.79
2023-02-13 04:50:00,71.11
2023-02-13 06:00:00,71.59
2023-02-13 07:10:00,71.87
2023-02-13 08:20:00,73.57
2023-02-13 09:30:00,74.52
2023-02-13 10:40:00,74.63
2023-02-13 11:50:00,74.63
2023-02-13 13:00:00,74.59
2023-02-13 14:10:00,74.51
2023-02-13 15:20:00,74.51
2023-02-13 16:30:00,74.51
2023-02-13 17:40:00,74.63
2023-02-13 18:50:00,76.61
2023-02-13 20:00:00,79.06
2023-02-13 21:10:00,80.92
2023-02-13 22:20:00,82.5
2023-02-13 23:30:00,84.01
2023-02-14 00:50:00,85.08
2023-02-14 02:00:00,85.79
2023-02-14 03:10:00,87.09
2023-02-14 04:20:00,88.08
2023-02-14 05:30:00,88.9
2023-02-14 06:40:00,89.77
2023-02-14 07:50:00,90.56
2023-02-14 09:00:00,91
2023-02-14 10:10:00,91.16
2023-02-14 11:20:00,91.16
2023-02-14 12:30:00,91.16
2023-02-14 13:40:00,91.12
2023-02-14 14:50:00,90.36
2023-02-14 16:00:00,89.45
2023-02-14 17:10:00,88.06
2023-02-14 18:20:00,87.47
2023-02-14 19:30:00,87.39
2023-02-14 20:40:00,87.39
2023-02-14 21:50:00,87.55
2023-02-14 23:00:00,87.99
2023-02-15 00:20:00,88.54
2023-02-15 01:30:00,89.09
2023-02-15 02:40:00,89.49
2023-02-15 03:50:00,89.81
2023-02-15 05:00:00,90.2
2023-02-15 06:10:00,90.36
2023-02-15 07:20:00,90.48
2023-02-15 08:30:00,90.48
2023-02-15 09:40:00,90.48
2023-02-15 10:50:00,89.69
2023-02-15 12:00:00,87.39
2023-02-15 13:10:00,82.95
2023-02-15 14:20:00,79.93
2023-02-15 15:30:00,74.04
2023-02-15 16:40:00,69.21
2023-02-15 17:50:00,68.21
2023-02-15 19:00:00,68.14
2023-02-15 20:10:00,68.46
2023-02-15 21:20:00,68.97
2023-02-15 22:30:00,69.89
2023-02-15 23:40:00,70.83
2023-02-16 01:00:00,71.9
2023-02-16 02:10:00,73.11
2023-02-16 03:20:00,74.97
2023-02-16 04:30:00,76.23
2023-02-16 05:40:00,77.62
2023-02-16 06:50:00,78.73
2023-02-16 08:00:00,79.36
2023-02-16 09:10:00,79.52
2023-02-16 10:20:00,79.6
2023-02-16 11:30:00,79.56
2023-02-16 12:40:00,79.04
2023-02-16 13:50:00,78.96
2023-02-16 15:00:00,77.57
2023-02-16 16:10:00,75.03
2023-02-16 17:20:00,72.46
2023-02-16 18:30:00,72.06
2023-02-16 19:40:00,72.38
2023-02-16 20:50:00,74.04
2023-02-16 22:00:00,76.49
2023-02-16 23:10:00,80.93
2023-02-17 00:30:00,87.34
2023-02-17 01:40:00,91.52
2023-02-17 02:50:00,93.07
2023-02-17 04:00:00,93.7
2023-02-17 05:10:00,94.22
2023-02-17 06:20:00,95.29
2023-02-17 07:30:00,95.4
2023-02-17 08:40:00,95.4
2023-02-17 09:50:00,95.37
2023-02-17 11:00:00,93.35
2023-02-17 12:10:00,88.78
2023-02-17 13:20:00,80.89
2023-02-17 14:30:00,72.25
2023-02-17 15:40:00,65.51
2023-02-17 16:50:00,61.66
2023-02-17 18:00:00,60.56
2023-02-17 19:10:00,60.32
2023-02-17 20:20:00,60.36
2023-02-17 21:30:00,60.56
2023-02-17 22:40:00,60.68
2023-02-17 23:50:00,61.19
2023-02-18 01:10:00,62.02
2023-02-18 02:20:00,62.73
2023-02-18 03:30:00,63.36
2023-02-18 04:40:00,64
2023-02-18 05:50:00,64.55
2023-02-18 07:00:00,65.15
2023-02-18 08:10:00,65.5
2023-02-18 09:20:00,65.63
2023-02-18 10:30:00,65.63
2023-02-18 11:40:00,65.54
2023-02-18 12:50:00,63.56
2023-02-18 14:00:00,61.02
2023-02-18 15:10:00,59.83
2023-02-18 16:20:00,59.76
2023-02-18 17:30:00,59.6
2023-02-18 18:40:00,59.72
2023-02-18 19:50:00,60.55
2023-02-18 21:00:00,61.45
2023-02-18 22:10:00,62.2
2023-02-18 23:20:00,62.88
2023-02-19 00:40:00,63.48
2023-02-19 01:50:00,64.15
2023-02-19 03:00:00,64.98
2023-02-19 04:10:00,66.04
2023-02-19 05:20:00,66.6
2023-02-19 06:30:00,67.11
2023-02-19 07:40:00,67.43
2023-02-19 08:50:00,67.47
2023-02-19 10:00:00,67.47
2023-02-19 11:10:00,67.47
2023-02-19 12:20:00,67.39
2023-02-19 13:30:00,66.72
2023-02-19 14:40:00,64.62
2023-02-19 15:50:00,59.7
2023-02-19 17:00:00,56.81
2023-02-19 18:10:00,56.25
2023-02-19 19:20:00,56.21
2023-02-19 20:30:00,56.3
2023-02-19 21:40:00,56.85
2023-02-19 22:50:00,57.56
2023-02-20 00:10:00,58.51
2023-02-20 01:20:00,59.85
2023-02-20 02:30:00,60.76
2023-02-20 03:40:00,62.03
2023-02-20 04:50:00,63.29
2023-02-20 06:00:00,64.32
2023-02-20 07:10:00,65.11
2023-02-20 08:20:00,65.24
2023-02-20 09:30:00,65.39
2023-02-20 10:40:00,65.63
2023-02-20 11:50:00,65.7
2023-02-20 13:00:00,65.74
2023-02-20 14:10:00,65.74
2023-02-20 15:20:00,65.46
2023-02-20 16:30:00,65.38
2023-02-20 17:40:00,65.38
2023-02-20 18:50:00,65.38
2023-02-20 20:00:00,65.47
2023-02-20 21:10:00,66.02
2023-02-20 22:20:00,67.8
2023-02-20 23:30:00,69.82
2023-02-21 00:50:00,71.84
2023-02-21 02:00:00,73.77
2023-02-21 03:10:00,76.7
2023-02-21 04:20:00,79.95
2023-02-21 05:30:00,83.07
2023-02-21 06:40:00,85.87
2023-02-21 07:50:00,87.85
2023-02-21 09:00:00,88.61
2023-02-21 10:10:00,89
2023-02-21 11:20:00,89.04
2023-02-21 12:30:00,89.03
2023-02-21 13:50:00,88.92
2023-02-21 15:00:00,88.32
2023-02-21 16:10:00,87.85
2023-02-21 17:20:00,87.69
2023-02-21 18:30:00,87.69
2023-02-21 19:40:00,87.69
2023-02-21 20:50:00,87.69
2023-02-21 22:00:00,88.12
2023-02-21 23:10:00,89.15
2023-02-22 00:30:00,91.06
2023-02-22 01:40:00,92.65
2023-02-22 02:50:00,94.38
2023-02-22 04:00:00,95.33
2023-02-22 05:10:00,96.08
2023-02-22 06:20:00,96.95
2023-02-22 07:30:00,97.98
2023-02-22 08:40:00,98.02
2023-02-22 09:50:00,98.02
2023-02-22 11:00:00,95.81
2023-02-22 12:10:00,89.75
2023-02-22 13:20:00,76.53
2023-02-22 14:30:00,64.59
2023-02-22 15:40:00,57.4
2023-02-22 16:50:00,55.45
2023-02-22 18:00:00,55.42
2023-02-22 19:10:00,57.24
2023-02-22 20:20:00,59.29
2023-02-22 21:30:00,60.44
2023-02-22 22:40:00,62.37
2023-02-22 23:50:00,64.98
2023-02-23 01:10:00,69.14
2023-02-23 02:20:00,72.47
2023-02-23 03:30:00,75.27
2023-02-23 04:40:00,77.3
2023-02-23 05:50:00,78.84
2023-02-23 07:00:00,80.38
2023-02-23 08:10:00,82.04
2023-02-23 09:20:00,82.67
2023-02-23 10:30:00,82.79
2023-02-23 11:40:00,82.75
2023-02-23 12:50:00,80.48
2023-02-23 14:00:00,72.08
2023-02-23 15:10:00,59.9
2023-02-23 16:20:00,57.65
2023-02-23 17:30:00,57.69
2023-02-23 18:40:00,58.64
2023-02-23 19:50:00,59.98
2023-02-23 21:00:00,61.37
2023-02-23 22:10:00,62.08
2023-02-23 23:20:00,62.87
2023-02-24 00:40:00,64.57
2023-02-24 01:50:00,65.88
2023-02-24 03:00:00,67.18
2023-02-24 04:10:00,68.64
2023-02-24 05:20:00,70.77
2023-02-24 06:30:00,72.29
2023-02-24 07:40:00,73.43
2023-02-24 08:50:00,73.5
2023-02-24 10:00:00,72.16
2023-02-24 11:10:00,61.95
2023-02-24 12:20:00,36.88
2023-02-24 13:30:00,14.49
2023-02-24 14:40:00,8.78
2023-02-24 15:50:00,7.91
2023-02-24 17:00:00,7.55
2023-02-24 18:10:00,8.86
2023-02-24 19:20:00,16.03
2023-02-24 20:30:00,28.61
2023-02-24 21:40:00,40.87
2023-02-24 22:50:00,51.04
2023-02-25 00:10:00,61.69
2023-02-25 01:20:00,69.53
2023-02-25 02:30:00,77.24
2023-02-25 03:40:00,81.75
2023-02-25 04:50:00,83.16
2023-02-25 06:00:00,85.66
2023-02-25 07:10:00,87.91
2023-02-25 08:20:00,89.29
2023-02-25 09:30:00,89.25
2023-02-25 10:40:00,84.1
2023-02-25 11:50:00,67.42
2023-02-25 13:00:00,50.15
2023-02-25 14:10:00,34.82
2023-02-25 15:20:00,22.72
2023-02-25 16:30:00,15.97
2023-02-25 17:40:00,13.56
2023-02-25 18:50:00,15.7
2023-02-25 20:00:00,20.06
2023-02-25 21:10:00,26.08
2023-02-25 22:20:00,33.64
2023-02-25 23:30:00,41.75
2023-02-26 00:50:00,51.44
2023-02-26 02:00:00,59.46
2023-02-26 03:10:00,66.58
2023-02-26 04:20:00,73.17
2023-02-26 05:30:00,78.72
2023-02-26 06:40:00,83.5
2023-02-26 07:50:00,87.26
2023-02-26 09:00:00,87.73
2023-02-26 10:10:00,84.44
2023-02-26 11:20:00,67.81
2023-02-26 12:30:00,45.5
2023-02-26 13:40:00,23.78
2023-02-26 14:50:00,8.72
2023-02-26 16:00:00,2.74
2023-02-26 17:10:00,0.75
2023-02-26 18:20:00,3.05
2023-02-26 19:30:00,10.18
2023-02-26 20:40:00,22.39
2023-02-26 21:50:00,33.98
2023-02-26 23:00:00,44.55
2023-02-27 00:20:00,56.9
2023-02-27 01:40:00,66.54
2023-02-27 02:50:00,74.57
2023-02-27 04:00:00,81.65
2023-02-27 05:10:00,86.08
2023-02-27 06:20:00,89.09
2023-02-27 07:30:00,90.75
2023-02-27 08:40:00,91.18
2023-02-27 09:50:00,89.4
2023-02-27 11:00:00,75.93
2023-02-27 12:10:00,59.64
2023-02-27 13:20:00,46.71
2023-02-27 14:30:00,31.69
2023-02-27 15:40:00,24.99
2023-02-27 16:50:00,23.65
2023-02-27 18:00:00,24.2
2023-02-27 19:10:00,26.1
2023-02-27 20:20:00,28.47
2023-02-27 21:30:00,31.55
2023-02-27 22:40:00,34.44
2023-02-27 23:50:00,38.91
2023-02-28 01:10:00,43.81
2023-02-28 02:20:00,48.4
2023-02-28 03:30:00,52.12
2023-02-28 04:40:00,56.4
2023-02-28 05:50:00,60.91
2023-02-28 07:00:00,65.34
2023-02-28 08:10:00,68.35
2023-02-28 09:20:00,70.8
2023-02-28 10:30:00,71
2023-02-28 11:40:00,70.84
2023-02-28 12:50:00,67.67
2023-02-28 14:00:00,61.68
2023-02-28 15:10:00,56.5
2023-02-28 16:20:00,53.53
2023-02-28 17:30:00,52.66
2023-02-28 18:40:00,52.38
2023-02-28 19:50:00,52.74
2023-02-28 21:00:00,53.49
2023-02-28 22:10:00,54.6
2023-02-28 23:20:00,55.74
2023-03-01 00:40:00,57.69
2023-03-01 01:50:00,59.94
2023-03-01 03:00:00,61.8
2023-03-01 04:10:00,64.1
2023-03-01 05:20:00,67.27
2023-03-01 06:30:00,69.49
2023-03-01 07:40:00,71.19
2023-03-01 08:50:00,71.94
2023-03-01 10:00:00,72.53
2023-03-01 11:10:00,72.49
2023-03-01 12:20:00,72.13
2023-03-01 13:30:00,71.5
2023-03-01 14:40:00,71.34
2023-03-01 15:50:00,71.1
2023-03-01 17:00:00,70.99
2023-03-01 18:10:00,70.99
2023-03-01 19:20:00,71.22
2023-03-01 20:30:00,72.01
2023-03-01 21:40:00,72.61
2023-03-01 22:50:00,73.25
2023-03-02 00:10:00,74.35
2023-03-02 01:20:00,75.3
2023-03-02 02:30:00,76.29
2023-03-02 03:40:00,77.16
2023-03-02 04:50:00,78.11
2023-03-02 06:00:00,79.18
2023-03-02 07:10:00,80.01
2023-03-02 08:20:00,80.09
2023-03-02 09:30:00,80.09
2023-03-02 10:40:00,79.37
2023-03-02 11:50:00,75.64
2023-03-02 13:00:00,71.22
2023-03-02 14:10:00,62.23
2023-03-02 15:20:00,54.22
2023-03-02 16:30:00,49.57
2023-03-02 17:40:00,48.06
2023-03-02 18:50:00,48.02
2023-03-02 20:00:00,48.57
2023-03-02 21:10:00,50.24
2023-03-02 22:20:00,51.99
2023-03-02 23:30:00,55.66
2023-03-03 00:50:00,59.26
2023-03-03 02:00:00,63.09
2023-03-03 03:10:00,66.69
2023-03-03 04:20:00,70.09
2023-03-03 05:30:00,73.53
2023-03-03 06:40:00,76.5
2023-03-03 07:50:00,78.36
2023-03-03 09:00:00,78.44
2023-03-03 10:10:00,77.77
2023-03-03 11:20:00,68.82
2023-03-03 12:30:00,46.15
2023-03-03 13:40:00,24.1
2023-03-03 14:50:00,11.45
2023-03-03 16:00:00,2.66
2023-03-03 17:10:00,0.52
2023-03-03 18:20:00,1.95
2023-03-03 19:30:00,7.3
2023-03-03 20:40:00,16.41
2023-03-03 21:50:00,26.83
2023-03-03 23:00:00,36.84
2023-03-04 00:20:00,47.32
2023-03-04 01:30:00,55.4
2023-03-04 02:40:00,62.19
2023-03-04 03:50:00,67.77
2023-03-04 05:00:00,72.51
2023-03-04 06:10:00,77.78
2023-03-04 07:20:00,81.89
2023-03-04 08:30:00,83.04
2023-03-04 09:40:00,82.25
2023-03-04 10:50:00,78.13
2023-03-04 12:00:00,57.35
2023-03-04 13:10:00,33.5
2023-03-04 14:20:00,9.25
2023-03-04 15:30:00,-6.99
2023-03-04 16:40:00,-11.55
2023-03-04 17:50:00,-11.71
2023-03-04 19:00:00,-7.47
2023-03-04 20:10:00,4.21
2023-03-04 21:20:00,17.19
2023-03-04 22:30:00,29.67
2023-03-04 23:40:00,40.98
2023-03-05 01:00:00,52.82
2023-03-05 02:10:00,61.55
2023-03-05 03:20:00,69.85
2023-03-05 04:30:00,76.1
2023-03-05 05:40:00,79.35
2023-03-05 06:50:00,81.25
2023-03-05 08:00:00,82.95
2023-03-05 09:10:00,82.72
2023-03-05 10:20:00,74.18
2023-03-05 11:30:00,52.03
2023-03-05 12:40:00,26.01
2023-03-05 13:50:00,2.8
2023-03-05 15:00:00,-3.5
2023-03-05 16:10:00,-8.29
2023-03-05 17:20:00,-10.43
2023-03-05 18:30:00,-8.48
2023-03-05 19:40:00,-0.41
2023-03-05 20:50:00,12.77
2023-03-05 22:00:00,24.53
2023-03-05 23:10:00,34.46
2023-03-06 00:30:00,43.01
2023-03-06 01:50:00,46.52
2023-03-06 03:00:00,50.86
2023-03-06 04:10:00,54.78
2023-03-06 05:20:00,58.25
2023-03-06 06:30:00,61.27
2023-03-06 07:40:00,63.14
2023-03-06 08:50:00,63.33
2023-03-06 10:00:00,63.33
2023-03-06 11:10:00,60.4
2023-03-06 12:20:00,58.42
2023-03-06 13:30:00,56.99
2023-03-06 14:40:00,59.3
2023-03-06 15:50:00,62.04
2023-03-06 17:00:00,64.13
2023-03-06 18:10:00,65.99
2023-03-06 19:20:00,67.22
2023-03-06 20:30:00,68.13
2023-03-06 21:40:00,68.6
2023-03-06 22:50:00,69.43
2023-03-07 00:10:00,70.78
2023-03-07 01:20:00,71.73
2023-03-07 02:30:00,73.04
2023-03-07 03:40:00,73.43
2023-03-07 04:50:00,73.9
2023-03-07 06:00:00,74.5
2023-03-07 07:10:00,75.05
2023-03-07 08:20:00,75.21
2023-03-07 09:30:00,75.21
2023-03-07 10:40:00,74.61
2023-03-07 11:50:00,72.59
2023-03-07 13:00:00,63.8
2023-03-07 14:10:00,55.09
2023-03-07 15:20:00,49.34
2023-03-07 16:30:00,45.85
2023-03-07 17:40:00,45.57
2023-03-07 18:50:00,46.64
2023-03-07 20:00:00,47.87
2023-03-07 21:10:00,49.29
2023-03-07 22:20:00,50.51
2023-03-07 23:30:00,52.17
2023-03-08 00:50:00,53.76
2023-03-08 02:00:00,54.94
2023-03-08 03:10:00,56
2023-03-08 04:20:00,57.11
2023-03-08 05:30:00,57.47
2023-03-08 06:40:00,58.02
2023-03-08 07:50:00,58.3
2023-03-08 09:00:00,58.34
2023-03-08 10:10:00,55.88
2023-03-08 11:20:00,50.42
2023-03-08 12:30:00,37.39
2023-03-08 13:40:00,26.88
2023-03-08 14:50:00,20.58
2023-03-08 16:00:00,17.21
2023-03-08 17:10:00,14.87
2023-03-08 18:20:00,15.26
2023-03-08 19:30:00,17.52
2023-03-08 20:40:00,19.7
2023-03-08 21:50:00,25.45
2023-03-08 23:00:00,33.13
2023-03-09 00:20:00,41.81
2023-03-09 01:30:00,48.86
2023-03-09 02:40:00,53
2023-03-09 03:50:00,56.32
2023-03-09 05:00:00,58.81
2023-03-09 06:10:00,60.54
2023-03-09 07:20:00,62.53
2023-03-09 08:30:00,62.93
2023-03-09 09:40:00,60.39
2023-03-09 10:50:00,48.12
2023-03-09 12:00:00,24.38
2023-03-09 13:10:00,0.25
2023-03-09 14:20:00,-4.39
2023-03-09 15:30:00,-9.67
2023-03-09 16:40:00,-12.92
2023-03-09 17:50:00,-13.19
2023-03-09 19:00:00,-10.27
2023-03-09 20:10:00,-0.24
2023-03-09 21:20:00,12.38
2023-03-09 22:30:00,24.53
2023-03-09 23:40:00,33.74
2023-03-10 01:00:00,42.05
2023-03-10 02:10:00,44.22
2023-03-10 03:20:00,47.27
2023-03-10 04:30:00,50.08
2023-03-10 05:40:00,51.51
2023-03-10 06:50:00,53.57
2023-03-10 08:00:00,55.98
2023-03-10 09:10:00,57.37
2023-03-10 11:00:00,59.62
2023-03-10 12:10:00,59.82
2023-03-10 13:20:00,59.82
2023-03-10 14:30:00,60.1
2023-03-10 15:40:00,60.14
2023-03-10 16:50:00,60.06
2023-03-10 18:00:00,58.35
2023-03-10 19:10:00,58.2
2023-03-10 20:20:00,59.23
2023-03-10 21:30:00,61.87
2023-03-10 22:40:00,65.55
2023-03-10 23:50:00,68
2023-03-11 01:10:00,70.37
2023-03-11 02:20:00,72.22
2023-03-11 03:30:00,73.6
2023-03-11 04:40:00,74.74
2023-03-11 05:50:00,75.69
2023-03-11 07:00:00,76.4
2023-03-11 08:10:00,76.52
2023-03-11 09:20:00,76.04
2023-03-11 10:30:00,70.62
2023-03-11 11:40:00,52.07
2023-03-11 12:50:00,33.41
2023-03-11 14:00:00,11.76
2023-03-11 15:10:00,-2.28
2023-03-11 16:20:00,-8.32
2023-03-11 17:30:00,-10.35
2023-03-11 18:40:00,-9.99
2023-03-11 19:50:00,-4.05
2023-03-11 21:00:00,5.38
2023-03-11 22:10:00,14.88
2023-03-11 23:20:00,20.9
2023-03-12 00:40:00,26.59
2023-03-12 01:50:00,29.36
2023-03-12 03:00:00,35.42
2023-03-12 04:10:00,40.47
2023-03-12 05:20:00,44.83
2023-03-12 06:30:00,54.86
2023-03-12 07:40:00,62.32
2023-03-12 08:50:00,66.35
2023-03-12 10:00:00,68.24
2023-03-12 11:10:00,68.72
2023-03-12 12:20:00,68.64
2023-03-12 13:30:00,66.46
2023-03-12 14:40:00,63.44
2023-03-12 15:50:00,57.62
2023-03-12 17:00:00,52.56
2023-03-12 18:10:00,51.33
2023-03-12 19:20:00,52.6
2023-03-12 20:30:00,57.43
2023-03-12 21:40:00,63.38
2023-03-12 22:50:00,69.48
2023-03-13 00:10:00,74.19
2023-03-13 01:20:00,75.33
2023-03-13 02:30:00,75.76
2023-03-13 03:40:00,76.68
2023-03-13 04:50:00,77.58
2023-03-13 06:00:00,78.76
2023-03-13 07:10:00,80.51
2023-03-13 08:20:00,80.7
2023-03-13 09:30:00,80.11
2023-03-13 10:40:00,70.56
2023-03-13 11:50:00,51.22
2023-03-13 13:00:00,28.41
2023-03-13 14:10:00,14.09
2023-03-13 15:20:00,9.04
2023-03-13 16:30:00,5.59
2023-03-13 17:40:00,4.28
2023-03-13 18:50:00,6.19
2023-03-13 20:00:00,13.75
2023-03-13 21:10:00,25.98
2023-03-13 22:20:00,36.19
2023-03-13 23:30:00,46.4
2023-03-14 00:50:00,57.04
2023-03-14 02:00:00,64.46
2023-03-14 03:10:00,71.15
2023-03-14 04:20:00,76.86
2023-03-14 05:30:00,81.89
2023-03-14 06:40:00,86.42
2023-03-14 07:50:00,88.67
2023-03-14 09:00:00,87.37
2023-03-14 10:10:00,76.78
2023-03-14 11:20:00,52.58
2023-03-14 12:30:00,24.36
2023-03-14 13:40:00,6.81
2023-03-14 14:50:00,1.54
2023-03-14 16:00:00,-5.92
2023-03-14 17:10:00,-9.96
2023-03-14 18:20:00,-9.36
2023-03-14 19:30:00,-2.5
2023-03-14 20:40:00,10.56
2023-03-14 21:50:00,23.73
2023-03-14 23:00:00,35.59
2023-03-15 00:20:00,41.57
2023-03-15 01:30:00,44.58
2023-03-15 02:40:00,48.65
2023-03-15 03:50:00,54.26
2023-03-15 05:00:00,58.97
2023-03-15 06:10:00,62.86
2023-03-15 07:20:00,66.31
2023-03-15 08:30:00,67.02
2023-03-15 09:40:00,63.28
2023-03-15 10:50:00,44.98
2023-03-15 12:00:00,18.85
2023-03-15 13:10:00,3.2
2023-03-15 14:20:00,-5.04
2023-03-15 15:30:00,-15.68
2023-03-15 16:40:00,-22.83
2023-03-15 17:50:00,-23.74
2023-03-15 19:00:00,-19.5
2023-03-15 20:10:00,-7.84
2023-03-15 21:20:00,4.88
2023-03-15 22:30:00,15.11
2023-03-15 23:40:00,22.88
2023-03-16 01:00:00,27.14
2023-03-16 02:10:00,29.91
2023-03-16 03:20:00,33.55
2023-03-16 04:30:00,38.81
2023-03-16 05:40:00,43.32
2023-03-16 06:50:00,47.08
2023-03-16 08:00:00,49.67
2023-03-16 09:10:00,50.3
2023-03-16 10:20:00,50.3
2023-03-16 11:30:00,51.29
2023-03-16 12:40:00,56.14
2023-03-16 13:50:00,58.87
2023-03-16 15:00:00,61.01
2023-03-16 16:10:00,62.31
2023-03-16 17:20:00,63.11
2023-03-16 18:30:00,63.98
2023-03-16 19:40:00,65.36
2023-03-16 20:50:00,66.47
2023-03-16 22:00:00,66.63
2023-03-16 23:10:00,66.74
2023-03-17 00:30:00,67.34
2023-03-17 01:40:00,68.37
2023-03-17 02:50:00,69.2
2023-03-17 04:00:00,69.96
2023-03-17 05:10:00,70.76
2023-03-17 06:20:00,71.75
2023-03-17 07:30:00,71.99
2023-03-17 08:40:00,71.99
2023-03-17 09:50:00,71.67
2023-03-17 11:00:00,67.63
2023-03-17 12:10:00,59.51
2023-03-17 13:20:00,49.01
2023-03-17 14:30:00,38.91
2023-03-17 15:40:00,28.11
2023-03-17 16:50:00,24.43
2023-03-17 18:00:00,24.23
2023-03-17 19:10:00,25.42
2023-03-17 20:20:00,28.23
2023-03-17 21:30:00,33.74
2023-03-17 22:40:00,41.1
2023-03-17 23:50:00,48.62
2023-03-18 01:10:00,54.36
2023-03-18 02:20:00,59.34
2023-03-18 03:30:00,61.09
2023-03-18 04:40:00,63.18
2023-03-18 05:50:00,66.22
2023-03-18 07:00:00,69.16
2023-03-18 08:10:00,70.55
2023-03-18 09:20:00,71.73
2023-03-18 10:30:00,72.6
2023-03-18 11:40:00,73.28
2023-03-18 12:50:00,73.68
2023-03-18 14:00:00,73.8
2023-03-18 15:10:00,71.34
2023-03-18 16:20:00,69.08
2023-03-18 17:30:00,67.5
2023-03-18 18:40:00,67.15
2023-03-18 19:50:00,67.3
2023-03-18 21:00:00,67.82
2023-03-18 22:10:00,68.25
2023-03-18 23:20:00,68.88
2023-03-19 00:40:00,69.8
2023-03-19 01:50:00,70.7
2023-03-19 03:00:00,71.53
2023-03-19 04:10:00,72.17
2023-03-19 05:20:00,74.43
2023-03-19 06:30:00,77.51
2023-03-19 07:40:00,79.62
2023-03-19 08:50:00,80.69
2023-03-19 10:00:00,81
2023-03-19 11:10:00,81
2023-03-19 12:20:00,78.58
2023-03-19 13:30:00,74.57
2023-03-19 14:40:00,64.55
2023-03-19 15:50:00,55.91
2023-03-19 17:00:00,53.06
2023-03-19 18:10:00,52.78
2023-03-19 19:20:00,53.41
2023-03-19 20:30:00,56.47
2023-03-19 21:40:00,61.16
2023-03-19 22:50:00,66.55
2023-03-20 00:10:00,72.88
2023-03-20 01:30:00,78.67
2023-03-20 02:40:00,83.21
2023-03-20 03:50:00,84.88
2023-03-20 05:00:00,85.11
2023-03-20 06:10:00,85.64
2023-03-20 07:20:00,85.75
2023-03-20 08:30:00,85.75
2023-03-20 09:40:00,83.77
2023-03-20 10:50:00,80.21
2023-03-20 12:00:00,67.97
2023-03-20 13:10:00,43.76
2023-03-20 14:20:00,21.93
2023-03-20 15:30:00,10.05
2023-03-20 16:40:00,8.19
2023-03-20 17:50:00,8.31
2023-03-20 19:00:00,10.33
2023-03-20 20:10:00,16.67
2023-03-20 21:20:00,26.35
2023-03-20 22:30:00,36.41
2023-03-20 23:40:00,44.44
2023-03-21 01:00:00,52.19
2023-03-21 02:10:00,57.52
2023-03-21 03:20:00,62.21
2023-03-21 04:30:00,66.01
2023-03-21 05:40:00,69.49
2023-03-21 06:50:00,71.72
2023-03-21 08:00:00,72.51
2023-03-21 09:10:00,72.47
2023-03-21 10:20:00,59.44
2023-03-21 11:30:00,33.7
2023-03-21 12:40:00,7.77
2023-03-21 13:50:00,-3.11
2023-03-21 15:00:00,-6.12
2023-03-21 16:10:00,-9.02
2023-03-21 17:20:00,-8.7
2023-03-21 18:30:00,-3.51
2023-03-21 19:40:00,6.72
2023-03-21 20:50:00,16.88
2023-03-21 22:00:00,25.7
2023-03-21 23:10:00,34.06
2023-03-22 00:30:00,43.7
2023-03-22 01:40:00,48.21
2023-03-22 02:50:00,50.3
2023-03-22 04:00:00,52.8
2023-03-22 05:10:00,54.93
2023-03-22 06:20:00,56.4
2023-03-22 07:30:00,58.38
2023-03-22 08:40:00,59.08
2023-03-22 09:50:00,59.52
2023-03-22 11:00:00,59.56
2023-03-22 12:10:00,59.56
2023-03-22 13:20:00,59.56
2023-03-22 14:30:00,59.6
2023-03-22 15:40:00,59.6
2023-03-22 16:50:00,59.6
2023-03-22 18:00:00,59.68
2023-03-22 19:10:00,60.51
2023-03-22 20:20:00,61.26
2023-03-22 21:30:00,62.65
2023-03-22 22:40:00,64.91
2023-03-22 23:50:00,65.78
2023-03-23 01:10:00,66.38
2023-03-23 02:20:00,67.05
2023-03-23 03:30:00,67.56
2023-03-23 04:40:00,67.64
2023-03-23 05:50:00,67.64
2023-03-23 07:00:00,67.84
2023-03-23 08:10:00,67.88
2023-03-23 09:20:00,67.88
2023-03-23 10:30:00,67.6
2023-03-23 11:40:00,67.37
2023-03-23 12:50:00,67.45
2023-03-23 14:00:00,67.48
2023-03-23 15:10:00,68.04
2023-03-23 16:20:00,68.28
2023-03-23 17:30:00,68.71
2023-03-23 18:40:00,69.42
2023-03-23 19:50:00,69.62
2023-03-23 21:00:00,71.28
2023-03-23 22:10:00,72.43
2023-03-23 23:20:00,73.09
2023-03-24 00:40:00,73.81
2023-03-24 01:50:00,74.2
2023-03-24 03:00:00,74.72
2023-03-24 04:10:00,75.07
2023-03-24 05:20:00,75.51
2023-03-24 06:30:00,76.55
2023-03-24 07:40:00,78.21
2023-03-24 08:50:00,79.32
2023-03-24 10:00:00,80.08
2023-03-24 11:10:00,80.11
2023-03-24 12:20:00,80.11
2023-03-24 13:30:00,80.11
2023-03-24 14:40:00,80.07
2023-03-24 15:50:00,79.87
2023-03-24 17:00:00,79.87
2023-03-24 18:10:00,79.87
2023-03-24 19:20:00,80.43
2023-03-24 20:30:00,81.26
2023-03-24 21:40:00,81.88
2023-03-24 22:50:00,82.44
2023-03-25 00:10:00,82.95
2023-03-25 01:20:00,83.15
2023-03-25 02:30:00,83.31
2023-03-25 03:40:00,83.43
2023-03-25 04:50:00,83.71
2023-03-25 06:00:00,83.94
2023-03-25 07:10:00,84.11
2023-03-25 08:20:00,84.14
2023-03-25 09:30:00,84.1
2023-03-25 10:40:00,83.35
2023-03-25 11:50:00,81.41
2023-03-25 13:00:00,80.41
2023-03-25 14:10:00,80.14
2023-03-25 15:20:00,79.07
2023-03-25 16:30:00,77.09
2023-03-25 17:40:00,74.75
2023-03-25 18:50:00,74.4
2023-03-25 20:00:00,74.13
2023-03-25 21:10:00,74.13
2023-03-25 22:20:00,74.17
2023-03-25 23:30:00,74.2
2023-03-26 00:50:00,74.64
2023-03-26 02:00:00,75.15
2023-03-26 03:10:00,75.67
2023-03-26 04:20:00,76.27
2023-03-26 05:30:00,76.7
2023-03-26 06:40:00,76.93
2023-03-26 07:50:00,77.13
2023-03-26 09:00:00,77.13
2023-03-26 10:10:00,73.61
2023-03-26 11:20:00,67.58
2023-03-26 12:30:00,59.83
2023-03-26 13:40:00,53.37
2023-03-26 14:50:00,47.7
2023-03-26 16:00:00,43.87
2023-03-26 17:10:00,42.4
2023-03-26 18:20:00,42.2
2023-03-26 19:30:00,42.92
2023-03-26 20:40:00,44.98
2023-03-26 21:50:00,46.96
2023-03-26 23:00:00,50.24
2023-03-27 00:20:00,54.2
2023-03-27 01:30:00,57.64
2023-03-27 02:40:00,61.2
2023-03-27 03:50:00,64.24
2023-03-27 05:00:00,66.61
2023-03-27 06:10:00,68.83
2023-03-27 07:20:00,70.53
2023-03-27 08:30:00,70.73
2023-03-27 09:40:00,67.68
2023-03-27 10:50:00,55.85
2023-03-27 12:00:00,38.46
2023-03-27 13:10:00,19.35
2023-03-27 14:20:00,10.82
2023-03-27 15:30:00,9.24
2023-03-27 16:40:00,9.52
2023-03-27 17:50:00,10.35
2023-03-27 19:00:00,13.43
2023-03-27 20:10:00,19.7
2023-03-27 21:20:00,28.45
2023-03-27 22:30:00,35.86
2023-03-27 23:40:00,42.86
2023-03-28 01:00:00,49.14
2023-03-28 02:10:00,53.21
2023-03-28 03:20:00,56.29
2023-03-28 04:30:00,59.49
2023-03-28 05:40:00,63.8
2023-03-28 06:50:00,67.04
2023-03-28 08:00:00,68.47
2023-03-28 09:10:00,68.74
2023-03-28 10:20:00,68.7
2023-03-28 11:30:00,65.29
2023-03-28 12:40:00,54.67
2023-03-28 13:50:00,38.27
2023-03-28 15:00:00,24.71
2023-03-28 16:10:00,16.78
2023-03-28 17:20:00,15
2023-03-28 18:30:00,15.55
2023-03-28 19:40:00,17.8
2023-03-28 20:50:00,21.29
2023-03-28 22:00:00,25.72
2023-03-28 23:10:00,31.96
2023-03-29 00:30:00,38.25
2023-03-29 01:40:00,43.9
2023-03-29 02:50:00,48.96
2023-03-29 04:00:00,52.21
2023-03-29 05:10:00,55.02
2023-03-29 06:20:00,58.86
2023-03-29 07:30:00,62.21
2023-03-29 08:40:00,63.59
2023-03-29 09:50:00,63.67
2023-03-29 11:00:00,60.94
2023-03-29 12:10:00,50.69
2023-03-29 13:20:00,36.46
2023-03-29 14:30:00,24.5
2023-03-29 15:40:00,18.37
2023-03-29 16:50:00,15.07
2023-03-29 18:00:00,14.8
2023-03-29 19:10:00,15.94
2023-03-29 20:20:00,19.35
2023-03-29 21:30:00,24.25
2023-03-29 22:40:00,30.91
2023-03-29 23:50:00,38.26
2023-03-30 01:10:00,47.08
2023-03-30 02:20:00,52.57
2023-03-30 03:30:00,56.92
2023-03-30 04:40:00,62.05
2023-03-30 05:50:00,68.19
2023-03-30 07:00:00,72.85
2023-03-30 08:10:00,73.92
2023-03-30 09:20:00,71.3
2023-03-30 10:30:00,55.23
2023-03-30 11:40:00,30.71
2023-03-30 12:50:00,9.44
2023-03-30 14:00:00,-0.54
2023-03-30 15:10:00,-2.76
2023-03-30 16:20:00,-6.17
2023-03-30 17:30:00,-6.68
2023-03-30 18:40:00,-3.16
2023-03-30 19:50:00,7.78
2023-03-30 21:00:00,21.62
2023-03-30 22:10:00,34.12
2023-03-30 23:20:00,42.23
2023-03-31 00:40:00,45.95
2023-03-31 01:50:00,49.62
2023-03-31 03:00:00,53.14
2023-03-31 04:10:00,56.49
2023-03-31 05:20:00,60.1
2023-03-31 06:30:00,63.15
2023-03-31 07:40:00,64.89
2023-03-31 08:50:00,64.85
2023-03-31 10:00:00,62.23
2023-03-31 11:10:00,47.62
2023-03-31 12:20:00,25.87
2023-03-31 13:30:00,10.29
2023-03-31 14:40:00,0.6
2023-03-31 15:50:00,-2.33
2023-03-31 17:00:00,-4.19
2023-03-31 18:10:00,-4.62
2023-03-31 19:20:00,-1.42
2023-03-31 20:30:00,8.49
2023-03-31 21:40:00,17.78
2023-03-31 22:50:00,25.98
2023-04-01 00:10:00,34.52
2023-04-01 01:20:00,42.79
2023-04-01 02:30:00,50.1
2023-04-01 03:40:00,57.15
2023-04-01 04:50:00,61.83
2023-04-01 06:00:00,63.96
2023-04-01 07:10:00,66.78
2023-04-01 08:20:00,67.26
2023-04-01 09:30:00,62.15
2023-04-01 10:40:00,41.19
2023-04-01 11:50:00,16.18
2023-04-01 13:00:00,1.91
2023-04-01 14:10:00,-4.82
2023-04-01 15:20:00,-14.49
2023-04-01 16:30:00,-21.43
2023-04-01 17:40:00,-22.89
2023-04-01 18:50:00,-19.45
2023-04-01 20:00:00,-7.69
2023-04-01 21:10:00,3.88
2023-04-01 22:20:00,13.31
2023-04-01 23:30:00,19.87
2023-04-02 00:50:00,26.95
2023-04-02 02:00:00,32.06
2023-04-02 03:10:00,36.87
2023-04-02 04:20:00,41.17
2023-04-02 05:30:00,44.53
2023-04-02 06:40:00,46.16
2023-04-02 07:50:00,46.75
2023-04-02 09:00:00,46.75
2023-04-02 10:10:00,44.57
2023-04-02 12:00:00,16.1
2023-04-02 13:10:00,-3.04
2023-04-02 14:20:00,-13.52
2023-04-02 15:30:00,-16.34
2023-04-02 16:40:00,-17.4
2023-04-02 17:50:00,-17.87
2023-04-02 19:00:00,-16.01
2023-04-02 20:10:00,-11.29
2023-04-02 21:20:00,-4.29
2023-04-02 22:30:00,2.69
2023-04-02 23:40:00,10
2023-04-03 01:10:00,18.02
2023-04-03 02:20:00,24.66
2023-04-03 03:30:00,37.05
2023-04-03 04:40:00,43.53
2023-04-03 05:50:00,48.04
2023-04-03 07:00:00,51.48
2023-04-03 08:10:00,52.67
2023-04-03 09:20:00,50.93
2023-04-03 10:30:00,40.83
2023-04-03 11:40:00,27.97
2023-04-03 12:50:00,7.6
2023-04-03 14:00:00,4.91
2023-04-03 15:10:00,-0.52
2023-04-03 16:20:00,-6.58
2023-04-03 17:30:00,-7.8
2023-04-03 18:40:00,-4.68
2023-04-03 19:50:00,1.3
2023-04-03 21:00:00,9.46
2023-04-03 22:10:00,18.37
2023-04-03 23:20:00,27.04
2023-04-04 00:40:00,35.11
2023-04-04 01:50:00,40.45
2023-04-04 03:00:00,44.44
2023-04-04 04:10:00,47.63
2023-04-04 05:20:00,49.89
2023-04-04 06:30:00,52.23
2023-04-04 07:40:00,54.65
2023-04-04 08:50:00,57.46
2023-04-04 10:00:00,58.88
2023-04-04 11:10:00,59.24
2023-04-04 12:20:00,60.39
2023-04-04 13:30:00,61.82
2023-04-04 14:40:00,62.02
2023-04-04 15:50:00,62.01
2023-04-04 17:00:00,61.82
2023-04-04 18:10:00,61.78
2023-04-04 19:20:00,62.18
2023-04-04 20:30:00,62.89
2023-04-04 21:40:00,63.25
2023-04-04 22:50:00,63.57
2023-04-05 00:10:00,64.12
2023-04-05 01:20:00,64.75
2023-04-05 02:30:00,64.83
2023-04-05 03:40:00,64.87
2023-04-05 04:50:00,64.87
2023-04-05 06:00:00,64.87
2023-04-05 07:10:00,64.87
2023-04-05 08:20:00,64.87
2023-04-05 09:30:00,64.19
2023-04-05 10:40:00,63.76
2023-04-05 11:50:00,62.85
2023-04-05 13:00:00,62.45
2023-04-05 14:10:00,65.06
2023-04-05 15:20:00,66.77
2023-04-05 16:30:00,67.01
2023-04-05 17:40:00,67.33
2023-04-05 18:50:00,68.43
2023-04-05 20:00:00,68.79
2023-04-05 21:10:00,69.06
2023-04-05 22:20:00,69.58
2023-04-05 23:30:00,70.37
2023-04-06 00:50:00,71.91
2023-04-06 02:00:00,72.94
2023-04-06 03:10:00,73.66
2023-04-06 04:20:00,74.32
2023-04-06 05:30:00,74.96
2023-04-06 06:40:00,75.63
2023-04-06 07:50:00,75.87
2023-04-06 09:00:00,74.44
2023-04-06 10:10:00,68.42
2023-04-06 11:20:00,49.13
2023-04-06 12:30:00,19.09
2023-04-06 13:40:00,0.29
2023-04-06 14:50:00,-3.71
2023-04-06 16:00:00,-7.83
2023-04-06 17:10:00,-9.38
2023-04-06 18:20:00,-7.16
2023-04-06 19:30:00,2.43
2023-04-06 20:40:00,17.08
2023-04-06 21:50:00,28.13
2023-04-06 23:00:00,36.29
2023-04-07 00:20:00,40.91
2023-04-07 01:30:00,45.27
2023-04-07 02:40:00,49.75
2023-04-07 03:50:00,54.88
2023-04-07 05:00:00,59.39
2023-04-07 06:10:00,63.57
2023-04-07 07:20:00,65.95
2023-04-07 08:30:00,66.34
2023-04-07 09:40:00,66.34
2023-04-07 10:50:00,65.15
2023-04-07 12:00:00,60.31
2023-04-07 13:10:00,54.84
2023-04-07 14:20:00,45.3
2023-04-07 15:30:00,33.36
2023-04-07 16:40:00,27.8
2023-04-07 17:50:00,27.37
2023-04-07 19:00:00,27.73
2023-04-07 20:10:00,28.67
2023-04-07 21:20:00,30.29
2023-04-07 22:30:00,33.39
2023-04-07 23:40:00,36.83
2023-04-08 01:00:00,41.3
2023-04-08 02:10:00,45.34
2023-04-08 03:20:00,49.02
2023-04-08 04:30:00,51.94
2023-04-08 05:40:00,54.2
2023-04-08 06:50:00,56.89
2023-04-08 08:00:00,57.68
2023-04-08 09:10:00,57.64
2023-04-08 10:20:00,55.54
2023-04-08 11:30:00,51.69
2023-04-08 12:40:00,38.82
2023-04-08 13:50:00,17.15
2023-04-08 15:00:00,-5.21
2023-04-08 16:10:00,-14.09
2023-04-08 17:20:00,-16.9
2023-04-08 18:30:00,-16.51
2023-04-08 19:40:00,-10.44
2023-04-08 20:50:00,2.87
2023-04-08 22:00:00,14.54
2023-04-08 23:10:00,25.39
2023-04-09 00:30:00,36.67
2023-04-09 01:40:00,44.67
2023-04-09 02:50:00,51.08
2023-04-09 04:00:00,55.07
2023-04-09 05:10:00,57.77
2023-04-09 06:20:00,59.66
2023-04-09 07:30:00,61.01
2023-04-09 08:40:00,61.05
2023-04-09 09:50:00,54.78
2023-04-09 11:00:00,33.37
2023-04-09 12:10:00,6.22
2023-04-09 13:20:00,-12.28
2023-04-09 14:30:00,-15.97
2023-04-09 15:40:00,-21.35
2023-04-09 16:50:00,-25.08
2023-04-09 18:00:00,-24.09
2023-04-09 19:10:00,-15.6
2023-04-09 20:20:00,-5.3
2023-04-09 21:30:00,4.8
2023-04-09 22:40:00,12.4
2023-04-09 23:50:00,17.42
2023-04-10 01:10:00,22.8
2023-04-10 02:20:00,27.47
2023-04-10 03:30:00,31.46
2023-04-10 04:40:00,35.33
2023-04-10 05:50:00,39.09
2023-04-10 07:00:00,42.85
2023-04-10 08:10:00,44.08
2023-04-10 09:20:00,41.86
2023-04-10 10:30:00,26.38
2023-04-10 11:40:00,1.63
2023-04-10 12:50:00,-12.75
2023-04-10 14:00:00,-19.53
2023-04-10 15:10:00,-27.69
2023-04-10 16:20:00,-34.32
2023-04-10 17:30:00,-35.67
2023-04-10 18:40:00,-32.77
2023-04-10 19:50:00,-22.74
2023-04-10 21:00:00,-10.14
2023-04-10 22:10:00,-3.65
2023-04-10 23:20:00,3.98
2023-04-11 00:40:00,12.56
2023-04-11 01:50:00,18.65
2023-04-11 03:00:00,23.64
2023-04-11 04:10:00,28.42
2023-04-11 05:20:00,31.97
2023-04-11 06:30:00,34.62
2023-04-11 07:40:00,36.48
2023-04-11 08:50:00,36.67
2023-04-11 10:00:00,33.58
2023-04-11 11:10:00,14.64
2023-04-11 12:20:00,-12.54
2023-04-11 13:30:00,-24.02
2023-04-11 14:40:00,-33.58
2023-04-11 15:50:00,-42.95
2023-04-11 17:00:00,-48.14
2023-04-11 18:10:00,-48.81
2023-04-11 19:20:00,-41.73
2023-04-11 20:30:00,-30.87
2023-04-11 21:40:00,-22.4
2023-04-11 22:50:00,-15
2023-04-12 00:10:00,-5.46
2023-04-12 01:20:00,2.34
2023-04-12 02:30:00,9.22
2023-04-12 03:40:00,14.48
2023-04-12 04:50:00,20.06
2023-04-12 06:00:00,24.48
2023-04-12 07:10:00,27.9
2023-04-12 08:20:00,28.29
2023-04-12 09:30:00,25.99
2023-04-12 10:40:00,18.34
2023-04-12 11:50:00,14.33
2023-04-12 13:00:00,13.7
2023-04-12 14:10:00,18.58
2023-04-12 15:20:00,21.83
2023-04-12 16:30:00,22.39
2023-04-12 17:40:00,22.62
2023-04-12 18:50:00,23.14
2023-04-12 20:00:00,27.3
2023-04-12 21:10:00,31.97
2023-04-12 22:20:00,37.56
2023-04-12 23:30:00,43.07
2023-04-13 00:50:00,46.75
2023-04-13 02:00:00,49.12
2023-04-13 03:10:00,50.07
2023-04-13 04:20:00,51.18
2023-04-13 05:30:00,52.01
2023-04-13 06:40:00,52.76
2023-04-13 07:50:00,53
2023-04-13 09:00:00,51.81
2023-04-13 10:10:00,46.31
2023-04-13 11:20:00,40.48
2023-04-13 12:30:00,34.74
2023-04-13 13:40:00,34.14
2023-04-13 14:50:00,34.18
2023-04-13 16:00:00,34.14
2023-04-13 17:10:00,29.47
2023-04-13 18:20:00,27.96
2023-04-13 19:30:00,27.96
2023-04-13 20:40:00,29.23
2023-04-13 21:50:00,30.81
2023-04-13 23:00:00,31.95
2023-04-14 00:20:00,33.78
2023-04-14 01:30:00,35.6
2023-04-14 02:40:00,36.58
2023-04-14 03:50:00,38.01
2023-04-14 05:00:00,39.12
2023-04-14 06:10:00,39.86
2023-04-14 07:20:00,40.5
2023-04-14 08:30:00,40.5
2023-04-14 09:40:00,40.5
2023-04-14 10:50:00,40.5
2023-04-14 12:00:00,40.5
2023-04-14 13:10:00,30.66
2023-04-14 14:20:00,6.77
2023-04-14 15:30:00,-11.36
2023-04-14 16:40:00,-18.9
2023-04-14 17:50:00,-20.13
2023-04-14 19:00:00,-18.14
2023-04-14 20:20:00,-11.41
2023-04-14 21:30:00,-0.6
2023-04-14 22:40:00,8.35
2023-04-14 23:50:00,15.47
2023-04-15 01:10:00,26.1
2023-04-15 02:20:00,34.02
2023-04-15 03:30:00,40.91
2023-04-15 04:40:00,46.09
2023-04-15 05:50:00,50.53
2023-04-15 07:00:00,54.24
2023-04-15 08:10:00,54.6
2023-04-15 09:20:00,49.92
2023-04-15 10:30:00,31.73
2023-04-15 11:40:00,5.29
2023-04-15 12:50:00,-16.12
2023-04-15 14:00:00,-19.05
2023-04-15 15:20:00,-26.9
2023-04-15 16:30:00,-34.04
2023-04-15 17:40:00,-34.44
2023-04-15 18:50:00,-32.22
2023-04-15 20:00:00,-21.79
2023-04-15 21:10:00,-8.38
2023-04-15 22:20:00,0.77
2023-04-15 23:30:00,6.15
2023-04-16 00:50:00,13.75
2023-04-16 02:00:00,20.63
2023-04-16 03:10:00,27.42
2023-04-16 04:20:00,33.17
2023-04-16 05:30:00,38.46
2023-04-16 06:40:00,42.9
2023-04-16 07:50:00,44.48
2023-04-16 09:00:00,42.46
2023-04-16 10:10:00,26.41
2023-04-16 11:20:00,1.23
2023-04-16 12:30:00,-7.37
2023-04-16 13:40:00,-21.01
2023-04-16 14:50:00,-34.68
2023-04-16 16:00:00,-42.52
2023-04-16 17:10:00,-47.43
2023-04-16 18:20:00,-47.07
2023-04-16 19:30:00,-39.32
2023-04-16 20:40:00,-26.63
2023-04-16 21:50:00,-17.41
2023-04-16 23:00:00,-9.18
2023-04-17 00:20:00,-0.17
2023-04-17 01:30:00,7.67
2023-04-17 02:40:00,14
2023-04-17 03:50:00,19.57
2023-04-17 05:00:00,24.19
2023-04-17 06:10:00,27.83
2023-04-17 07:20:00,30.53
2023-04-17 08:30:00,30.64
2023-04-17 09:40:00,28.34
2023-04-17 10:50:00,13.89
2023-04-17 12:00:00,-8.26
2023-04-17 13:10:00,-22.65
2023-04-17 14:20:00,-28.8
2023-04-17 15:30:00,-37.17
2023-04-17 16:40:00,-41.92
2023-04-17 17:50:00,-42.94
2023-04-17 19:00:00,-41.4
2023-04-17 20:10:00,-34.59
2023-04-17 21:20:00,-24.54
2023-04-17 22:30:00,-14.1
2023-04-17 23:40:00,-6.98
2023-04-18 01:00:00,-2.08
2023-04-18 02:10:00,1.64
2023-04-18 03:20:00,2.59
2023-04-18 04:30:00,5.51
2023-04-18 05:40:00,9.79
2023-04-18 06:50:00,13.33
2023-04-18 08:00:00,16.1
2023-04-18 09:10:00,17.44
2023-04-18 10:20:00,17.8
2023-04-18 11:30:00,17.36
2023-04-18 12:40:00,15.26
2023-04-18 13:50:00,10.23
2023-04-18 15:00:00,-0.4
2023-04-18 16:10:00,-2.43
2023-04-18 17:20:00,-1.47
2023-04-18 18:30:00,3.47
2023-04-18 19:40:00,10.41
2023-04-18 20:50:00,16.5
2023-04-18 22:00:00,21.25
2023-04-18 23:10:00,24.69
2023-04-19 00:30:00,29
2023-04-19 01:40:00,32.17
2023-04-19 02:50:00,34.06
2023-04-19 04:00:00,35.13
2023-04-19 05:10:00,36
2023-04-19 06:20:00,36.67
2023-04-19 07:30:00,37.19
2023-04-19 08:40:00,35.6
2023-04-19 10:20:00,19.59
2023-04-19 11:30:00,-5.79
2023-04-19 12:40:00,-26.1
2023-04-19 13:50:00,-32.21
2023-04-19 15:00:00,-41.01
2023-04-19 16:10:00,-48.08
2023-04-19 17:20:00,-50.77
2023-04-19 18:30:00,-47.99
2023-04-19 19:40:00,-38.2
2023-04-19 20:50:00,-30.04
2023-04-19 22:00:00,-21.71
2023-04-19 23:10:00,-14.56
2023-04-20 00:30:00,-7.44
2023-04-20 01:40:00,-1.8
2023-04-20 02:50:00,4.37
2023-04-20 04:00:00,9.26
2023-04-20 05:10:00,14.16
2023-04-20 06:20:00,19.62
2023-04-20 07:30:00,22.6
2023-04-20 08:40:00,22.75
2023-04-20 09:50:00,16.34
2023-04-20 11:00:00,-3.61
2023-04-20 12:10:00,-22.97
2023-04-20 13:20:00,-29.21
2023-04-20 14:30:00,-36.51
2023-04-20 15:40:00,-43.95
2023-04-20 16:50:00,-45.78
2023-04-20 18:00:00,-41.26
2023-04-20 19:10:00,-27.74
2023-04-20 20:20:00,-15.93
2023-04-20 21:30:00,-8.37
2023-04-20 22:40:00,-3.7
2023-04-20 23:50:00,0.92
2023-04-21 01:10:00,6.56
2023-04-21 02:20:00,10.95
2023-04-21 03:30:00,14.98
2023-04-21 04:40:00,17.16
2023-04-21 05:50:00,19.21
2023-04-21 07:00:00,20.32
2023-04-21 08:10:00,20.55
2023-04-21 09:20:00,20.55
