时间,伸缩量(mm)
2023-01-01 01:10:00,1497.69
2023-01-01 02:20:00,1497.69
2023-01-01 03:30:00,1497.69
2023-01-01 04:40:00,1497.69
2023-01-01 05:50:00,1497.69
2023-01-01 07:00:00,1497.69
2023-01-01 08:10:00,1497.69
2023-01-01 09:20:00,1497.69
2023-01-01 10:30:00,1497.68
2023-01-01 11:40:00,1497.69
2023-01-01 12:50:00,1497.69
2023-01-01 14:00:00,1497.69
2023-01-01 15:10:00,1497.69
2023-01-01 16:20:00,1497.69
2023-01-01 17:30:00,1497.69
2023-01-01 18:40:00,1497.69
2023-01-01 19:50:00,1497.69
2023-01-01 21:00:00,1497.69
2023-01-01 22:10:00,1497.69
2023-01-01 23:20:00,1497.69
2023-01-02 00:40:00,1497.69
2023-01-02 02:00:00,1497.69
2023-01-02 03:10:00,1497.69
2023-01-02 04:20:00,1497.69
2023-01-02 05:30:00,1497.69
2023-01-02 06:40:00,1497.69
2023-01-02 07:50:00,1497.69
2023-01-02 09:00:00,1497.69
2023-01-02 10:10:00,1497.69
2023-01-02 11:20:00,1497.69
2023-01-02 12:30:00,1497.69
2023-01-02 13:40:00,1497.69
2023-01-02 14:50:00,1497.69
2023-01-02 16:00:00,1497.69
2023-01-02 17:10:00,1497.69
2023-01-02 18:20:00,1497.69
2023-01-02 19:30:00,1497.69
2023-01-02 20:40:00,1497.69
2023-01-02 21:50:00,1497.69
2023-01-02 23:00:00,1497.69
2023-01-03 00:20:00,1497.69
2023-01-03 01:30:00,1497.68
2023-01-03 02:40:00,1497.68
2023-01-03 03:50:00,1497.69
2023-01-03 05:00:00,1497.69
2023-01-03 06:10:00,1497.69
2023-01-03 07:20:00,1497.68
2023-01-03 08:30:00,1497.68
2023-01-03 09:40:00,1497.68
2023-01-03 10:50:00,1497.69
2023-01-03 12:00:00,1497.68
2023-01-03 13:10:00,1497.69
2023-01-03 14:20:00,1497.69
2023-01-03 15:30:00,1497.69
2023-01-03 16:40:00,1497.69
2023-01-03 17:50:00,1497.69
2023-01-03 19:00:00,1497.69
2023-01-03 20:10:00,1497.69
2023-01-03 21:20:00,1497.69
2023-01-03 22:30:00,1497.69
2023-01-03 23:40:00,1497.69
2023-01-04 01:00:00,1497.69
2023-01-04 02:10:00,1497.69
2023-01-04 03:20:00,1497.69
2023-01-04 04:30:00,1497.69
2023-01-04 05:40:00,1497.69
2023-01-04 06:50:00,1497.69
2023-01-04 08:00:00,1497.69
2023-01-04 09:10:00,1497.69
2023-01-04 10:20:00,1497.69
2023-01-04 11:30:00,1497.69
2023-01-04 12:40:00,1497.69
2023-01-04 13:50:00,1497.69
2023-01-04 15:00:00,1497.69
2023-01-04 16:10:00,1497.69
2023-01-04 17:20:00,1497.69
2023-01-04 18:30:00,1497.69
2023-01-04 19:40:00,1497.69
2023-01-04 20:50:00,1497.69
2023-01-04 22:00:00,1497.69
2023-01-04 23:10:00,1497.69
2023-01-05 00:30:00,1497.69
2023-01-05 01:40:00,1497.69
2023-01-05 02:50:00,1497.69
2023-01-05 04:00:00,1497.69
2023-01-05 05:10:00,1497.69
2023-01-05 06:20:00,1497.69
2023-01-05 07:30:00,1497.69
2023-01-05 08:40:00,1497.69
2023-01-05 09:50:00,1497.69
2023-01-05 11:00:00,1497.69
2023-01-05 12:10:00,1497.69
2023-01-05 13:20:00,1497.69
2023-01-05 14:30:00,1497.69
2023-01-05 15:40:00,1497.69
2023-01-05 16:50:00,1497.69
2023-01-05 18:00:00,1497.69
2023-01-05 19:10:00,1497.69
2023-01-05 20:20:00,1497.69
2023-01-05 21:30:00,1497.69
2023-01-05 22:40:00,1497.69
2023-01-05 23:50:00,1497.69
2023-01-06 01:10:00,1497.69
2023-01-06 02:20:00,1497.69
2023-01-06 03:30:00,1497.68
2023-01-06 04:40:00,1497.69
2023-01-06 05:50:00,1497.69
2023-01-06 07:00:00,1497.68
2023-01-06 08:10:00,1497.68
2023-01-06 09:20:00,1497.68
2023-01-06 10:30:00,1497.68
2023-01-06 11:40:00,1497.68
2023-01-06 12:50:00,1497.69
2023-01-06 14:00:00,1497.69
2023-01-06 15:10:00,1497.69
2023-01-06 16:20:00,1497.69
2023-01-06 17:30:00,1497.69
2023-01-06 18:40:00,1497.69
2023-01-06 19:50:00,1497.69
2023-01-06 21:00:00,1497.69
2023-01-06 22:10:00,1497.69
2023-01-06 23:20:00,1497.69
2023-01-07 00:40:00,1497.68
2023-01-07 01:50:00,1497.68
2023-01-07 03:00:00,1497.68
2023-01-07 04:10:00,1497.68
2023-01-07 05:20:00,1497.66
2023-01-07 06:30:00,1497.66
2023-01-07 07:40:00,1497.66
2023-01-07 08:50:00,1497.66
2023-01-07 10:00:00,1497.66
2023-01-07 11:10:00,1497.66
2023-01-07 12:20:00,1497.66
2023-01-07 13:30:00,1497.66
2023-01-07 14:40:00,1497.69
2023-01-07 15:50:00,1497.69
2023-01-07 17:10:00,1497.69
2023-01-07 18:20:00,1497.69
2023-01-07 19:30:00,1497.69
2023-01-07 20:40:00,1497.69
2023-01-07 21:50:00,1497.69
2023-01-07 23:00:00,1497.69
2023-01-08 00:20:00,1497.69
2023-01-08 01:30:00,1497.69
2023-01-08 02:40:00,1497.68
2023-01-08 03:50:00,1497.68
2023-01-08 05:00:00,1497.68
2023-01-08 06:10:00,1497.68
2023-01-08 07:20:00,1497.68
2023-01-08 08:30:00,1497.68
2023-01-08 09:40:00,1497.66
2023-01-08 10:50:00,1497.66
2023-01-08 12:00:00,1497.66
2023-01-08 13:10:00,1497.66
2023-01-08 14:20:00,1497.66
2023-01-08 15:30:00,1497.66
2023-01-08 16:40:00,1497.66
2023-01-08 17:50:00,1497.66
2023-01-08 19:00:00,1497.66
2023-01-08 20:10:00,1497.66
2023-01-08 21:20:00,1497.66
2023-01-08 22:30:00,1497.66
2023-01-08 23:40:00,1497.66
2023-01-09 01:00:00,1497.66
2023-01-09 02:10:00,1497.66
2023-01-09 03:20:00,1497.66
2023-01-09 04:30:00,1497.66
2023-01-09 05:40:00,1497.66
2023-01-09 06:50:00,1497.66
2023-01-09 08:00:00,1497.66
2023-01-09 09:10:00,1497.66
2023-01-09 10:20:00,1497.66
2023-01-09 11:30:00,1497.66
2023-01-09 12:40:00,1497.66
2023-01-09 13:50:00,1497.66
2023-01-09 15:00:00,1497.66
2023-01-09 16:10:00,1497.66
2023-01-09 17:20:00,1497.66
2023-01-09 18:30:00,1497.66
2023-01-09 19:40:00,1497.66
2023-01-09 20:50:00,1497.66
2023-01-09 22:00:00,1497.66
2023-01-09 23:10:00,1497.66
2023-01-10 00:30:00,1497.66
2023-01-10 01:40:00,1497.66
2023-01-10 02:50:00,1497.66
2023-01-10 04:00:00,1497.66
2023-01-10 05:10:00,1497.66
2023-01-10 06:20:00,1497.66
2023-01-10 07:30:00,1497.66
2023-01-10 08:40:00,1497.66
2023-01-10 09:50:00,1497.66
2023-01-10 11:00:00,1497.66
2023-01-10 12:10:00,1497.66
2023-01-10 13:20:00,1497.66
2023-01-10 14:30:00,1497.66
2023-01-10 15:40:00,1497.66
2023-01-10 16:50:00,1497.66
2023-01-10 18:00:00,1497.66
2023-01-10 19:10:00,1497.66
2023-01-10 20:20:00,1497.66
2023-01-10 21:30:00,1497.66
2023-01-10 22:40:00,1497.66
2023-01-10 23:50:00,1497.66
2023-01-11 01:10:00,1497.66
2023-01-11 02:20:00,1497.66
2023-01-11 03:30:00,1497.66
2023-01-11 04:40:00,1497.66
2023-01-11 05:50:00,1497.66
2023-01-11 07:00:00,1497.66
2023-01-11 08:10:00,1497.66
2023-01-11 09:20:00,1497.66
2023-01-11 10:30:00,1497.66
2023-01-11 11:40:00,1497.66
2023-01-11 12:50:00,1497.66
2023-01-11 14:00:00,1497.66
2023-01-11 15:10:00,1497.69
2023-01-11 16:20:00,1497.69
2023-01-11 17:30:00,1497.71
2023-01-11 18:40:00,1497.71
2023-01-11 19:50:00,1497.71
2023-01-11 21:00:00,1497.71
2023-01-11 22:10:00,1497.69
2023-01-11 23:20:00,1497.69
2023-01-12 00:40:00,1497.69
2023-01-12 01:50:00,1497.69
2023-01-12 03:00:00,1497.69
2023-01-12 04:10:00,1497.69
2023-01-12 05:20:00,1497.69
2023-01-12 06:30:00,1497.69
2023-01-12 07:40:00,1497.69
2023-01-12 08:50:00,1497.69
2023-01-12 10:00:00,1497.69
2023-01-12 11:10:00,1497.69
2023-01-12 12:20:00,1497.69
2023-01-12 13:30:00,1497.69
2023-01-12 14:40:00,1497.69
2023-01-12 15:50:00,1497.69
2023-01-12 17:00:00,1497.69
2023-01-12 18:10:00,1497.69
2023-01-12 19:20:00,1497.69
2023-01-12 20:30:00,1497.69
2023-01-12 21:40:00,1497.69
2023-01-12 22:50:00,1497.69
2023-01-13 00:10:00,1497.69
2023-01-13 01:20:00,1497.69
2023-01-13 02:30:00,1497.69
2023-01-13 03:40:00,1497.69
2023-01-13 04:50:00,1497.69
2023-01-13 06:00:00,1497.69
2023-01-13 07:10:00,1497.69
2023-01-13 08:20:00,1497.69
2023-01-13 09:30:00,1497.69
2023-01-13 10:40:00,1497.69
2023-01-13 11:50:00,1497.69
2023-01-13 13:00:00,1497.69
2023-01-13 14:10:00,1497.69
2023-01-13 15:20:00,1497.69
2023-01-13 16:30:00,1497.69
2023-01-13 17:40:00,1497.69
2023-01-13 18:50:00,1497.69
2023-01-13 20:00:00,1497.69
2023-01-13 21:10:00,1497.69
2023-01-13 22:20:00,1497.69
2023-01-13 23:30:00,1497.69
2023-01-14 00:50:00,1497.69
2023-01-14 02:00:00,1497.69
2023-01-14 03:10:00,1497.69
2023-01-14 04:20:00,1497.69
2023-01-14 05:30:00,1497.69
2023-01-14 06:40:00,1497.69
2023-01-14 07:50:00,1497.69
2023-01-14 09:00:00,1497.69
2023-01-14 10:10:00,1497.69
2023-01-14 11:20:00,1497.69
2023-01-14 12:30:00,1497.69
2023-01-14 13:40:00,1497.69
2023-01-14 14:50:00,1497.69
2023-01-14 16:00:00,1497.69
2023-01-14 17:10:00,1497.68
2023-01-14 18:20:00,1497.68
2023-01-14 19:30:00,1497.68
2023-01-14 20:40:00,1497.68
2023-01-14 21:50:00,1497.68
2023-01-14 23:00:00,1497.68
2023-01-15 00:20:00,1497.68
2023-01-15 01:30:00,1497.68
2023-01-15 02:40:00,1497.66
2023-01-15 03:50:00,1497.66
2023-01-15 05:00:00,1497.66
2023-01-15 06:10:00,1497.66
2023-01-15 07:20:00,1497.66
2023-01-15 08:30:00,1497.66
2023-01-15 09:40:00,1497.66
2023-01-15 10:50:00,1497.66
2023-01-15 12:00:00,1497.66
2023-01-15 13:10:00,1497.66
2023-01-15 14:20:00,1497.66
2023-01-15 15:30:00,1497.66
2023-01-15 16:40:00,1497.66
2023-01-15 17:50:00,1497.66
2023-01-15 19:00:00,1497.66
2023-01-15 20:10:00,1497.66
2023-01-15 21:20:00,1497.66
2023-01-15 22:30:00,1497.66
2023-01-15 23:40:00,1497.66
2023-01-16 01:00:00,1497.66
2023-01-16 02:10:00,1497.66
2023-01-16 03:20:00,1497.66
2023-01-16 04:30:00,1497.66
2023-01-16 05:40:00,1497.66
2023-01-16 06:50:00,1497.66
2023-01-16 08:00:00,1497.66
2023-01-16 09:10:00,1497.66
2023-01-16 10:20:00,1497.66
2023-01-16 11:30:00,1497.66
2023-01-16 12:40:00,1497.66
2023-01-16 13:50:00,1497.66
2023-01-16 15:00:00,1497.66
2023-01-16 16:10:00,1497.66
2023-01-16 17:20:00,1497.66
2023-01-16 18:30:00,1497.66
2023-01-16 19:40:00,1497.66
2023-01-16 20:50:00,1497.66
2023-01-16 22:00:00,1497.66
2023-01-16 23:10:00,1497.66
2023-01-17 00:30:00,1497.66
2023-01-17 01:40:00,1497.66
2023-01-17 02:50:00,1497.66
2023-01-17 04:00:00,1497.66
2023-01-17 05:10:00,1497.66
2023-01-17 06:20:00,1497.66
2023-01-17 07:30:00,1497.66
2023-01-17 08:40:00,1497.66
2023-01-17 09:50:00,1497.66
2023-01-17 11:00:00,1497.66
2023-01-17 12:10:00,1497.66
2023-01-17 13:20:00,1497.66
2023-01-17 14:30:00,1497.66
2023-01-17 15:40:00,1497.66
2023-01-17 16:50:00,1497.66
2023-01-17 18:00:00,1497.66
2023-01-17 19:10:00,1497.66
2023-01-17 20:20:00,1497.66
2023-01-17 21:30:00,1497.66
2023-01-17 22:40:00,1497.66
2023-01-17 23:50:00,1497.66
2023-01-18 01:10:00,1497.66
2023-01-18 02:20:00,1497.66
2023-01-18 03:30:00,1497.66
2023-01-18 04:40:00,1497.66
2023-01-18 05:50:00,1497.66
2023-01-18 07:00:00,1497.66
2023-01-18 08:10:00,1497.66
2023-01-18 09:20:00,1497.66
2023-01-18 10:30:00,1497.66
2023-01-18 11:40:00,1497.66
2023-01-18 12:50:00,1497.66
2023-01-18 14:00:00,1497.66
2023-01-18 15:10:00,1497.65
2023-01-18 16:20:00,1497.65
2023-01-18 17:30:00,1497.65
2023-01-18 18:40:00,1497.65
2023-01-18 19:50:00,1497.65
2023-01-18 21:00:00,1497.65
2023-01-18 22:10:00,1497.65
2023-01-18 23:20:00,1497.65
2023-01-19 00:40:00,1497.65
2023-01-19 01:50:00,1497.65
2023-01-19 03:00:00,1497.65
2023-01-19 04:10:00,1497.65
2023-01-19 05:20:00,1497.65
2023-01-19 06:30:00,1497.65
2023-01-19 07:40:00,1497.65
2023-01-19 08:50:00,1497.65
2023-01-19 10:00:00,1497.65
2023-01-19 11:10:00,1497.65
2023-01-19 12:20:00,1497.65
2023-01-19 13:30:00,1497.65
2023-01-19 14:40:00,1497.65
2023-01-19 15:50:00,1497.65
2023-01-19 17:00:00,1497.68
2023-01-19 18:10:00,1497.68
2023-01-19 19:20:00,1497.68
2023-01-19 20:30:00,1497.68
2023-01-19 21:40:00,1497.67
2023-01-19 22:50:00,1497.67
2023-01-20 00:10:00,1497.67
2023-01-20 01:20:00,1497.65
2023-01-20 02:30:00,1497.65
2023-01-20 03:40:00,1497.65
2023-01-20 04:50:00,1497.65
2023-01-20 06:00:00,1497.65
2023-01-20 07:10:00,1497.65
2023-01-20 08:20:00,1497.65
2023-01-20 09:30:00,1497.65
2023-01-20 10:40:00,1497.65
2023-01-20 11:50:00,1497.65
2023-01-20 13:00:00,1497.65
2023-01-20 14:10:00,1497.65
2023-01-20 15:20:00,1497.65
2023-01-20 16:30:00,1497.65
2023-01-20 17:40:00,1497.65
2023-01-20 18:50:00,1497.65
2023-01-20 20:00:00,1497.65
2023-01-20 21:10:00,1497.65
2023-01-20 22:20:00,1497.65
2023-01-20 23:30:00,1497.65
2023-01-21 00:50:00,1497.65
2023-01-21 02:00:00,1497.65
2023-01-21 03:10:00,1497.65
2023-01-21 04:20:00,1497.65
2023-01-21 05:30:00,1497.65
2023-01-21 06:40:00,1497.65
2023-01-21 07:50:00,1497.65
2023-01-21 09:00:00,1497.65
2023-01-21 10:10:00,1497.65
2023-01-21 11:20:00,1497.65
2023-01-21 12:30:00,1497.65
2023-01-21 13:40:00,1497.65
2023-01-21 14:50:00,1497.67
2023-01-21 16:00:00,1497.68
2023-01-21 17:10:00,1497.68
2023-01-21 18:20:00,1497.68
2023-01-21 19:30:00,1497.68
2023-01-21 20:40:00,1497.68
2023-01-21 21:50:00,1497.68
2023-01-21 23:00:00,1497.68
2023-01-22 00:20:00,1497.67
2023-01-22 01:30:00,1497.67
2023-01-22 02:40:00,1497.67
2023-01-22 03:50:00,1497.67
2023-01-22 05:00:00,1497.67
2023-01-22 06:10:00,1497.67
2023-01-22 07:20:00,1497.67
2023-01-22 08:30:00,1497.67
2023-01-22 09:40:00,1497.67
2023-01-22 10:50:00,1497.67
2023-01-22 12:00:00,1497.67
2023-01-22 13:10:00,1497.68
2023-01-22 14:20:00,1497.68
2023-01-22 15:30:00,1497.68
2023-01-22 16:40:00,1497.68
2023-01-22 17:50:00,1497.68
2023-01-22 19:00:00,1497.68
2023-01-22 20:10:00,1497.68
2023-01-22 21:20:00,1497.68
2023-01-22 22:30:00,1497.68
2023-01-22 23:40:00,1497.68
2023-01-23 01:00:00,1497.68
2023-01-23 02:10:00,1497.68
2023-01-23 03:20:00,1497.68
2023-01-23 04:30:00,1497.68
2023-01-23 05:40:00,1497.67
2023-01-23 06:50:00,1497.67
2023-01-23 08:00:00,1497.67
2023-01-23 09:10:00,1497.67
2023-01-23 10:20:00,1497.68
2023-01-23 11:30:00,1497.68
2023-01-23 12:40:00,1497.68
2023-01-23 13:50:00,1497.68
2023-01-23 15:00:00,1497.68
2023-01-23 16:10:00,1497.68
2023-01-23 17:20:00,1497.68
2023-01-23 18:30:00,1497.68
2023-01-23 19:40:00,1497.68
2023-01-23 20:50:00,1497.68
2023-01-23 22:00:00,1497.68
2023-01-23 23:10:00,1497.68
2023-01-24 00:30:00,1497.68
2023-01-24 01:40:00,1497.68
2023-01-24 02:50:00,1497.68
2023-01-24 04:00:00,1497.68
2023-01-24 05:10:00,1497.67
2023-01-24 06:20:00,1497.67
2023-01-24 07:30:00,1497.65
2023-01-24 08:40:00,1497.65
2023-01-24 09:50:00,1497.65
2023-01-24 11:00:00,1497.65
2023-01-24 12:10:00,1497.65
2023-01-24 13:20:00,1497.65
2023-01-24 14:30:00,1497.65
2023-01-24 15:40:00,1497.65
2023-01-24 16:50:00,1497.65
2023-01-24 18:00:00,1497.65
2023-01-24 19:10:00,1497.65
2023-01-24 20:20:00,1497.65
2023-01-24 21:30:00,1497.65
2023-01-24 22:40:00,1497.65
2023-01-24 23:50:00,1497.65
2023-01-25 01:10:00,1497.65
2023-01-25 02:20:00,1497.65
2023-01-25 03:30:00,1497.65
2023-01-25 04:40:00,1497.65
2023-01-25 05:50:00,1497.65
2023-01-25 07:00:00,1497.65
2023-01-25 08:10:00,1497.65
2023-01-25 09:20:00,1497.65
2023-01-25 10:30:00,1497.65
2023-01-25 11:40:00,1497.65
2023-01-25 12:50:00,1497.65
2023-01-25 14:00:00,1497.65
2023-01-25 15:10:00,1497.65
2023-01-25 16:20:00,1497.65
2023-01-25 17:30:00,1497.65
2023-01-25 18:40:00,1497.65
2023-01-25 19:50:00,1497.65
2023-01-25 21:00:00,1497.65
2023-01-25 22:10:00,1497.65
2023-01-25 23:20:00,1497.65
2023-01-26 00:40:00,1497.65
2023-01-26 01:50:00,1497.65
2023-01-26 03:00:00,1497.65
2023-01-26 04:10:00,1497.65
2023-01-26 05:20:00,1497.65
2023-01-26 06:30:00,1497.65
2023-01-26 07:40:00,1497.65
2023-01-26 08:50:00,1497.65
2023-01-26 10:00:00,1497.65
2023-01-26 11:10:00,1497.65
2023-01-26 12:20:00,1497.65
2023-01-26 13:30:00,1497.65
2023-01-26 14:40:00,1497.65
2023-01-26 15:50:00,1497.65
2023-01-26 17:00:00,1497.65
2023-01-26 18:10:00,1497.65
2023-01-26 19:20:00,1497.65
2023-01-26 20:30:00,1497.65
2023-01-26 21:40:00,1497.65
2023-01-26 22:50:00,1497.65
2023-01-27 00:10:00,1497.65
2023-01-27 01:20:00,1497.65
2023-01-27 02:30:00,1497.65
2023-01-27 03:40:00,1497.65
2023-01-27 04:50:00,1497.65
2023-01-27 06:00:00,1497.65
2023-01-27 07:10:00,1497.65
2023-01-27 08:20:00,1497.65
2023-01-27 09:30:00,1497.65
2023-01-27 10:40:00,1497.65
2023-01-27 11:50:00,1497.65
2023-01-27 13:00:00,1497.65
2023-01-27 14:10:00,1497.67
2023-01-27 15:20:00,1497.67
2023-01-27 16:30:00,1497.67
2023-01-27 17:40:00,1497.67
2023-01-27 18:50:00,1497.67
2023-01-27 20:00:00,1497.67
2023-01-27 21:10:00,1497.67
2023-01-27 22:20:00,1497.67
2023-01-27 23:30:00,1497.67
2023-01-28 00:50:00,1497.67
2023-01-28 02:00:00,1497.67
2023-01-28 03:10:00,1497.67
2023-01-28 04:20:00,1497.67
2023-01-28 05:30:00,1497.66
2023-01-28 06:40:00,1497.66
2023-01-28 07:50:00,1497.66
2023-01-28 09:00:00,1497.64
2023-01-28 10:10:00,1497.64
2023-01-28 11:20:00,1497.64
2023-01-28 12:30:00,1497.67
2023-01-28 13:40:00,1497.67
2023-01-28 14:50:00,1497.7
2023-01-28 16:00:00,1497.7
2023-01-28 17:10:00,1497.7
2023-01-28 18:20:00,1497.7
2023-01-28 19:30:00,1497.7
2023-01-28 20:40:00,1497.7
2023-01-28 21:50:00,1497.68
2023-01-28 23:00:00,1497.68
2023-01-29 00:20:00,1497.68
2023-01-29 01:30:00,1497.67
2023-01-29 02:40:00,1497.67
2023-01-29 03:50:00,1497.67
2023-01-29 05:00:00,1497.67
2023-01-29 06:10:00,1497.65
2023-01-29 07:20:00,1497.65
2023-01-29 08:30:00,1497.65
2023-01-29 09:40:00,1497.65
2023-01-29 10:50:00,1497.65
2023-01-29 12:00:00,1497.65
2023-01-29 13:10:00,1497.65
2023-01-29 14:20:00,1497.68
2023-01-29 15:30:00,1497.68
2023-01-29 16:40:00,1497.7
2023-01-29 17:50:00,1497.7
2023-01-29 19:00:00,1497.7
2023-01-29 20:10:00,1497.7
2023-01-29 21:20:00,1497.68
2023-01-29 22:30:00,1497.68
2023-01-29 23:40:00,1497.68
2023-01-30 01:10:00,1497.68
2023-01-30 02:20:00,1497.67
2023-01-30 03:30:00,1497.67
2023-01-30 04:40:00,1497.65
2023-01-30 05:50:00,1497.65
2023-01-30 07:00:00,1497.65
2023-01-30 08:10:00,1497.65
2023-01-30 09:20:00,1497.65
2023-01-30 10:30:00,1497.65
2023-01-30 11:40:00,1497.65
2023-01-30 12:50:00,1497.68
2023-01-30 14:00:00,1497.68
2023-01-30 15:10:00,1497.7
2023-01-30 16:20:00,1497.7
2023-01-30 17:30:00,1497.7
2023-01-30 18:40:00,1497.7
2023-01-30 19:50:00,1497.7
2023-01-30 21:00:00,1497.7
2023-01-30 22:10:00,1497.7
2023-01-30 23:20:00,1497.7
2023-01-31 00:40:00,1497.68
2023-01-31 01:50:00,1497.68
2023-01-31 03:00:00,1497.68
2023-01-31 04:10:00,1497.68
2023-01-31 05:20:00,1497.68
2023-01-31 06:30:00,1497.68
2023-01-31 07:40:00,1497.67
2023-01-31 08:50:00,1497.67
2023-01-31 10:00:00,1497.68
2023-01-31 11:10:00,1497.68
2023-01-31 12:20:00,1497.68
2023-01-31 13:30:00,1497.7
2023-01-31 14:40:00,1497.7
2023-01-31 15:50:00,1497.71
2023-01-31 17:00:00,1497.73
2023-01-31 18:10:00,1497.73
2023-01-31 19:20:00,1497.73
2023-01-31 20:30:00,1497.73
2023-01-31 21:40:00,1497.7
2023-01-31 22:50:00,1497.7
2023-02-01 00:10:00,1497.7
2023-02-01 01:20:00,1497.7
2023-02-01 02:30:00,1497.7
2023-02-01 03:40:00,1497.68
2023-02-01 04:50:00,1497.68
2023-02-01 06:00:00,1497.68
2023-02-01 07:10:00,1497.68
2023-02-01 08:20:00,1497.68
2023-02-01 09:30:00,1497.68
2023-02-01 10:40:00,1497.68
2023-02-01 11:50:00,1497.68
2023-02-01 13:00:00,1497.68
2023-02-01 14:10:00,1497.68
2023-02-01 15:20:00,1497.68
2023-02-01 16:30:00,1497.68
2023-02-01 17:40:00,1497.68
2023-02-01 18:50:00,1497.68
2023-02-01 20:00:00,1497.68
2023-02-01 21:10:00,1497.68
2023-02-01 22:20:00,1497.68
2023-02-01 23:30:00,1497.7
2023-02-02 00:50:00,1497.7
2023-02-02 02:00:00,1497.7
2023-02-02 03:10:00,1497.7
2023-02-02 04:20:00,1497.7
2023-02-02 05:30:00,1497.7
2023-02-02 06:40:00,1497.7
2023-02-02 07:50:00,1497.7
2023-02-02 09:00:00,1497.7
2023-02-02 10:10:00,1497.7
2023-02-02 11:20:00,1497.7
2023-02-02 12:30:00,1497.7
2023-02-02 13:40:00,1497.7
2023-02-02 14:50:00,1497.7
2023-02-02 16:00:00,1497.7
2023-02-02 17:10:00,1497.7
2023-02-02 18:20:00,1497.7
2023-02-02 19:30:00,1497.7
2023-02-02 20:40:00,1497.7
2023-02-02 21:50:00,1497.7
2023-02-02 23:00:00,1497.7
2023-02-03 00:20:00,1497.7
2023-02-03 01:30:00,1497.7
2023-02-03 02:40:00,1497.68
2023-02-03 03:50:00,1497.68
2023-02-03 05:00:00,1497.68
2023-02-03 06:10:00,1497.68
2023-02-03 07:20:00,1497.68
2023-02-03 08:30:00,1497.68
2023-02-03 09:40:00,1497.68
2023-02-03 10:50:00,1497.68
2023-02-03 12:00:00,1497.68
2023-02-03 13:10:00,1497.68
2023-02-03 14:20:00,1497.68
2023-02-03 15:30:00,1497.68
2023-02-03 16:40:00,1497.7
2023-02-03 17:50:00,1497.7
2023-02-03 19:00:00,1497.7
2023-02-03 20:10:00,1497.7
2023-02-03 21:20:00,1497.7
2023-02-03 22:30:00,1497.7
2023-02-03 23:40:00,1497.7
2023-02-04 01:00:00,1497.7
2023-02-04 02:10:00,1497.7
2023-02-04 03:20:00,1497.7
2023-02-04 04:30:00,1497.7
2023-02-04 05:40:00,1497.7
2023-02-04 06:50:00,1497.7
2023-02-04 08:00:00,1497.7
2023-02-04 09:10:00,1497.7
2023-02-04 10:20:00,1497.7
2023-02-04 11:30:00,1497.7
2023-02-04 12:40:00,1497.7
2023-02-04 13:50:00,1497.7
2023-02-04 15:00:00,1497.7
2023-02-04 16:10:00,1497.7
2023-02-04 17:20:00,1497.7
2023-02-04 18:30:00,1497.7
2023-02-04 19:40:00,1497.7
2023-02-04 20:50:00,1497.7
2023-02-04 22:00:00,1497.7
2023-02-04 23:10:00,1497.7
2023-02-05 00:30:00,1497.7
2023-02-05 01:40:00,1497.68
2023-02-05 02:50:00,1497.68
2023-02-05 04:00:00,1497.68
2023-02-05 05:10:00,1497.68
2023-02-05 06:20:00,1497.68
2023-02-05 07:30:00,1497.68
2023-02-05 08:40:00,1497.68
2023-02-05 09:50:00,1497.68
2023-02-05 11:00:00,1497.68
2023-02-05 12:10:00,1497.68
2023-02-05 13:20:00,1497.68
2023-02-05 14:30:00,1497.68
2023-02-05 15:40:00,1497.68
2023-02-05 16:50:00,1497.68
2023-02-05 18:00:00,1497.68
2023-02-05 19:10:00,1497.68
2023-02-05 20:20:00,1497.68
2023-02-05 21:30:00,1497.68
2023-02-05 22:40:00,1497.68
2023-02-05 23:50:00,1497.68
2023-02-06 01:20:00,1497.68
2023-02-06 02:30:00,1497.68
2023-02-06 03:40:00,1497.68
2023-02-06 04:50:00,1497.68
2023-02-06 06:00:00,1497.68
2023-02-06 07:10:00,1497.68
2023-02-06 08:20:00,1497.68
2023-02-06 09:30:00,1497.67
2023-02-06 10:40:00,1497.68
2023-02-06 11:50:00,1497.68
2023-02-06 13:00:00,1497.68
2023-02-06 14:10:00,1497.68
2023-02-06 15:20:00,1497.7
2023-02-06 16:30:00,1497.7
2023-02-06 17:40:00,1497.7
2023-02-06 18:50:00,1497.7
2023-02-06 20:00:00,1497.7
2023-02-06 21:10:00,1497.7
2023-02-06 22:20:00,1497.7
2023-02-06 23:30:00,1497.7
2023-02-07 00:50:00,1497.7
2023-02-07 02:00:00,1497.7
2023-02-07 03:10:00,1497.7
2023-02-07 04:20:00,1497.7
2023-02-07 05:30:00,1497.68
2023-02-07 06:40:00,1497.68
2023-02-07 07:50:00,1497.68
2023-02-07 09:00:00,1497.68
2023-02-07 10:10:00,1497.68
2023-02-07 11:20:00,1497.68
2023-02-07 12:30:00,1497.68
2023-02-07 13:40:00,1497.68
2023-02-07 14:50:00,1497.68
2023-02-07 16:00:00,1497.68
2023-02-07 17:10:00,1497.68
2023-02-07 18:20:00,1497.68
2023-02-07 19:30:00,1497.68
2023-02-07 20:40:00,1497.68
2023-02-07 21:50:00,1497.68
2023-02-07 23:00:00,1497.68
2023-02-08 00:20:00,1497.68
2023-02-08 01:30:00,1497.68
2023-02-08 02:40:00,1497.68
2023-02-08 03:50:00,1497.68
2023-02-08 05:00:00,1497.68
2023-02-08 06:10:00,1497.68
2023-02-08 07:20:00,1497.68
2023-02-08 08:30:00,1497.68
2023-02-08 09:40:00,1497.68
2023-02-08 10:50:00,1497.68
2023-02-08 12:00:00,1497.68
2023-02-08 13:10:00,1497.68
2023-02-08 14:20:00,1497.68
2023-02-08 15:30:00,1497.68
2023-02-08 16:40:00,1497.68
2023-02-08 17:50:00,1497.68
2023-02-08 19:00:00,1497.68
2023-02-08 20:10:00,1497.68
2023-02-08 21:20:00,1497.68
2023-02-08 22:30:00,1497.68
2023-02-08 23:40:00,1497.68
2023-02-09 01:00:00,1497.68
2023-02-09 02:10:00,1497.68
2023-02-09 03:20:00,1497.68
2023-02-09 04:30:00,1497.68
2023-02-09 05:40:00,1497.68
2023-02-09 06:50:00,1497.68
2023-02-09 08:00:00,1497.68
2023-02-09 09:10:00,1497.68
2023-02-09 10:20:00,1497.68
2023-02-09 11:30:00,1497.68
2023-02-09 12:40:00,1497.68
2023-02-09 13:50:00,1497.68
2023-02-09 15:00:00,1497.68
2023-02-09 16:10:00,1497.68
2023-02-09 17:20:00,1497.68
2023-02-09 18:30:00,1497.7
2023-02-09 19:40:00,1497.7
2023-02-09 20:50:00,1497.7
2023-02-09 22:00:00,1497.7
2023-02-09 23:10:00,1497.7
2023-02-10 00:30:00,1497.7
2023-02-10 01:40:00,1497.7
2023-02-10 02:50:00,1497.7
2023-02-10 04:00:00,1497.7
2023-02-10 05:10:00,1497.7
2023-02-10 06:20:00,1497.7
2023-02-10 07:30:00,1497.7
2023-02-10 08:40:00,1497.7
2023-02-10 09:50:00,1497.7
2023-02-10 11:00:00,1497.7
2023-02-10 12:10:00,1497.7
2023-02-10 13:20:00,1497.7
2023-02-10 14:30:00,1497.7
2023-02-10 15:40:00,1497.7
2023-02-10 16:50:00,1497.7
2023-02-10 18:00:00,1497.7
2023-02-10 19:10:00,1497.7
2023-02-10 20:20:00,1497.7
2023-02-10 21:30:00,1497.7
2023-02-10 22:40:00,1497.7
2023-02-10 23:50:00,1497.7
2023-02-11 01:10:00,1497.7
2023-02-11 02:20:00,1497.7
2023-02-11 03:30:00,1497.7
2023-02-11 04:40:00,1497.7
2023-02-11 05:50:00,1497.7
2023-02-11 07:00:00,1497.7
2023-02-11 08:10:00,1497.7
2023-02-11 09:20:00,1497.7
2023-02-11 10:30:00,1497.7
2023-02-11 11:40:00,1497.7
2023-02-11 12:50:00,1497.7
2023-02-11 14:00:00,1497.7
2023-02-11 15:10:00,1497.7
2023-02-11 16:20:00,1497.71
2023-02-11 17:30:00,1497.71
2023-02-11 18:40:00,1497.71
2023-02-11 19:50:00,1497.71
2023-02-11 21:00:00,1497.7
2023-02-11 22:10:00,1497.7
2023-02-11 23:20:00,1497.7
2023-02-12 00:40:00,1497.7
2023-02-12 01:50:00,1497.7
2023-02-12 03:00:00,1497.7
2023-02-12 04:10:00,1497.7
2023-02-12 05:20:00,1497.7
2023-02-12 06:30:00,1497.7
2023-02-12 07:40:00,1497.7
2023-02-12 08:50:00,1497.7
2023-02-12 10:00:00,1497.7
2023-02-12 11:10:00,1497.7
2023-02-12 12:20:00,1497.7
2023-02-12 13:30:00,1497.7
2023-02-12 14:40:00,1497.7
2023-02-12 15:50:00,1497.7
2023-02-12 17:00:00,1497.7
2023-02-12 18:10:00,1497.7
2023-02-12 19:20:00,1497.7
2023-02-12 20:30:00,1497.7
2023-02-12 21:40:00,1497.7
2023-02-12 22:50:00,1497.7
2023-02-13 00:10:00,1497.7
2023-02-13 01:20:00,1497.7
2023-02-13 02:30:00,1497.7
2023-02-13 03:40:00,1497.7
2023-02-13 04:50:00,1497.7
2023-02-13 06:00:00,1497.7
2023-02-13 07:10:00,1497.7
2023-02-13 08:20:00,1497.7
2023-02-13 09:30:00,1497.7
2023-02-13 10:40:00,1497.7
2023-02-13 11:50:00,1497.7
2023-02-13 13:00:00,1497.7
2023-02-13 14:10:00,1497.7
2023-02-13 15:20:00,1497.7
2023-02-13 16:30:00,1497.7
2023-02-13 17:40:00,1497.7
2023-02-13 18:50:00,1497.7
2023-02-13 20:00:00,1497.7
2023-02-13 21:10:00,1497.7
2023-02-13 22:20:00,1497.7
2023-02-13 23:30:00,1497.7
2023-02-14 00:50:00,1497.68
2023-02-14 02:00:00,1497.68
2023-02-14 03:10:00,1497.68
2023-02-14 04:20:00,1497.68
2023-02-14 05:30:00,1497.68
2023-02-14 06:40:00,1497.68
2023-02-14 07:50:00,1497.68
2023-02-14 09:00:00,1497.68
2023-02-14 10:10:00,1497.68
2023-02-14 11:20:00,1497.68
2023-02-14 12:30:00,1497.68
2023-02-14 13:40:00,1497.68
2023-02-14 14:50:00,1497.68
2023-02-14 16:00:00,1497.68
2023-02-14 17:10:00,1497.68
2023-02-14 18:20:00,1497.68
2023-02-14 19:30:00,1497.68
2023-02-14 20:40:00,1497.68
2023-02-14 21:50:00,1497.68
2023-02-14 23:00:00,1497.68
2023-02-15 00:20:00,1497.68
2023-02-15 01:30:00,1497.68
2023-02-15 02:40:00,1497.68
2023-02-15 03:50:00,1497.68
2023-02-15 05:00:00,1497.68
2023-02-15 06:10:00,1497.68
2023-02-15 07:20:00,1497.68
2023-02-15 08:30:00,1497.68
2023-02-15 09:40:00,1497.68
2023-02-15 10:50:00,1497.68
2023-02-15 12:00:00,1497.68
2023-02-15 13:10:00,1497.68
2023-02-15 14:20:00,1497.68
2023-02-15 15:30:00,1497.68
2023-02-15 16:40:00,1497.68
2023-02-15 17:50:00,1497.68
2023-02-15 19:00:00,1497.68
2023-02-15 20:10:00,1497.68
2023-02-15 21:20:00,1497.68
2023-02-15 22:30:00,1497.68
2023-02-15 23:40:00,1497.68
2023-02-16 01:00:00,1497.68
2023-02-16 02:10:00,1497.68
2023-02-16 03:20:00,1497.68
2023-02-16 04:30:00,1497.68
2023-02-16 05:40:00,1497.68
2023-02-16 06:50:00,1497.68
2023-02-16 08:00:00,1497.68
2023-02-16 09:10:00,1497.68
2023-02-16 10:20:00,1497.68
2023-02-16 11:30:00,1497.68
2023-02-16 12:40:00,1497.68
2023-02-16 13:50:00,1497.68
2023-02-16 15:00:00,1497.68
2023-02-16 16:10:00,1497.68
2023-02-16 17:20:00,1497.68
2023-02-16 18:30:00,1497.68
2023-02-16 19:40:00,1497.68
2023-02-16 20:50:00,1497.68
2023-02-16 22:00:00,1497.68
2023-02-16 23:10:00,1497.68
2023-02-17 00:30:00,1497.68
2023-02-17 01:40:00,1497.68
2023-02-17 02:50:00,1497.68
2023-02-17 04:00:00,1497.68
2023-02-17 05:10:00,1497.68
2023-02-17 06:20:00,1497.68
2023-02-17 07:30:00,1497.68
2023-02-17 08:40:00,1497.68
2023-02-17 09:50:00,1497.68
2023-02-17 11:00:00,1497.68
2023-02-17 12:10:00,1497.68
2023-02-17 13:20:00,1497.68
2023-02-17 14:30:00,1497.68
2023-02-17 15:40:00,1497.68
2023-02-17 16:50:00,1497.68
2023-02-17 18:00:00,1497.68
2023-02-17 19:10:00,1497.68
2023-02-17 20:20:00,1497.68
2023-02-17 21:30:00,1497.68
2023-02-17 22:40:00,1497.68
2023-02-17 23:50:00,1497.68
2023-02-18 01:10:00,1497.68
2023-02-18 02:20:00,1497.68
2023-02-18 03:30:00,1497.68
2023-02-18 04:40:00,1497.68
2023-02-18 05:50:00,1497.68
2023-02-18 07:00:00,1497.68
2023-02-18 08:10:00,1497.68
2023-02-18 09:20:00,1497.68
2023-02-18 10:30:00,1497.68
2023-02-18 11:40:00,1497.68
2023-02-18 12:50:00,1497.68
2023-02-18 14:00:00,1497.68
2023-02-18 15:10:00,1497.68
2023-02-18 16:20:00,1497.68
2023-02-18 17:30:00,1497.68
2023-02-18 18:40:00,1497.68
2023-02-18 19:50:00,1497.68
2023-02-18 21:00:00,1497.68
2023-02-18 22:10:00,1497.68
2023-02-18 23:20:00,1497.68
2023-02-19 00:40:00,1497.68
2023-02-19 01:50:00,1497.68
2023-02-19 03:00:00,1497.68
2023-02-19 04:10:00,1497.68
2023-02-19 05:20:00,1497.68
2023-02-19 06:30:00,1497.68
2023-02-19 07:40:00,1497.68
2023-02-19 08:50:00,1497.68
2023-02-19 10:00:00,1497.68
2023-02-19 11:10:00,1497.68
2023-02-19 12:20:00,1497.68
2023-02-19 13:30:00,1497.68
2023-02-19 14:40:00,1497.68
2023-02-19 15:50:00,1497.68
2023-02-19 17:00:00,1497.68
2023-02-19 18:10:00,1497.7
2023-02-19 19:20:00,1497.7
2023-02-19 20:30:00,1497.7
2023-02-19 21:40:00,1497.7
2023-02-19 22:50:00,1497.7
2023-02-20 00:10:00,1497.7
2023-02-20 01:20:00,1497.7
2023-02-20 02:30:00,1497.7
2023-02-20 03:40:00,1497.7
2023-02-20 04:50:00,1497.7
2023-02-20 06:00:00,1497.7
2023-02-20 07:10:00,1497.7
2023-02-20 08:20:00,1497.7
2023-02-20 09:30:00,1497.7
2023-02-20 10:40:00,1497.7
2023-02-20 11:50:00,1497.7
2023-02-20 13:00:00,1497.7
2023-02-20 14:10:00,1497.7
2023-02-20 15:20:00,1497.7
2023-02-20 16:30:00,1497.7
2023-02-20 17:40:00,1497.7
2023-02-20 18:50:00,1497.7
2023-02-20 20:00:00,1497.7
2023-02-20 21:10:00,1497.7
2023-02-20 22:20:00,1497.7
2023-02-20 23:30:00,1497.7
2023-02-21 00:50:00,1497.7
2023-02-21 02:00:00,1497.7
2023-02-21 03:10:00,1497.7
2023-02-21 04:20:00,1497.7
2023-02-21 05:30:00,1497.68
2023-02-21 06:40:00,1497.68
2023-02-21 07:50:00,1497.68
2023-02-21 09:00:00,1497.68
2023-02-21 10:10:00,1497.68
2023-02-21 11:20:00,1497.68
2023-02-21 12:30:00,1497.68
2023-02-21 13:50:00,1497.68
2023-02-21 15:00:00,1497.68
2023-02-21 16:10:00,1497.68
2023-02-21 17:20:00,1497.68
2023-02-21 18:30:00,1497.68
2023-02-21 19:40:00,1497.68
2023-02-21 20:50:00,1497.68
2023-02-21 22:00:00,1497.68
2023-02-21 23:10:00,1497.68
2023-02-22 00:30:00,1497.68
2023-02-22 01:40:00,1497.68
2023-02-22 02:50:00,1497.68
2023-02-22 04:00:00,1497.68
2023-02-22 05:10:00,1497.68
2023-02-22 06:20:00,1497.68
2023-02-22 07:30:00,1497.68
2023-02-22 08:40:00,1497.68
2023-02-22 09:50:00,1497.68
2023-02-22 11:00:00,1497.68
2023-02-22 12:10:00,1497.68
2023-02-22 13:20:00,1497.68
2023-02-22 14:30:00,1497.68
2023-02-22 15:40:00,1497.68
2023-02-22 16:50:00,1497.68
2023-02-22 18:00:00,1497.68
2023-02-22 19:10:00,1497.68
2023-02-22 20:20:00,1497.68
2023-02-22 21:30:00,1497.68
2023-02-22 22:40:00,1497.68
2023-02-22 23:50:00,1497.68
2023-02-23 01:10:00,1497.68
2023-02-23 02:20:00,1497.68
2023-02-23 03:30:00,1497.68
2023-02-23 04:40:00,1497.68
2023-02-23 05:50:00,1497.68
2023-02-23 07:00:00,1497.68
2023-02-23 08:10:00,1497.68
2023-02-23 09:20:00,1497.68
2023-02-23 10:30:00,1497.68
2023-02-23 11:40:00,1497.68
2023-02-23 12:50:00,1497.68
2023-02-23 14:00:00,1497.68
2023-02-23 15:10:00,1497.68
2023-02-23 16:20:00,1497.68
2023-02-23 17:30:00,1497.68
2023-02-23 18:40:00,1497.68
2023-02-23 19:50:00,1497.68
2023-02-23 21:00:00,1497.68
2023-02-23 22:10:00,1497.68
2023-02-23 23:20:00,1497.68
2023-02-24 00:40:00,1497.68
2023-02-24 01:50:00,1497.68
2023-02-24 03:00:00,1497.68
2023-02-24 04:10:00,1497.68
2023-02-24 05:20:00,1497.68
2023-02-24 06:30:00,1497.68
2023-02-24 07:40:00,1497.68
2023-02-24 08:50:00,1497.68
2023-02-24 10:00:00,1497.68
2023-02-24 11:10:00,1497.68
2023-02-24 12:20:00,1497.68
2023-02-24 13:30:00,1497.7
2023-02-24 14:40:00,1497.7
2023-02-24 15:50:00,1497.7
2023-02-24 17:00:00,1497.71
2023-02-24 18:10:00,1497.71
2023-02-24 19:20:00,1497.7
2023-02-24 20:30:00,1497.7
2023-02-24 21:40:00,1497.7
2023-02-24 22:50:00,1497.7
2023-02-25 00:10:00,1497.7
2023-02-25 01:20:00,1497.7
2023-02-25 02:30:00,1497.7
2023-02-25 03:40:00,1497.7
2023-02-25 04:50:00,1497.7
2023-02-25 06:00:00,1497.7
2023-02-25 07:10:00,1497.7
2023-02-25 08:20:00,1497.68
2023-02-25 09:30:00,1497.68
2023-02-25 10:40:00,1497.68
2023-02-25 11:50:00,1497.68
2023-02-25 13:00:00,1497.68
2023-02-25 14:10:00,1497.7
2023-02-25 15:20:00,1497.7
2023-02-25 16:30:00,1497.71
2023-02-25 17:40:00,1497.71
2023-02-25 18:50:00,1497.71
2023-02-25 20:00:00,1497.71
2023-02-25 21:10:00,1497.7
2023-02-25 22:20:00,1497.7
2023-02-25 23:30:00,1497.7
2023-02-26 00:50:00,1497.7
2023-02-26 02:00:00,1497.7
2023-02-26 03:10:00,1497.7
2023-02-26 04:20:00,1497.7
2023-02-26 05:30:00,1497.7
2023-02-26 06:40:00,1497.7
2023-02-26 07:50:00,1497.7
2023-02-26 09:00:00,1497.7
2023-02-26 10:10:00,1497.7
2023-02-26 11:20:00,1497.7
2023-02-26 12:30:00,1497.7
2023-02-26 13:40:00,1497.7
2023-02-26 14:50:00,1497.71
2023-02-26 16:00:00,1497.73
2023-02-26 17:10:00,1497.73
2023-02-26 18:20:00,1497.73
2023-02-26 19:30:00,1497.73
2023-02-26 20:40:00,1497.73
2023-02-26 21:50:00,1497.73
2023-02-26 23:00:00,1497.73
2023-02-27 00:20:00,1497.7
2023-02-27 01:40:00,1497.7
2023-02-27 02:50:00,1497.7
2023-02-27 04:00:00,1497.7
2023-02-27 05:10:00,1497.7
2023-02-27 06:20:00,1497.7
2023-02-27 07:30:00,1497.7
2023-02-27 08:40:00,1497.7
2023-02-27 09:50:00,1497.68
2023-02-27 11:00:00,1497.68
2023-02-27 12:10:00,1497.7
2023-02-27 13:20:00,1497.7
2023-02-27 14:30:00,1497.71
2023-02-27 15:40:00,1497.71
2023-02-27 16:50:00,1497.73
2023-02-27 18:00:00,1497.73
2023-02-27 19:10:00,1497.73
2023-02-27 20:20:00,1497.73
2023-02-27 21:30:00,1497.73
2023-02-27 22:40:00,1497.73
2023-02-27 23:50:00,1497.73
2023-02-28 01:10:00,1497.73
2023-02-28 02:20:00,1497.73
2023-02-28 03:30:00,1497.73
2023-02-28 04:40:00,1497.73
2023-02-28 05:50:00,1497.73
2023-02-28 07:00:00,1497.7
2023-02-28 08:10:00,1497.7
2023-02-28 09:20:00,1497.7
2023-02-28 10:30:00,1497.7
2023-02-28 11:40:00,1497.7
2023-02-28 12:50:00,1497.7
2023-02-28 14:00:00,1497.7
2023-02-28 15:10:00,1497.7
2023-02-28 16:20:00,1497.7
2023-02-28 17:30:00,1497.7
2023-03-01 09:30:00,1497.7
2023-03-01 10:40:00,1497.7
2023-03-01 11:50:00,1497.7
2023-03-01 13:00:00,1497.7
2023-03-01 14:10:00,1497.7
2023-03-01 15:40:00,1497.7
2023-03-01 16:50:00,1497.7
2023-03-01 18:00:00,1497.7
2023-03-01 19:10:00,1497.7
2023-03-01 20:20:00,1497.7
2023-03-01 21:30:00,1497.7
2023-03-01 22:40:00,1497.7
2023-03-01 23:50:00,1497.7
2023-03-02 01:10:00,1497.7
2023-03-02 02:20:00,1497.7
2023-03-02 03:30:00,1497.7
2023-03-02 04:40:00,1497.7
2023-03-02 05:50:00,1497.7
2023-03-02 07:00:00,1497.7
2023-03-02 08:10:00,1497.7
2023-03-02 09:20:00,1497.7
2023-03-02 10:30:00,1497.7
2023-03-02 11:40:00,1497.7
2023-03-02 12:50:00,1497.7
2023-03-02 14:00:00,1497.7
2023-03-02 15:10:00,1497.7
2023-03-02 16:20:00,1497.7
2023-03-02 17:30:00,1497.7
2023-03-02 18:40:00,1497.7
2023-03-02 19:50:00,1497.7
2023-03-02 21:00:00,1497.7
2023-03-02 22:10:00,1497.7
2023-03-02 23:20:00,1497.7
2023-03-03 00:40:00,1497.7
2023-03-03 01:50:00,1497.7
2023-03-03 03:00:00,1497.7
2023-03-03 04:10:00,1497.7
2023-03-03 05:20:00,1497.7
2023-03-03 06:30:00,1497.7
2023-03-03 07:40:00,1497.7
2023-03-03 08:50:00,1497.7
2023-03-03 10:00:00,1497.7
2023-03-03 11:10:00,1497.7
2023-03-03 12:20:00,1497.7
2023-03-03 13:30:00,1497.73
2023-03-03 14:40:00,1497.73
2023-03-03 15:50:00,1497.73
2023-03-03 17:00:00,1497.73
2023-03-03 18:10:00,1497.73
2023-03-03 19:20:00,1497.73
2023-03-03 20:30:00,1497.73
2023-03-03 21:40:00,1497.73
2023-03-03 22:50:00,1497.73
2023-03-04 00:10:00,1497.73
2023-03-04 01:20:00,1497.73
2023-03-04 02:30:00,1497.73
2023-03-04 03:40:00,1497.73
2023-03-04 04:50:00,1497.73
2023-03-04 06:00:00,1497.7
2023-03-04 07:10:00,1497.7
2023-03-04 08:20:00,1497.7
2023-03-04 09:30:00,1497.7
2023-03-04 10:40:00,1497.7
2023-03-04 11:50:00,1497.7
2023-03-04 13:00:00,1497.7
2023-03-04 14:10:00,1497.71
2023-03-04 15:20:00,1497.73
2023-03-04 16:30:00,1497.73
2023-03-04 17:40:00,1497.74
2023-03-04 18:50:00,1497.74
2023-03-04 20:00:00,1497.73
2023-03-04 21:10:00,1497.73
2023-03-04 22:20:00,1497.73
2023-03-04 23:30:00,1497.73
2023-03-05 00:50:00,1497.73
2023-03-05 02:00:00,1497.71
2023-03-05 03:10:00,1497.71
2023-03-05 04:20:00,1497.71
2023-03-05 05:30:00,1497.71
2023-03-05 06:40:00,1497.71
2023-03-05 07:50:00,1497.71
2023-03-05 09:00:00,1497.71
2023-03-05 10:10:00,1497.71
2023-03-05 11:20:00,1497.71
2023-03-05 12:30:00,1497.71
2023-03-05 13:40:00,1497.73
2023-03-05 14:50:00,1497.74
2023-03-05 16:00:00,1497.76
2023-03-05 17:10:00,1497.76
2023-03-05 18:20:00,1497.76
2023-03-05 19:30:00,1497.76
2023-03-05 20:40:00,1497.76
2023-03-05 21:50:00,1497.76
2023-03-05 23:00:00,1497.73
2023-03-06 00:20:00,1497.73
2023-03-06 01:40:00,1497.73
2023-03-06 02:50:00,1497.73
2023-03-06 04:00:00,1497.73
2023-03-06 05:10:00,1497.73
2023-03-06 06:20:00,1497.73
2023-03-06 07:30:00,1497.71
2023-03-06 08:40:00,1497.71
2023-03-06 09:50:00,1497.71
2023-03-06 11:00:00,1497.71
2023-03-06 12:10:00,1497.71
2023-03-06 13:20:00,1497.71
2023-03-06 14:30:00,1497.71
2023-03-06 15:40:00,1497.71
2023-03-06 16:50:00,1497.71
2023-03-06 18:00:00,1497.71
2023-03-06 19:10:00,1497.71
2023-03-06 20:20:00,1497.71
2023-03-06 21:30:00,1497.71
2023-03-06 22:40:00,1497.71
2023-03-06 23:50:00,1497.71
2023-03-07 01:10:00,1497.71
2023-03-07 02:20:00,1497.71
2023-03-07 03:30:00,1497.71
2023-03-07 04:40:00,1497.71
2023-03-07 05:50:00,1497.71
2023-03-07 07:00:00,1497.71
2023-03-07 08:10:00,1497.71
2023-03-07 09:20:00,1497.71
2023-03-07 10:30:00,1497.71
2023-03-07 11:40:00,1497.71
2023-03-07 12:50:00,1497.71
2023-03-07 14:00:00,1497.71
2023-03-07 15:10:00,1497.71
2023-03-07 16:20:00,1497.71
2023-03-07 17:30:00,1497.71
2023-03-07 18:40:00,1497.71
2023-03-07 19:50:00,1497.71
2023-03-07 21:00:00,1497.71
2023-03-07 22:10:00,1497.71
2023-03-07 23:20:00,1497.71
2023-03-08 00:40:00,1497.71
2023-03-08 01:50:00,1497.71
2023-03-08 03:00:00,1497.71
2023-03-08 04:10:00,1497.71
2023-03-08 05:20:00,1497.71
2023-03-08 06:30:00,1497.71
2023-03-08 07:40:00,1497.71
2023-03-08 08:50:00,1497.71
2023-03-08 10:00:00,1497.71
2023-03-08 11:10:00,1497.71
2023-03-08 12:20:00,1497.71
2023-03-08 13:30:00,1497.71
2023-03-08 14:40:00,1497.71
2023-03-08 15:50:00,1497.71
2023-03-08 17:00:00,1497.73
2023-03-08 18:10:00,1497.73
2023-03-08 19:20:00,1497.73
2023-03-08 20:30:00,1497.73
2023-03-08 21:40:00,1497.73
2023-03-08 22:50:00,1497.73
2023-03-09 00:10:00,1497.73
2023-03-09 01:20:00,1497.73
2023-03-09 02:30:00,1497.73
2023-03-09 03:40:00,1497.73
2023-03-09 04:50:00,1497.73
2023-03-09 06:00:00,1497.73
2023-03-09 07:10:00,1497.73
2023-03-09 08:20:00,1497.73
2023-03-09 09:30:00,1497.73
2023-03-09 10:40:00,1497.73
2023-03-09 11:50:00,1497.73
2023-03-09 13:00:00,1497.73
2023-03-09 14:10:00,1497.74
2023-03-09 15:20:00,1497.76
2023-03-09 16:30:00,1497.76
2023-03-09 17:40:00,1497.76
2023-03-09 18:50:00,1497.76
2023-03-09 20:00:00,1497.76
2023-03-09 21:10:00,1497.76
2023-03-09 22:20:00,1497.76
2023-03-09 23:30:00,1497.76
2023-03-10 00:50:00,1497.76
2023-03-10 02:00:00,1497.73
2023-03-10 03:10:00,1497.73
2023-03-10 04:20:00,1497.73
2023-03-10 05:30:00,1497.73
2023-03-10 06:40:00,1497.73
2023-03-10 07:50:00,1497.73
2023-03-10 09:00:00,1497.73
2023-03-10 10:40:00,1497.73
2023-03-10 11:50:00,1497.73
2023-03-10 13:00:00,1497.73
2023-03-10 14:10:00,1497.73
2023-03-10 15:20:00,1497.73
2023-03-10 16:30:00,1497.73
2023-03-10 17:40:00,1497.73
2023-03-10 18:50:00,1497.73
2023-03-10 20:00:00,1497.73
2023-03-10 21:10:00,1497.73
2023-03-10 22:20:00,1497.73
2023-03-10 23:30:00,1497.73
2023-03-11 00:50:00,1497.73
2023-03-11 02:00:00,1497.73
2023-03-11 03:10:00,1497.73
2023-03-11 04:20:00,1497.73
2023-03-11 05:30:00,1497.71
2023-03-11 06:40:00,1497.71
2023-03-11 07:50:00,1497.71
2023-03-11 09:00:00,1497.71
2023-03-11 10:10:00,1497.71
2023-03-11 11:20:00,1497.71
2023-03-11 12:30:00,1497.71
2023-03-11 13:40:00,1497.71
2023-03-11 14:50:00,1497.74
2023-03-11 16:00:00,1497.76
2023-03-11 17:10:00,1497.76
2023-03-11 18:20:00,1497.76
2023-03-11 19:30:00,1497.76
2023-03-11 20:40:00,1497.76
2023-03-11 21:50:00,1497.76
2023-03-11 23:00:00,1497.76
2023-03-12 00:20:00,1497.76
2023-03-12 01:30:00,1497.76
2023-03-12 02:40:00,1497.76
2023-03-12 03:50:00,1497.76
2023-03-12 05:00:00,1497.76
2023-03-12 06:10:00,1497.73
2023-03-12 07:20:00,1497.73
2023-03-12 08:30:00,1497.73
2023-03-12 09:40:00,1497.73
2023-03-12 10:50:00,1497.73
2023-03-12 12:00:00,1497.73
2023-03-12 13:10:00,1497.73
2023-03-12 14:20:00,1497.73
2023-03-12 15:30:00,1497.73
2023-03-12 16:40:00,1497.73
2023-03-12 17:50:00,1497.73
2023-03-12 19:00:00,1497.73
2023-03-12 20:10:00,1497.73
2023-03-12 21:20:00,1497.73
2023-03-12 22:30:00,1497.73
2023-03-12 23:40:00,1497.73
2023-03-13 01:00:00,1497.73
2023-03-13 02:10:00,1497.71
2023-03-13 03:20:00,1497.71
2023-03-13 04:30:00,1497.71
2023-03-13 05:40:00,1497.71
2023-03-13 06:50:00,1497.71
2023-03-13 08:00:00,1497.71
2023-03-13 09:10:00,1497.71
2023-03-13 10:20:00,1497.71
2023-03-13 11:30:00,1497.71
2023-03-13 12:40:00,1497.71
2023-03-13 13:50:00,1497.73
2023-03-13 15:00:00,1497.73
2023-03-13 16:10:00,1497.73
2023-03-13 17:20:00,1497.73
2023-03-13 18:30:00,1497.73
2023-03-13 19:40:00,1497.73
2023-03-13 20:50:00,1497.73
2023-03-13 22:00:00,1497.73
2023-03-13 23:10:00,1497.73
2023-03-14 00:30:00,1497.73
2023-03-14 01:40:00,1497.73
2023-03-14 02:50:00,1497.71
2023-03-14 04:00:00,1497.71
2023-03-14 05:10:00,1497.71
2023-03-14 06:20:00,1497.71
2023-03-14 07:30:00,1497.71
2023-03-14 08:40:00,1497.71
2023-03-14 09:50:00,1497.71
2023-03-14 11:00:00,1497.71
2023-03-14 12:10:00,1497.71
2023-03-14 13:20:00,1497.73
2023-03-14 14:30:00,1497.74
2023-03-14 15:40:00,1497.76
2023-03-14 16:50:00,1497.76
2023-03-14 18:00:00,1497.76
2023-03-14 19:10:00,1497.76
2023-03-14 20:20:00,1497.76
2023-03-14 21:30:00,1497.76
2023-03-14 22:40:00,1497.76
2023-03-14 23:50:00,1497.73
2023-03-15 01:10:00,1497.73
2023-03-15 02:20:00,1497.73
2023-03-15 03:30:00,1497.73
2023-03-15 04:40:00,1497.73
2023-03-15 05:50:00,1497.73
2023-03-15 07:00:00,1497.73
2023-03-15 08:10:00,1497.71
2023-03-15 09:20:00,1497.71
2023-03-15 10:30:00,1497.71
2023-03-15 11:40:00,1497.73
2023-03-15 12:50:00,1497.74
2023-03-15 14:00:00,1497.76
2023-03-15 15:10:00,1497.76
2023-03-15 16:20:00,1497.76
2023-03-15 17:30:00,1497.79
2023-03-15 18:40:00,1497.79
2023-03-15 19:50:00,1497.79
2023-03-15 21:00:00,1497.79
2023-03-15 22:10:00,1497.76
2023-03-15 23:20:00,1497.76
2023-03-16 00:40:00,1497.76
2023-03-16 01:50:00,1497.76
2023-03-16 03:00:00,1497.76
2023-03-16 04:10:00,1497.76
2023-03-16 05:20:00,1497.76
2023-03-16 06:30:00,1497.76
2023-03-16 07:40:00,1497.76
2023-03-16 08:50:00,1497.76
2023-03-16 10:00:00,1497.76
2023-03-16 11:10:00,1497.76
2023-03-16 12:20:00,1497.73
2023-03-16 13:30:00,1497.73
2023-03-16 14:40:00,1497.73
2023-03-16 15:50:00,1497.73
2023-03-16 17:00:00,1497.73
2023-03-16 18:10:00,1497.73
2023-03-16 19:20:00,1497.73
2023-03-16 20:30:00,1497.73
2023-03-16 21:40:00,1497.73
2023-03-16 22:50:00,1497.73
2023-03-17 00:10:00,1497.73
2023-03-17 01:20:00,1497.73
2023-03-17 02:30:00,1497.73
2023-03-17 03:40:00,1497.73
2023-03-17 04:50:00,1497.73
2023-03-17 06:00:00,1497.73
2023-03-17 07:10:00,1497.73
2023-03-17 08:20:00,1497.73
2023-03-17 09:30:00,1497.73
2023-03-17 10:40:00,1497.73
2023-03-17 11:50:00,1497.73
2023-03-17 13:00:00,1497.73
2023-03-17 14:10:00,1497.73
2023-03-17 15:20:00,1497.73
2023-03-17 16:30:00,1497.73
2023-03-17 17:40:00,1497.73
2023-03-17 18:50:00,1497.73
2023-03-17 20:00:00,1497.73
2023-03-17 21:10:00,1497.73
2023-03-17 22:20:00,1497.73
2023-03-17 23:30:00,1497.73
2023-03-18 00:50:00,1497.73
2023-03-18 02:00:00,1497.73
2023-03-18 03:10:00,1497.73
2023-03-18 04:20:00,1497.73
2023-03-18 05:30:00,1497.73
2023-03-18 06:40:00,1497.73
2023-03-18 07:50:00,1497.73
2023-03-18 09:00:00,1497.73
2023-03-18 10:10:00,1497.73
2023-03-18 11:20:00,1497.73
2023-03-18 12:30:00,1497.73
2023-03-18 13:40:00,1497.73
2023-03-18 14:50:00,1497.73
2023-03-18 16:00:00,1497.73
2023-03-18 17:10:00,1497.73
2023-03-18 18:20:00,1497.73
2023-03-18 19:30:00,1497.73
2023-03-18 20:40:00,1497.73
2023-03-18 21:50:00,1497.73
2023-03-18 23:00:00,1497.73
2023-03-19 00:20:00,1497.73
2023-03-19 01:30:00,1497.73
2023-03-19 02:40:00,1497.73
2023-03-19 03:50:00,1497.73
2023-03-19 05:00:00,1497.73
2023-03-19 06:10:00,1497.71
2023-03-19 07:20:00,1497.71
2023-03-19 08:30:00,1497.71
2023-03-19 09:40:00,1497.71
2023-03-19 10:50:00,1497.71
2023-03-19 12:00:00,1497.71
2023-03-19 13:10:00,1497.71
2023-03-19 14:20:00,1497.71
2023-03-19 15:30:00,1497.71
2023-03-19 16:40:00,1497.71
2023-03-19 17:50:00,1497.71
2023-03-19 19:00:00,1497.71
2023-03-19 20:10:00,1497.71
2023-03-19 21:20:00,1497.71
2023-03-19 22:30:00,1497.71
2023-03-19 23:40:00,1497.71
2023-03-20 01:10:00,1497.71
2023-03-20 02:20:00,1497.71
2023-03-20 03:30:00,1497.71
2023-03-20 04:40:00,1497.71
2023-03-20 05:50:00,1497.71
2023-03-20 07:00:00,1497.71
2023-03-20 08:10:00,1497.71
2023-03-20 09:20:00,1497.71
2023-03-20 10:30:00,1497.71
2023-03-20 11:40:00,1497.71
2023-03-20 12:50:00,1497.71
2023-03-20 14:00:00,1497.71
2023-03-20 15:10:00,1497.73
2023-03-20 16:20:00,1497.73
2023-03-20 17:30:00,1497.73
2023-03-20 18:40:00,1497.73
2023-03-20 19:50:00,1497.73
2023-03-20 21:00:00,1497.73
2023-03-20 22:10:00,1497.73
2023-03-20 23:20:00,1497.73
2023-03-21 00:40:00,1497.73
2023-03-21 01:50:00,1497.73
2023-03-21 03:00:00,1497.73
2023-03-21 04:10:00,1497.73
2023-03-21 05:20:00,1497.73
2023-03-21 06:30:00,1497.73
2023-03-21 07:40:00,1497.71
2023-03-21 08:50:00,1497.71
2023-03-21 10:00:00,1497.71
2023-03-21 11:10:00,1497.73
2023-03-21 12:20:00,1497.73
2023-03-21 13:30:00,1497.73
2023-03-21 14:40:00,1497.74
2023-03-21 15:50:00,1497.76
2023-03-21 17:00:00,1497.76
2023-03-21 18:10:00,1497.76
2023-03-21 19:20:00,1497.76
2023-03-21 20:30:00,1497.76
2023-03-21 21:40:00,1497.76
2023-03-21 22:50:00,1497.76
2023-03-22 00:10:00,1497.76
2023-03-22 01:20:00,1497.73
2023-03-22 02:30:00,1497.73
2023-03-22 03:40:00,1497.73
2023-03-22 04:50:00,1497.73
2023-03-22 06:00:00,1497.73
2023-03-22 07:10:00,1497.73
2023-03-22 08:20:00,1497.73
2023-03-22 09:30:00,1497.73
2023-03-22 10:40:00,1497.73
2023-03-22 11:50:00,1497.73
2023-03-22 13:00:00,1497.73
2023-03-22 14:10:00,1497.73
2023-03-22 15:20:00,1497.73
2023-03-22 16:30:00,1497.73
2023-03-22 17:40:00,1497.73
2023-03-22 18:50:00,1497.73
2023-03-22 20:00:00,1497.73
2023-03-22 21:10:00,1497.73
2023-03-22 22:20:00,1497.73
2023-03-22 23:30:00,1497.73
2023-03-23 00:50:00,1497.73
2023-03-23 02:00:00,1497.73
2023-03-23 03:10:00,1497.73
2023-03-23 04:20:00,1497.73
2023-03-23 05:30:00,1497.73
2023-03-23 06:40:00,1497.73
2023-03-23 07:50:00,1497.73
2023-03-23 09:00:00,1497.73
2023-03-23 10:10:00,1497.73
2023-03-23 11:20:00,1497.73
2023-03-23 12:30:00,1497.73
2023-03-23 13:40:00,1497.73
2023-03-23 14:50:00,1497.73
2023-03-23 16:00:00,1497.73
2023-03-23 17:10:00,1497.73
2023-03-23 18:20:00,1497.73
2023-03-23 19:30:00,1497.73
2023-03-23 20:40:00,1497.73
2023-03-23 21:50:00,1497.73
2023-03-23 23:00:00,1497.73
2023-03-24 00:20:00,1497.73
2023-03-24 01:30:00,1497.73
2023-03-24 02:40:00,1497.73
2023-03-24 03:50:00,1497.73
2023-03-24 05:00:00,1497.73
2023-03-24 06:10:00,1497.73
2023-03-24 07:20:00,1497.73
2023-03-24 08:30:00,1497.73
2023-03-24 09:40:00,1497.71
2023-03-24 10:50:00,1497.71
2023-03-24 12:00:00,1497.71
2023-03-24 13:10:00,1497.71
2023-03-24 14:20:00,1497.71
2023-03-24 15:30:00,1497.71
2023-03-24 16:40:00,1497.71
2023-03-24 17:50:00,1497.71
2023-03-24 19:00:00,1497.71
2023-03-24 20:10:00,1497.71
2023-03-24 21:20:00,1497.71
2023-03-24 22:30:00,1497.71
2023-03-24 23:40:00,1497.71
2023-03-25 01:00:00,1497.71
2023-03-25 02:10:00,1497.71
2023-03-25 03:20:00,1497.71
2023-03-25 04:30:00,1497.71
2023-03-25 05:40:00,1497.71
2023-03-25 06:50:00,1497.71
2023-03-25 08:00:00,1497.71
2023-03-25 09:10:00,1497.71
2023-03-25 10:20:00,1497.71
2023-03-25 11:30:00,1497.71
2023-03-25 12:40:00,1497.71
2023-03-25 13:50:00,1497.71
2023-03-25 15:00:00,1497.71
2023-03-25 16:10:00,1497.71
2023-03-25 17:20:00,1497.71
2023-03-25 18:30:00,1497.71
2023-03-25 19:40:00,1497.71
2023-03-25 20:50:00,1497.71
2023-03-25 22:00:00,1497.71
2023-03-25 23:10:00,1497.71
2023-03-26 00:30:00,1497.71
2023-03-26 01:40:00,1497.71
2023-03-26 02:50:00,1497.71
2023-03-26 04:00:00,1497.71
2023-03-26 05:10:00,1497.71
2023-03-26 06:20:00,1497.71
2023-03-26 07:30:00,1497.71
2023-03-26 08:40:00,1497.71
2023-03-26 09:50:00,1497.71
2023-03-26 11:00:00,1497.71
2023-03-26 12:10:00,1497.71
2023-03-26 13:20:00,1497.71
2023-03-26 14:30:00,1497.71
2023-03-26 15:40:00,1497.71
2023-03-26 16:50:00,1497.71
2023-03-26 18:00:00,1497.73
2023-03-26 19:10:00,1497.73
2023-03-26 20:20:00,1497.73
2023-03-26 21:30:00,1497.73
2023-03-26 22:40:00,1497.73
2023-03-26 23:50:00,1497.73
2023-03-27 01:10:00,1497.73
2023-03-27 02:20:00,1497.73
2023-03-27 03:30:00,1497.73
2023-03-27 04:40:00,1497.73
2023-03-27 05:50:00,1497.73
2023-03-27 07:00:00,1497.73
2023-03-27 08:10:00,1497.73
2023-03-27 09:20:00,1497.73
2023-03-27 10:30:00,1497.73
2023-03-27 11:40:00,1497.73
2023-03-27 12:50:00,1497.73
2023-03-27 14:00:00,1497.73
2023-03-27 15:10:00,1497.73
2023-03-27 16:20:00,1497.73
2023-03-27 17:30:00,1497.73
2023-03-27 18:40:00,1497.73
2023-03-27 19:50:00,1497.73
2023-03-27 21:00:00,1497.73
2023-03-27 22:10:00,1497.73
2023-03-27 23:20:00,1497.73
2023-03-28 00:40:00,1497.73
2023-03-28 01:50:00,1497.73
2023-03-28 03:00:00,1497.73
2023-03-28 04:10:00,1497.73
2023-03-28 05:20:00,1497.73
2023-03-28 06:30:00,1497.73
2023-03-28 07:40:00,1497.73
2023-03-28 08:50:00,1497.73
2023-03-28 10:00:00,1497.73
2023-03-28 11:10:00,1497.73
2023-03-28 12:20:00,1497.73
2023-03-28 13:30:00,1497.73
2023-03-28 14:40:00,1497.73
2023-03-28 15:50:00,1497.73
2023-03-28 17:00:00,1497.73
2023-03-28 18:10:00,1497.73
2023-03-28 19:20:00,1497.73
2023-03-28 20:30:00,1497.73
2023-03-28 21:40:00,1497.73
2023-03-28 22:50:00,1497.73
2023-03-29 00:10:00,1497.73
2023-03-29 01:20:00,1497.73
2023-03-29 02:30:00,1497.73
2023-03-29 03:40:00,1497.73
2023-03-29 04:50:00,1497.73
2023-03-29 06:00:00,1497.73
2023-03-29 07:10:00,1497.73
2023-03-29 08:20:00,1497.73
2023-03-29 09:30:00,1497.73
2023-03-29 10:40:00,1497.73
2023-03-29 11:50:00,1497.73
2023-03-29 13:00:00,1497.73
2023-03-29 14:10:00,1497.73
2023-03-29 15:20:00,1497.73
2023-03-29 16:30:00,1497.73
2023-03-29 17:40:00,1497.73
2023-03-29 18:50:00,1497.73
2023-03-29 20:00:00,1497.73
2023-03-29 21:10:00,1497.73
2023-03-29 22:20:00,1497.73
2023-03-29 23:30:00,1497.73
2023-03-30 00:50:00,1497.73
2023-03-30 02:00:00,1497.73
2023-03-30 03:10:00,1497.73
2023-03-30 04:20:00,1497.73
2023-03-30 05:30:00,1497.73
2023-03-30 06:40:00,1497.73
2023-03-30 07:50:00,1497.73
2023-03-30 09:00:00,1497.73
2023-03-30 10:10:00,1497.73
2023-03-30 11:20:00,1497.73
2023-03-30 12:30:00,1497.73
2023-03-30 13:40:00,1497.73
2023-03-30 14:50:00,1497.74
2023-03-30 16:00:00,1497.76
2023-03-30 17:10:00,1497.76
2023-03-30 18:20:00,1497.76
2023-03-30 19:30:00,1497.76
2023-03-30 20:40:00,1497.76
2023-03-30 21:50:00,1497.76
2023-03-30 23:00:00,1497.76
2023-03-31 00:20:00,1497.76
2023-03-31 01:30:00,1497.73
2023-03-31 02:40:00,1497.73
2023-03-31 03:50:00,1497.73
2023-03-31 05:00:00,1497.73
2023-03-31 06:10:00,1497.73
2023-03-31 07:20:00,1497.73
2023-03-31 08:30:00,1497.73
2023-03-31 09:40:00,1497.73
2023-03-31 10:50:00,1497.73
2023-03-31 12:00:00,1497.73
2023-03-31 13:10:00,1497.74
2023-03-31 14:20:00,1497.76
2023-03-31 15:30:00,1497.76
2023-03-31 16:40:00,1497.76
2023-03-31 17:50:00,1497.76
2023-03-31 19:00:00,1497.76
2023-03-31 20:10:00,1497.76
2023-03-31 21:20:00,1497.76
2023-03-31 22:30:00,1497.76
2023-03-31 23:40:00,1497.76
2023-04-01 01:00:00,1497.76
2023-04-01 02:10:00,1497.76
2023-04-01 03:20:00,1497.76
2023-04-01 04:30:00,1497.76
2023-04-01 05:40:00,1497.76
2023-04-01 06:50:00,1497.73
2023-04-01 08:00:00,1497.73
2023-04-01 09:10:00,1497.73
2023-04-01 10:20:00,1497.73
2023-04-01 11:30:00,1497.74
2023-04-01 12:40:00,1497.76
2023-04-01 13:50:00,1497.76
2023-04-01 15:00:00,1497.76
2023-04-01 16:10:00,1497.76
2023-04-01 17:20:00,1497.79
2023-04-01 18:30:00,1497.79
2023-04-01 19:40:00,1497.79
2023-04-01 20:50:00,1497.79
2023-04-01 22:00:00,1497.79
2023-04-01 23:10:00,1497.79
2023-04-02 00:30:00,1497.76
2023-04-02 01:40:00,1497.76
2023-04-02 02:50:00,1497.76
2023-04-02 04:00:00,1497.76
2023-04-02 05:10:00,1497.76
2023-04-02 06:20:00,1497.76
2023-04-02 07:30:00,1497.76
2023-04-02 08:40:00,1497.76
2023-04-02 09:50:00,1497.76
2023-04-02 11:40:00,1497.76
2023-04-02 12:50:00,1497.79
2023-04-02 14:00:00,1497.79
2023-04-02 15:10:00,1497.79
2023-04-02 16:20:00,1497.79
2023-04-02 17:30:00,1497.79
2023-04-02 18:40:00,1497.79
2023-04-02 19:50:00,1497.79
2023-04-02 21:00:00,1497.79
2023-04-02 22:10:00,1497.79
2023-04-02 23:20:00,1497.79
2023-04-03 00:40:00,1497.79
2023-04-03 02:00:00,1497.79
2023-04-03 03:10:00,1497.79
2023-04-03 04:20:00,1497.76
2023-04-03 05:30:00,1497.76
2023-04-03 06:40:00,1497.76
2023-04-03 07:50:00,1497.76
2023-04-03 09:00:00,1497.76
2023-04-03 10:10:00,1497.76
2023-04-03 11:20:00,1497.76
2023-04-03 12:30:00,1497.76
2023-04-03 13:40:00,1497.76
2023-04-03 14:50:00,1497.76
2023-04-03 16:00:00,1497.76
2023-04-03 17:10:00,1497.76
2023-04-03 18:20:00,1497.76
2023-04-03 19:30:00,1497.76
2023-04-03 20:40:00,1497.76
2023-04-03 21:50:00,1497.76
2023-04-03 23:00:00,1497.76
2023-04-04 00:20:00,1497.76
2023-04-04 01:30:00,1497.76
2023-04-04 02:40:00,1497.76
2023-04-04 03:50:00,1497.76
2023-04-04 05:00:00,1497.76
2023-04-04 06:10:00,1497.76
2023-04-04 07:20:00,1497.76
2023-04-04 08:30:00,1497.76
2023-04-04 09:40:00,1497.76
2023-04-04 10:50:00,1497.76
2023-04-04 12:00:00,1497.76
2023-04-04 13:10:00,1497.76
2023-04-04 14:20:00,1497.76
2023-04-04 15:30:00,1497.76
2023-04-04 16:40:00,1497.76
2023-04-04 17:50:00,1497.76
2023-04-04 19:00:00,1497.76
2023-04-04 20:10:00,1497.76
2023-04-04 21:20:00,1497.76
2023-04-04 22:30:00,1497.76
2023-04-04 23:40:00,1497.76
2023-04-05 01:00:00,1497.76
2023-04-05 02:10:00,1497.76
2023-04-05 03:20:00,1497.76
2023-04-05 04:30:00,1497.76
2023-04-05 05:40:00,1497.76
2023-04-05 06:50:00,1497.76
2023-04-05 08:00:00,1497.76
2023-04-05 09:10:00,1497.76
2023-04-05 10:20:00,1497.76
2023-04-05 11:30:00,1497.76
2023-04-05 12:40:00,1497.76
2023-04-05 13:50:00,1497.73
2023-04-05 15:00:00,1497.73
2023-04-05 16:10:00,1497.73
2023-04-05 17:20:00,1497.73
2023-04-05 18:30:00,1497.73
2023-04-05 19:40:00,1497.73
2023-04-05 20:50:00,1497.73
2023-04-05 22:00:00,1497.73
2023-04-05 23:10:00,1497.73
2023-04-06 00:30:00,1497.73
2023-04-06 01:40:00,1497.73
2023-04-06 02:50:00,1497.73
2023-04-06 04:00:00,1497.73
2023-04-06 05:10:00,1497.73
2023-04-06 06:20:00,1497.73
2023-04-06 07:30:00,1497.73
2023-04-06 08:40:00,1497.73
2023-04-06 09:50:00,1497.73
2023-04-06 11:00:00,1497.73
2023-04-06 12:10:00,1497.73
2023-04-06 13:20:00,1497.73
2023-04-06 14:30:00,1497.74
2023-04-06 15:40:00,1497.76
2023-04-06 16:50:00,1497.76
2023-04-06 18:00:00,1497.76
2023-04-06 19:10:00,1497.76
2023-04-06 20:20:00,1497.76
2023-04-06 21:30:00,1497.76
2023-04-06 22:40:00,1497.76
2023-04-06 23:50:00,1497.76
2023-04-07 01:10:00,1497.76
2023-04-07 02:20:00,1497.76
2023-04-07 03:30:00,1497.73
2023-04-07 04:40:00,1497.73
2023-04-07 05:50:00,1497.73
2023-04-07 07:00:00,1497.73
2023-04-07 08:10:00,1497.73
2023-04-07 09:20:00,1497.73
2023-04-07 10:30:00,1497.73
2023-04-07 11:40:00,1497.73
2023-04-07 12:50:00,1497.73
2023-04-07 14:00:00,1497.73
2023-04-07 15:10:00,1497.73
2023-04-07 16:20:00,1497.73
2023-04-07 17:30:00,1497.73
2023-04-07 18:40:00,1497.74
2023-04-07 19:50:00,1497.73
2023-04-07 21:00:00,1497.73
2023-04-07 22:10:00,1497.73
2023-04-07 23:20:00,1497.73
2023-04-08 00:40:00,1497.73
2023-04-08 01:50:00,1497.73
2023-04-08 03:00:00,1497.73
2023-04-08 04:10:00,1497.73
2023-04-08 05:20:00,1497.73
2023-04-08 06:30:00,1497.73
2023-04-08 07:40:00,1497.73
2023-04-08 08:50:00,1497.73
2023-04-08 10:00:00,1497.73
2023-04-08 11:10:00,1497.73
2023-04-08 12:20:00,1497.73
2023-04-08 13:30:00,1497.73
2023-04-08 14:40:00,1497.74
2023-04-08 15:50:00,1497.76
2023-04-08 17:00:00,1497.76
2023-04-08 18:10:00,1497.76
2023-04-08 19:20:00,1497.76
2023-04-08 20:30:00,1497.76
2023-04-08 21:40:00,1497.76
2023-04-08 22:50:00,1497.76
2023-04-09 00:10:00,1497.76
2023-04-09 01:20:00,1497.76
2023-04-09 02:30:00,1497.73
2023-04-09 03:40:00,1497.73
2023-04-09 04:50:00,1497.73
2023-04-09 06:00:00,1497.73
2023-04-09 07:10:00,1497.73
2023-04-09 08:20:00,1497.73
2023-04-09 09:30:00,1497.73
2023-04-09 10:40:00,1497.73
2023-04-09 11:50:00,1497.74
2023-04-09 13:00:00,1497.76
2023-04-09 14:10:00,1497.76
2023-04-09 15:20:00,1497.76
2023-04-09 16:30:00,1497.79
2023-04-09 17:40:00,1497.79
2023-04-09 18:50:00,1497.79
2023-04-09 20:00:00,1497.79
2023-04-09 21:10:00,1497.79
2023-04-09 22:20:00,1497.79
2023-04-09 23:30:00,1497.79
2023-04-10 00:50:00,1497.79
2023-04-10 02:00:00,1497.76
2023-04-10 03:10:00,1497.76
2023-04-10 04:20:00,1497.76
2023-04-10 05:30:00,1497.76
2023-04-10 06:40:00,1497.76
2023-04-10 07:50:00,1497.76
2023-04-10 09:00:00,1497.76
2023-04-10 10:10:00,1497.76
2023-04-10 11:20:00,1497.76
2023-04-10 12:30:00,1497.76
2023-04-10 13:40:00,1497.79
2023-04-10 14:50:00,1497.79
2023-04-10 16:00:00,1497.79
2023-04-10 17:10:00,1497.79
2023-04-10 18:20:00,1497.79
2023-04-10 19:30:00,1497.79
2023-04-10 20:40:00,1497.79
2023-04-10 21:50:00,1497.79
2023-04-10 23:00:00,1497.79
2023-04-11 00:20:00,1497.79
2023-04-11 01:30:00,1497.76
2023-04-11 02:40:00,1497.76
2023-04-11 03:50:00,1497.76
2023-04-11 05:00:00,1497.76
2023-04-11 06:10:00,1497.76
2023-04-11 07:20:00,1497.76
2023-04-11 08:30:00,1497.76
2023-04-11 09:40:00,1497.76
2023-04-11 10:50:00,1497.76
2023-04-11 12:00:00,1497.76
2023-04-11 13:10:00,1497.79
2023-04-11 14:20:00,1497.79
2023-04-11 15:30:00,1497.79
2023-04-11 16:40:00,1497.82
2023-04-11 17:50:00,1497.82
2023-04-11 19:00:00,1497.82
2023-04-11 20:10:00,1497.82
2023-04-11 21:20:00,1497.82
2023-04-11 22:30:00,1497.81
2023-04-11 23:40:00,1497.79
2023-04-12 01:00:00,1497.79
2023-04-12 02:10:00,1497.79
2023-04-12 03:20:00,1497.79
2023-04-12 04:30:00,1497.79
2023-04-12 05:40:00,1497.76
2023-04-12 06:50:00,1497.76
2023-04-12 08:00:00,1497.76
2023-04-12 09:10:00,1497.76
2023-04-12 10:20:00,1497.76
2023-04-12 11:30:00,1497.76
2023-04-12 12:40:00,1497.76
2023-04-12 13:50:00,1497.76
2023-04-12 15:00:00,1497.76
2023-04-12 16:10:00,1497.76
2023-04-12 17:20:00,1497.76
2023-04-12 18:30:00,1497.76
2023-04-12 19:40:00,1497.76
2023-04-12 20:50:00,1497.76
2023-04-12 22:00:00,1497.76
2023-04-12 23:10:00,1497.76
2023-04-13 00:30:00,1497.76
2023-04-13 01:40:00,1497.76
2023-04-13 02:50:00,1497.76
2023-04-13 04:00:00,1497.76
2023-04-13 05:10:00,1497.76
2023-04-13 06:20:00,1497.76
2023-04-13 07:30:00,1497.76
2023-04-13 08:40:00,1497.76
2023-04-13 09:50:00,1497.76
2023-04-13 11:00:00,1497.76
2023-04-13 12:10:00,1497.76
2023-04-13 13:20:00,1497.76
2023-04-13 14:30:00,1497.76
2023-04-13 15:40:00,1497.76
2023-04-13 16:50:00,1497.76
2023-04-13 18:00:00,1497.76
2023-04-13 19:10:00,1497.76
2023-04-13 20:20:00,1497.76
2023-04-13 21:30:00,1497.76
2023-04-13 22:40:00,1497.76
2023-04-13 23:50:00,1497.76
2023-04-14 01:10:00,1497.76
2023-04-14 02:20:00,1497.76
2023-04-14 03:30:00,1497.76
2023-04-14 04:40:00,1497.76
2023-04-14 05:50:00,1497.76
2023-04-14 07:00:00,1497.76
2023-04-14 08:10:00,1497.76
2023-04-14 09:20:00,1497.76
2023-04-14 10:30:00,1497.76
2023-04-14 11:40:00,1497.76
2023-04-14 12:50:00,1497.76
2023-04-14 14:00:00,1497.76
2023-04-14 15:10:00,1497.76
2023-04-14 16:20:00,1497.76
2023-04-14 17:30:00,1497.76
2023-04-14 18:40:00,1497.76
2023-04-14 20:00:00,1497.76
2023-04-14 21:10:00,1497.76
2023-04-14 22:20:00,1497.76
2023-04-14 23:30:00,1497.76
2023-04-15 00:50:00,1497.76
2023-04-15 02:00:00,1497.76
2023-04-15 03:10:00,1497.76
2023-04-15 04:20:00,1497.76
2023-04-15 05:30:00,1497.76
2023-04-15 06:40:00,1497.76
2023-04-15 07:50:00,1497.76
2023-04-15 09:00:00,1497.76
2023-04-15 10:10:00,1497.76
2023-04-15 11:20:00,1497.76
2023-04-15 12:30:00,1497.76
2023-04-15 13:40:00,1497.79
2023-04-15 14:50:00,1497.79
2023-04-15 16:10:00,1497.82
2023-04-15 17:20:00,1497.82
2023-04-15 18:30:00,1497.82
2023-04-15 19:40:00,1497.82
2023-04-15 20:50:00,1497.82
2023-04-15 22:00:00,1497.81
2023-04-15 23:10:00,1497.79
2023-04-16 00:30:00,1497.79
2023-04-16 01:40:00,1497.79
2023-04-16 02:50:00,1497.79
2023-04-16 04:00:00,1497.76
2023-04-16 05:10:00,1497.76
2023-04-16 06:20:00,1497.76
2023-04-16 07:30:00,1497.76
2023-04-16 08:40:00,1497.76
2023-04-16 09:50:00,1497.76
2023-04-16 11:00:00,1497.76
2023-04-16 12:10:00,1497.79
2023-04-16 13:20:00,1497.79
2023-04-16 14:30:00,1497.82
2023-04-16 15:40:00,1497.82
2023-04-16 16:50:00,1497.82
2023-04-16 18:00:00,1497.82
2023-04-16 19:10:00,1497.82
2023-04-16 20:20:00,1497.82
2023-04-16 21:30:00,1497.82
2023-04-16 22:40:00,1497.81
2023-04-16 23:50:00,1497.79
2023-04-17 01:10:00,1497.79
2023-04-17 02:20:00,1497.79
2023-04-17 03:30:00,1497.79
2023-04-17 04:40:00,1497.79
2023-04-17 05:50:00,1497.79
2023-04-17 07:00:00,1497.79
2023-04-17 08:10:00,1497.79
2023-04-17 09:20:00,1497.79
2023-04-17 10:30:00,1497.79
2023-04-17 11:40:00,1497.79
2023-04-17 12:50:00,1497.79
2023-04-17 14:00:00,1497.82
2023-04-17 15:10:00,1497.82
2023-04-17 16:20:00,1497.84
2023-04-17 17:30:00,1497.84
2023-04-17 18:40:00,1497.84
2023-04-17 19:50:00,1497.84
2023-04-17 21:00:00,1497.84
2023-04-17 22:10:00,1497.82
2023-04-17 23:20:00,1497.82
2023-04-18 00:40:00,1497.82
2023-04-18 01:50:00,1497.81
2023-04-18 03:00:00,1497.82
2023-04-18 04:10:00,1497.82
2023-04-18 05:20:00,1497.81
2023-04-18 06:30:00,1497.79
2023-04-18 07:40:00,1497.79
2023-04-18 08:50:00,1497.79
2023-04-18 10:00:00,1497.79
2023-04-18 11:10:00,1497.79
2023-04-18 12:20:00,1497.79
2023-04-18 13:30:00,1497.79
2023-04-18 14:40:00,1497.79
2023-04-18 15:50:00,1497.79
2023-04-18 17:00:00,1497.79
2023-04-18 18:10:00,1497.79
2023-04-18 19:20:00,1497.79
2023-04-18 20:30:00,1497.79
2023-04-18 21:40:00,1497.79
2023-04-18 22:50:00,1497.79
2023-04-19 00:10:00,1497.79
2023-04-19 01:20:00,1497.79
2023-04-19 02:30:00,1497.79
2023-04-19 03:40:00,1497.79
2023-04-19 04:50:00,1497.79
2023-04-19 06:00:00,1497.79
2023-04-19 07:10:00,1497.79
2023-04-19 08:20:00,1497.79
2023-04-19 10:00:00,1497.79
2023-04-19 11:10:00,1497.79
2023-04-19 12:20:00,1497.79
2023-04-19 13:30:00,1497.82
2023-04-19 14:40:00,1497.82
2023-04-19 15:50:00,1497.82
2023-04-19 17:00:00,1497.82
2023-04-19 18:10:00,1497.82
2023-04-19 19:20:00,1497.82
2023-04-19 20:30:00,1497.82
2023-04-19 21:40:00,1497.82
2023-04-19 22:50:00,1497.82
2023-04-20 00:10:00,1497.82
2023-04-20 01:20:00,1497.82
2023-04-20 02:30:00,1497.82
2023-04-20 03:40:00,1497.81
2023-04-20 04:50:00,1497.81
2023-04-20 06:00:00,1497.79
2023-04-20 07:10:00,1497.79
2023-04-20 08:20:00,1497.79
2023-04-20 09:30:00,1497.79
2023-04-20 10:40:00,1497.79
2023-04-20 11:50:00,1497.79
2023-04-20 13:00:00,1497.82
2023-04-20 14:10:00,1497.82
2023-04-20 15:20:00,1497.82
2023-04-20 16:30:00,1497.84
2023-04-20 17:40:00,1497.84
2023-04-20 18:50:00,1497.84
2023-04-20 20:00:00,1497.84
2023-04-20 21:10:00,1497.84
2023-04-20 22:20:00,1497.82
2023-04-20 23:30:00,1497.82
2023-04-21 00:50:00,1497.82
2023-04-21 02:00:00,1497.81
2023-04-21 03:10:00,1497.82
2023-04-21 04:20:00,1497.82
2023-04-21 05:30:00,1497.81
2023-04-21 06:40:00,1497.81
2023-04-21 07:50:00,1497.81
2023-04-21 09:00:00,1497.81
