时间,挠度(mm)
2023-01-01 00:50:00,-41.42
2023-01-01 01:40:00,-42.04
2023-01-01 02:30:00,-46.37
2023-01-01 03:20:00,-45.66
2023-01-01 04:10:00,-47.71
2023-01-01 05:00:00,-47.61
2023-01-01 05:50:00,-46.95
2023-01-01 06:40:00,-44.9
2023-01-01 07:30:00,-46.67
2023-01-01 08:20:00,-46.66
2023-01-01 09:10:00,-51.55
2023-01-01 10:30:00,-50.22
2023-01-01 12:10:00,-50.99
2023-01-01 14:10:00,-46.05
2023-01-01 15:00:00,-48.6
2023-01-01 16:00:00,-45.89
2023-01-01 16:50:00,-45.34
2023-01-01 17:40:00,-48.81
2023-01-01 18:30:00,-46.61
2023-01-01 19:20:00,-47.29
2023-01-01 20:10:00,-44.92
2023-01-01 21:00:00,-45.97
2023-01-01 21:50:00,-44.98
2023-01-02 00:20:00,-46.6
2023-01-02 01:20:00,-45.41
2023-01-02 02:10:00,-46.86
2023-01-02 03:00:00,-48.07
2023-01-02 03:50:00,-48.3
2023-01-02 04:40:00,-47.52
2023-01-02 05:30:00,-47.65
2023-01-02 06:20:00,-50.62
2023-01-02 07:10:00,-47.79
2023-01-02 08:00:00,-49.29
2023-01-02 08:50:00,-49.19
2023-01-02 09:40:00,-49.21
2023-01-02 10:30:00,-50.93
2023-01-02 11:20:00,-48.34
2023-01-02 12:10:00,-46.41
2023-01-02 13:00:00,-48.06
2023-01-02 13:50:00,-49.21
2023-01-02 14:40:00,-48.93
2023-01-02 15:30:00,-47.86
2023-01-02 18:40:00,-47.4
2023-01-02 19:30:00,-46.63
2023-01-02 20:20:00,-47.79
2023-01-02 21:10:00,-48.6
2023-01-02 22:00:00,-49.94
2023-01-02 22:50:00,-47.3
2023-01-02 23:40:00,-50.28
2023-01-03 00:40:00,-50.46
2023-01-03 01:30:00,-49.6
2023-01-03 02:20:00,-52.16
2023-01-03 03:10:00,-49.83
2023-01-03 04:00:00,-50.34
2023-01-03 04:50:00,-50.98
2023-01-03 05:40:00,-51.8
2023-01-03 06:30:00,-51.26
2023-01-03 07:20:00,-52.68
2023-01-03 08:10:00,-51.53
2023-01-03 09:00:00,-52.62
2023-01-03 09:50:00,-49.15
2023-01-03 10:40:00,-50.07
2023-01-03 11:30:00,-49.62
2023-01-03 12:20:00,-47.44
2023-01-03 13:10:00,-46.59
2023-01-03 14:00:00,-46.04
2023-01-03 14:50:00,-47.3
2023-01-03 15:40:00,-45.85
2023-01-03 17:40:00,-45.32
2023-01-03 19:10:00,-43.2
2023-01-03 20:00:00,-44.76
2023-01-03 20:50:00,-44.41
2023-01-03 23:40:00,-45.14
2023-01-04 00:40:00,-44.63
2023-01-04 01:30:00,-45.83
2023-01-04 02:20:00,-46.11
2023-01-04 03:10:00,-49.82
2023-01-04 04:00:00,-48.69
2023-01-04 04:50:00,-50.61
2023-01-04 05:40:00,-50.24
2023-01-04 06:30:00,-50.33
2023-01-04 07:20:00,-48.22
2023-01-04 08:10:00,-51.41
2023-01-04 09:00:00,-48.4
2023-01-04 09:50:00,-48.85
2023-01-04 10:40:00,-47.31
2023-01-04 11:30:00,-49.6
2023-01-04 12:20:00,-47.23
2023-01-04 13:10:00,-46.95
2023-01-04 14:00:00,-48.87
2023-01-04 14:50:00,-47.81
2023-01-04 15:40:00,-45
2023-01-04 19:10:00,-45.97
2023-01-04 20:40:00,-44.39
2023-01-04 21:30:00,-42.7
2023-01-04 22:20:00,-42.96
2023-01-04 23:10:00,-47.37
2023-01-05 00:10:00,-46.28
2023-01-05 01:00:00,-42.98
2023-01-05 01:50:00,-44.51
2023-01-05 02:40:00,-45.85
2023-01-05 03:30:00,-46.05
2023-01-05 04:20:00,-46.83
2023-01-05 05:10:00,-45.15
2023-01-05 06:30:00,-44.35
2023-01-05 07:20:00,-46.87
2023-01-05 08:10:00,-44.95
2023-01-05 09:00:00,-49.06
2023-01-05 10:00:00,-47.69
2023-01-05 12:10:00,-45.09
2023-01-05 13:00:00,-45.41
2023-01-05 13:50:00,-42.83
2023-01-05 14:40:00,-44.85
2023-01-05 15:40:00,-41.65
2023-01-05 16:30:00,-39.88
2023-01-05 17:20:00,-39.39
2023-01-05 18:10:00,-39.71
2023-01-05 19:00:00,-38.61
2023-01-05 19:50:00,-43.22
2023-01-05 20:40:00,-42.27
2023-01-05 21:30:00,-42.55
2023-01-05 22:20:00,-43.19
2023-01-05 23:10:00,-46.34
2023-01-06 00:10:00,-48.18
2023-01-06 01:00:00,-47.02
2023-01-06 02:10:00,-48.85
2023-01-06 03:00:00,-52.21
2023-01-06 03:50:00,-51.09
2023-01-06 04:40:00,-53.65
2023-01-06 05:30:00,-51.79
2023-01-06 06:20:00,-49.29
2023-01-06 07:10:00,-49.24
2023-01-06 08:00:00,-49.48
2023-01-06 08:50:00,-54.15
2023-01-06 09:40:00,-53.54
2023-01-06 10:30:00,-51.35
2023-01-06 11:30:00,-54.24
2023-01-06 12:20:00,-51.58
2023-01-06 13:10:00,-49.38
2023-01-06 14:00:00,-50.02
2023-01-06 14:50:00,-48.9
2023-01-06 15:40:00,-46.05
2023-01-06 17:50:00,-43.6
2023-01-06 18:50:00,-46.28
2023-01-06 21:50:00,-49.64
2023-01-06 22:40:00,-48.41
2023-01-06 23:30:00,-47.33
2023-01-07 00:30:00,-52.63
2023-01-07 01:20:00,-49.56
2023-01-07 02:10:00,-51.62
2023-01-07 03:00:00,-51.88
2023-01-07 03:50:00,-55.55
2023-01-07 04:40:00,-53.97
2023-01-07 05:30:00,-54.45
2023-01-07 06:20:00,-53.9
2023-01-07 07:10:00,-53.85
2023-01-07 08:00:00,-54.06
2023-01-07 09:00:00,-53.01
2023-01-07 09:50:00,-56.09
2023-01-07 10:40:00,-51.27
2023-01-07 11:30:00,-48.97
2023-01-07 12:20:00,-49.65
2023-01-07 13:10:00,-47.24
2023-01-07 14:10:00,-42.42
2023-01-07 15:00:00,-42.2
2023-01-07 15:50:00,-36.12
2023-01-07 16:50:00,-36.52
2023-01-07 17:40:00,-35.34
2023-01-07 18:30:00,-37.13
2023-01-07 19:20:00,-39.05
2023-01-07 20:10:00,-37.06
2023-01-07 21:00:00,-40.08
2023-01-07 21:50:00,-43.23
2023-01-07 22:40:00,-44.97
2023-01-07 23:30:00,-44.71
2023-01-08 00:30:00,-48
2023-01-08 01:20:00,-48.64
2023-01-08 02:30:00,-48.2
2023-01-08 03:20:00,-49.21
2023-01-08 04:10:00,-49.54
2023-01-08 05:00:00,-52.15
2023-01-08 05:50:00,-49
2023-01-08 06:40:00,-51.85
2023-01-08 07:30:00,-53.91
2023-01-08 08:20:00,-53.18
2023-01-08 09:10:00,-55.33
2023-01-08 10:00:00,-57.09
2023-01-08 10:50:00,-54.16
2023-01-08 11:40:00,-55.5
2023-01-08 12:30:00,-55.48
2023-01-08 13:20:00,-53.38
2023-01-08 14:10:00,-50.02
2023-01-08 15:00:00,-46.67
2023-01-08 16:00:00,-45.63
2023-01-08 16:50:00,-47.12
2023-01-08 17:40:00,-45.33
2023-01-08 18:30:00,-42.32
2023-01-08 19:20:00,-47.22
2023-01-08 20:10:00,-44.64
2023-01-08 21:10:00,-48.09
2023-01-08 22:00:00,-44.7
2023-01-08 22:50:00,-46.26
2023-01-08 23:40:00,-48.8
2023-01-09 00:40:00,-48.21
2023-01-09 01:30:00,-49.11
2023-01-09 02:20:00,-49.11
2023-01-09 03:10:00,-50.79
2023-01-09 04:00:00,-51.55
2023-01-09 04:50:00,-51.53
2023-01-09 05:40:00,-53.14
2023-01-09 06:30:00,-54.86
2023-01-09 07:20:00,-53.23
2023-01-09 08:10:00,-51.08
2023-01-09 09:00:00,-53.21
2023-01-09 09:50:00,-52.75
2023-01-09 10:40:00,-52.06
2023-01-09 11:30:00,-51.68
2023-01-09 12:20:00,-54.75
2023-01-09 13:10:00,-52.2
2023-01-09 14:00:00,-52.44
2023-01-09 14:50:00,-48.71
2023-01-09 16:00:00,-48.99
2023-01-09 16:50:00,-46.98
2023-01-09 17:40:00,-46.8
2023-01-09 18:30:00,-43.51
2023-01-09 19:50:00,-46.66
2023-01-09 20:40:00,-44.49
2023-01-09 21:30:00,-46.16
2023-01-09 22:20:00,-45.85
2023-01-09 23:10:00,-49.85
2023-01-10 00:10:00,-49.31
2023-01-10 01:00:00,-47.85
2023-01-10 01:50:00,-48.92
2023-01-10 02:40:00,-46.9
2023-01-10 03:30:00,-48.7
2023-01-10 04:20:00,-50.85
2023-01-10 05:10:00,-54
2023-01-10 06:00:00,-51
2023-01-10 06:50:00,-51.49
2023-01-10 07:40:00,-51.3
2023-01-10 08:30:00,-51.83
2023-01-10 09:20:00,-52.15
2023-01-10 10:10:00,-52.37
2023-01-10 11:00:00,-53.13
2023-01-10 11:50:00,-49.88
2023-01-10 12:40:00,-48.87
2023-01-10 13:30:00,-51.2
2023-01-10 14:20:00,-47.13
2023-01-10 15:10:00,-44.66
2023-01-10 16:20:00,-47.14
2023-01-10 17:10:00,-43.51
2023-01-10 18:00:00,-44.8
2023-01-10 18:50:00,-42.92
2023-01-10 19:40:00,-47.41
2023-01-10 21:50:00,-44.84
2023-01-10 22:40:00,-44.9
2023-01-10 23:30:00,-48.65
2023-01-11 00:30:00,-49.82
2023-01-11 01:20:00,-47.95
2023-01-11 02:10:00,-52.68
2023-01-11 03:00:00,-50.16
2023-01-11 03:50:00,-52.82
2023-01-11 04:40:00,-51
2023-01-11 05:30:00,-55.29
2023-01-11 06:20:00,-53.89
2023-01-11 07:10:00,-51.14
2023-01-11 08:00:00,-53.21
2023-01-11 08:50:00,-52.34
2023-01-11 09:40:00,-51.3
2023-01-11 10:30:00,-51.43
2023-01-11 11:20:00,-53.99
2023-01-11 12:10:00,-52.16
2023-01-11 13:00:00,-46.55
2023-01-11 13:50:00,-47.39
2023-01-11 14:40:00,-40.49
2023-01-11 15:30:00,-39.05
2023-01-11 16:20:00,-34.26
2023-01-11 17:10:00,-32.83
2023-01-11 18:00:00,-30.24
2023-01-11 18:50:00,-35.49
2023-01-11 19:40:00,-36.5
2023-01-11 20:30:00,-37.69
2023-01-11 21:20:00,-40.37
2023-01-11 22:10:00,-39.1
2023-01-11 23:00:00,-43.24
2023-01-11 23:50:00,-42.81
2023-01-12 00:50:00,-44.66
2023-01-12 01:40:00,-42.97
2023-01-12 02:30:00,-45.76
2023-01-12 03:20:00,-41.93
2023-01-12 04:10:00,-45.88
2023-01-12 05:00:00,-43.25
2023-01-12 05:50:00,-43.53
2023-01-12 06:40:00,-42.59
2023-01-12 07:30:00,-41.3
2023-01-12 08:20:00,-43.6
2023-01-12 09:10:00,-43.74
2023-01-12 10:00:00,-39.18
2023-01-12 10:50:00,-40.56
2023-01-12 11:40:00,-38.25
2023-01-12 12:30:00,-39.61
2023-01-12 13:20:00,-40.67
2023-01-12 14:10:00,-40.77
2023-01-12 15:10:00,-36.17
2023-01-12 16:00:00,-37.94
2023-01-12 16:50:00,-35.4
2023-01-12 17:40:00,-34.9
2023-01-12 18:30:00,-36.18
2023-01-12 19:20:00,-37.22
2023-01-12 20:10:00,-39.53
2023-01-12 21:00:00,-42.36
2023-01-12 21:50:00,-41.98
2023-01-12 22:40:00,-47.03
2023-01-12 23:30:00,-49.04
2023-01-13 00:30:00,-49.81
2023-01-13 01:20:00,-47.48
2023-01-13 02:10:00,-47.81
2023-01-13 03:00:00,-46.91
2023-01-13 03:50:00,-46.75
2023-01-13 05:30:00,-50.69
2023-01-13 06:20:00,-48.42
2023-01-13 07:10:00,-49.23
2023-01-13 08:00:00,-49.37
2023-01-13 08:50:00,-48.61
2023-01-13 09:40:00,-47.9
2023-01-13 10:30:00,-47.2
2023-01-13 11:50:00,-43.76
2023-01-13 12:40:00,-44.45
2023-01-13 13:30:00,-44.39
2023-01-13 14:20:00,-43.41
2023-01-13 15:10:00,-39.97
2023-01-13 16:00:00,-39.91
2023-01-13 16:50:00,-40.46
2023-01-13 17:40:00,-38.53
2023-01-13 18:30:00,-38.35
2023-01-13 19:20:00,-38.54
2023-01-13 20:10:00,-38.17
2023-01-13 21:00:00,-38.23
2023-01-13 21:50:00,-42.4
2023-01-13 22:40:00,-40.6
2023-01-13 23:30:00,-40.74
2023-01-14 00:30:00,-40.59
2023-01-14 01:20:00,-41.44
2023-01-14 02:10:00,-44.38
2023-01-14 03:00:00,-44.7
2023-01-14 03:50:00,-42.16
2023-01-14 04:40:00,-43.82
2023-01-14 05:30:00,-41.37
2023-01-14 06:20:00,-45.22
2023-01-14 07:10:00,-44.25
2023-01-14 08:00:00,-44.44
2023-01-14 08:50:00,-42.23
2023-01-14 09:40:00,-46.26
2023-01-14 10:30:00,-43.57
2023-01-14 11:20:00,-46.86
2023-01-14 12:10:00,-46.98
2023-01-14 13:40:00,-50.25
2023-01-14 14:30:00,-51.11
2023-01-14 15:20:00,-50.58
2023-01-14 16:10:00,-47.81
2023-01-14 17:00:00,-53.66
2023-01-14 17:50:00,-52.38
2023-01-14 18:40:00,-50.87
2023-01-14 19:30:00,-55.02
2023-01-14 20:20:00,-51.85
2023-01-14 21:10:00,-54.54
2023-01-14 22:00:00,-53.7
2023-01-14 22:50:00,-55.93
2023-01-14 23:40:00,-55.6
2023-01-15 00:40:00,-55.34
2023-01-15 01:30:00,-56.66
2023-01-15 02:20:00,-58.61
2023-01-15 03:10:00,-59.08
2023-01-15 04:00:00,-54.98
2023-01-15 05:20:00,-60.91
2023-01-15 06:10:00,-58.66
2023-01-15 07:00:00,-58.26
2023-01-15 07:50:00,-60.66
2023-01-15 08:40:00,-59.1
2023-01-15 09:30:00,-60.4
2023-01-15 10:20:00,-63.03
2023-01-15 11:10:00,-65.24
2023-01-15 12:00:00,-63.75
2023-01-15 12:50:00,-67.62
2023-01-15 13:40:00,-68
2023-01-15 14:30:00,-64.8
2023-01-15 15:20:00,-62.94
2023-01-15 16:10:00,-67.23
2023-01-15 17:00:00,-66.71
2023-01-15 17:50:00,-64.09
2023-01-15 18:40:00,-65.67
2023-01-15 19:30:00,-62.72
2023-01-15 20:20:00,-63.74
2023-01-15 21:10:00,-64.92
2023-01-15 22:00:00,-62.8
2023-01-15 22:50:00,-64.23
2023-01-15 23:40:00,-65.37
2023-01-16 00:40:00,-66.3
2023-01-16 01:30:00,-64.42
2023-01-16 02:20:00,-63.24
2023-01-16 03:10:00,-65.09
2023-01-16 04:00:00,-63.84
2023-01-16 04:50:00,-64.73
2023-01-16 05:40:00,-65.77
2023-01-16 06:30:00,-66.89
2023-01-16 07:20:00,-63.54
2023-01-16 08:10:00,-66.28
2023-01-16 09:00:00,-62.81
2023-01-16 09:50:00,-62.63
2023-01-16 10:40:00,-65.66
2023-01-16 11:40:00,-64.69
2023-01-16 12:40:00,-63.15
2023-01-16 13:30:00,-63.86
2023-01-16 14:20:00,-63.54
2023-01-16 15:10:00,-65.38
2023-01-16 16:00:00,-62.94
2023-01-16 16:50:00,-61.85
2023-01-16 17:40:00,-60.01
2023-01-16 18:30:00,-60.95
2023-01-16 19:20:00,-62.48
2023-01-16 20:10:00,-59.89
2023-01-16 21:00:00,-63.04
2023-01-16 21:50:00,-59.72
2023-01-16 22:40:00,-58.3
2023-01-16 23:30:00,-59.43
2023-01-17 00:30:00,-64.05
2023-01-17 01:20:00,-63.68
2023-01-17 02:10:00,-60.26
2023-01-17 03:00:00,-63.21
2023-01-17 03:50:00,-63.34
2023-01-17 04:40:00,-62.01
2023-01-17 05:30:00,-63.34
2023-01-17 06:20:00,-61.99
2023-01-17 07:10:00,-64.28
2023-01-17 08:00:00,-60.5
2023-01-17 08:50:00,-62.37
2023-01-17 09:40:00,-62.43
2023-01-17 10:30:00,-65.04
2023-01-17 11:20:00,-63.88
2023-01-17 12:10:00,-61.9
2023-01-17 13:00:00,-63.06
2023-01-17 13:50:00,-62.52
2023-01-17 14:40:00,-58.36
2023-01-17 15:30:00,-58.71
2023-01-17 16:20:00,-59.15
2023-01-17 17:10:00,-58.12
2023-01-17 18:00:00,-57.49
2023-01-17 18:50:00,-56.9
2023-01-17 19:40:00,-57.58
2023-01-17 20:30:00,-59.64
2023-01-17 21:20:00,-60.19
2023-01-17 22:10:00,-61.22
2023-01-17 23:00:00,-62.39
2023-01-17 23:50:00,-60.91
2023-01-18 00:50:00,-57.89
2023-01-18 01:40:00,-60.01
2023-01-18 02:30:00,-60
2023-01-18 03:20:00,-63.21
2023-01-18 04:10:00,-61.21
2023-01-18 05:00:00,-59.89
2023-01-18 05:50:00,-62.92
2023-01-18 06:40:00,-61.45
2023-01-18 07:30:00,-61.7
2023-01-18 08:20:00,-64.97
2023-01-18 09:10:00,-62.7
2023-01-18 10:00:00,-62.72
2023-01-18 10:50:00,-65.18
2023-01-18 11:40:00,-60.45
2023-01-18 12:30:00,-60.82
2023-01-18 13:20:00,-58.37
2023-01-18 14:10:00,-58.98
2023-01-18 15:00:00,-55.19
2023-01-18 15:50:00,-53.61
2023-01-18 16:40:00,-57.27
2023-01-18 17:40:00,-51.89
2023-01-18 18:30:00,-53.39
2023-01-18 19:20:00,-55.35
2023-01-18 20:10:00,-54.79
2023-01-18 21:00:00,-55.56
2023-01-18 21:50:00,-53.98
2023-01-18 22:40:00,-54.57
2023-01-18 23:30:00,-55.57
2023-01-19 00:30:00,-56.84
2023-01-19 01:20:00,-56.49
2023-01-19 02:10:00,-54.71
2023-01-19 03:00:00,-57.87
2023-01-19 03:50:00,-62.99
2023-01-19 04:40:00,-60.27
2023-01-19 05:30:00,-58.86
2023-01-19 06:20:00,-63.25
2023-01-19 07:10:00,-64.69
2023-01-19 08:00:00,-67.75
2023-01-19 08:50:00,-65.97
2023-01-19 09:40:00,-67.87
2023-01-19 10:30:00,-62.33
2023-01-19 11:20:00,-59.82
2023-01-19 12:10:00,-62.48
2023-01-19 13:00:00,-59.8
2023-01-19 13:50:00,-56.98
2023-01-19 14:40:00,-50.5
2023-01-19 15:30:00,-51.97
2023-01-19 16:20:00,-49.33
2023-01-19 17:10:00,-45.76
2023-01-19 18:00:00,-43.54
2023-01-19 18:50:00,-42.52
2023-01-19 19:40:00,-46.24
2023-01-19 20:30:00,-47.43
2023-01-19 21:20:00,-50.08
2023-01-19 22:10:00,-47.7
2023-01-19 23:00:00,-51.81
2023-01-19 23:50:00,-53.49
2023-01-20 00:50:00,-55.51
2023-01-20 01:40:00,-59.41
2023-01-20 02:50:00,-60.41
2023-01-20 03:40:00,-59.94
2023-01-20 04:30:00,-63.12
2023-01-20 05:20:00,-64.3
2023-01-20 06:10:00,-66.14
2023-01-20 07:00:00,-68.11
2023-01-20 07:50:00,-64.01
2023-01-20 08:40:00,-64.09
2023-01-20 09:30:00,-66.49
2023-01-20 10:20:00,-64.16
2023-01-20 11:10:00,-62.87
2023-01-20 12:00:00,-59.62
2023-01-20 12:50:00,-60.69
2023-01-20 13:40:00,-60.24
2023-01-20 14:30:00,-58.64
2023-01-20 15:20:00,-54.63
2023-01-20 16:10:00,-55.43
2023-01-20 17:00:00,-57.62
2023-01-20 17:50:00,-52.61
2023-01-20 18:40:00,-56.14
2023-01-20 19:30:00,-55.09
2023-01-20 20:20:00,-53.73
2023-01-20 21:20:00,-55.56
2023-01-20 22:10:00,-57.39
2023-01-20 23:00:00,-53.31
2023-01-20 23:50:00,-53.76
2023-01-21 00:50:00,-54.88
2023-01-21 01:40:00,-57.25
2023-01-21 02:30:00,-52.53
2023-01-21 03:20:00,-56.12
2023-01-21 04:10:00,-54.51
2023-01-21 05:00:00,-56.33
2023-01-21 05:50:00,-58.75
2023-01-21 06:40:00,-55.67
2023-01-21 07:30:00,-57.36
2023-01-21 08:20:00,-59.82
2023-01-21 09:10:00,-57.85
2023-01-21 10:00:00,-57.41
2023-01-21 10:50:00,-58.22
2023-01-21 11:40:00,-58.48
2023-01-21 12:30:00,-58.35
2023-01-21 13:20:00,-56.08
2023-01-21 14:10:00,-53.48
2023-01-21 15:00:00,-56.21
2023-01-21 16:50:00,-50.13
2023-01-21 17:40:00,-52.02
2023-01-21 18:30:00,-53.51
2023-01-21 19:20:00,-52.52
2023-01-21 20:10:00,-48.74
2023-01-21 21:00:00,-49.82
2023-01-21 21:50:00,-50.17
2023-01-21 22:40:00,-53.81
2023-01-21 23:30:00,-50.51
2023-01-22 00:40:00,-54.74
2023-01-22 01:30:00,-53.64
2023-01-22 02:20:00,-53.11
2023-01-22 03:10:00,-50.78
2023-01-22 04:00:00,-54.66
2023-01-22 04:50:00,-54.42
2023-01-22 06:00:00,-55.59
2023-01-22 06:50:00,-53.88
2023-01-22 07:40:00,-57.83
2023-01-22 08:30:00,-59.05
2023-01-22 09:20:00,-56.64
2023-01-22 10:10:00,-56.07
2023-01-22 11:00:00,-53.42
2023-01-22 11:50:00,-54.29
2023-01-22 13:00:00,-51.36
2023-01-22 13:50:00,-49.87
2023-01-22 14:40:00,-49.91
2023-01-22 15:30:00,-50.89
2023-01-22 16:20:00,-48.98
2023-01-22 17:10:00,-50.53
2023-01-22 18:00:00,-49.25
2023-01-22 18:50:00,-47.64
2023-01-22 19:40:00,-47.84
2023-01-22 20:30:00,-48.92
2023-01-22 21:20:00,-46.41
2023-01-22 22:10:00,-46.93
2023-01-22 23:00:00,-48.49
2023-01-22 23:50:00,-51.8
2023-01-23 00:50:00,-52.34
2023-01-23 01:40:00,-54.8
2023-01-23 02:30:00,-51.13
2023-01-23 03:20:00,-54.88
2023-01-23 04:10:00,-51.24
2023-01-23 05:00:00,-52.87
2023-01-23 05:50:00,-55.03
2023-01-23 06:40:00,-54.9
2023-01-23 07:30:00,-52.89
2023-01-23 08:20:00,-55.06
2023-01-23 09:10:00,-52.84
2023-01-23 10:00:00,-53.97
2023-01-23 10:50:00,-51.29
2023-01-23 11:40:00,-51.97
2023-01-23 12:30:00,-52.1
2023-01-23 13:20:00,-52.76
2023-01-23 14:10:00,-48.71
2023-01-23 15:00:00,-50.28
2023-01-23 15:50:00,-47.04
2023-01-23 16:40:00,-45.62
2023-01-23 17:30:00,-46.4
2023-01-23 18:20:00,-45.72
2023-01-23 19:10:00,-43.85
2023-01-23 20:00:00,-45.11
2023-01-23 20:50:00,-47.17
2023-01-23 21:40:00,-45.71
2023-01-23 22:30:00,-48.62
2023-01-23 23:20:00,-44.67
2023-01-24 00:20:00,-45.7
2023-01-24 01:10:00,-47.78
2023-01-24 02:00:00,-50.3
2023-01-24 02:50:00,-51.67
2023-01-24 03:40:00,-54.36
2023-01-24 05:00:00,-55.44
2023-01-24 05:50:00,-52.78
2023-01-24 06:40:00,-59
2023-01-24 07:40:00,-57.65
2023-01-24 08:30:00,-60.95
2023-01-24 09:20:00,-58.83
2023-01-24 10:10:00,-61.98
2023-01-24 11:00:00,-58.26
2023-01-24 12:20:00,-54.51
2023-01-24 13:10:00,-52.54
2023-01-24 14:00:00,-53.98
2023-01-24 14:50:00,-48.83
2023-01-24 15:40:00,-51.98
2023-01-24 16:30:00,-49.77
2023-01-24 17:20:00,-48.9
2023-01-24 18:10:00,-50.66
2023-01-24 19:00:00,-48.06
2023-01-24 19:50:00,-48.78
2023-01-24 20:40:00,-47.19
2023-01-24 21:30:00,-52.29
2023-01-24 22:20:00,-53
2023-01-24 23:10:00,-54.38
2023-01-25 00:10:00,-55.53
2023-01-25 01:00:00,-56.36
2023-01-25 01:50:00,-58.16
2023-01-25 03:10:00,-60.04
2023-01-25 04:00:00,-60.4
2023-01-25 04:50:00,-63.76
2023-01-25 05:40:00,-61.97
2023-01-25 06:30:00,-62.74
2023-01-25 07:20:00,-62.15
2023-01-25 08:10:00,-60.83
2023-01-25 09:00:00,-63.23
2023-01-25 09:50:00,-59.88
2023-01-25 10:40:00,-62.52
2023-01-25 11:30:00,-58.75
2023-01-25 12:20:00,-60.01
2023-01-25 13:10:00,-58.09
2023-01-25 14:00:00,-55.43
2023-01-25 14:50:00,-52.85
2023-01-25 15:40:00,-54.55
2023-01-25 16:30:00,-54.13
2023-01-25 17:20:00,-53.33
2023-01-25 18:10:00,-50.57
2023-01-25 19:00:00,-49.07
2023-01-25 19:50:00,-49.06
2023-01-25 20:40:00,-53.1
2023-01-25 21:30:00,-54.39
2023-01-25 22:20:00,-52.69
2023-01-25 23:10:00,-55.38
2023-01-26 00:10:00,-57.27
2023-01-26 01:10:00,-61.45
2023-01-26 02:00:00,-59.54
2023-01-26 02:50:00,-64.58
2023-01-26 03:40:00,-62.2
2023-01-26 04:30:00,-58.58
2023-01-26 05:20:00,-63.94
2023-01-26 06:10:00,-64.02
2023-01-26 07:00:00,-59.52
2023-01-26 07:50:00,-59.35
2023-01-26 08:40:00,-60.43
2023-01-26 09:30:00,-63
2023-01-26 10:20:00,-58.82
2023-01-26 11:10:00,-57.82
2023-01-26 12:00:00,-59.76
2023-01-26 12:50:00,-59.62
2023-01-26 13:40:00,-57.04
2023-01-26 15:10:00,-55.69
2023-01-26 16:00:00,-54.88
2023-01-26 16:50:00,-51.99
2023-01-26 17:40:00,-53.76
2023-01-26 18:30:00,-49.61
2023-01-26 19:20:00,-50.53
2023-01-26 20:10:00,-51.97
2023-01-26 21:00:00,-50.05
2023-01-26 21:50:00,-51.95
2023-01-26 22:40:00,-52.63
2023-01-26 23:30:00,-52.15
2023-01-27 00:30:00,-56.18
2023-01-27 01:20:00,-55.61
2023-01-27 02:30:00,-56.95
2023-01-27 03:20:00,-57.29
2023-01-27 04:10:00,-60.61
2023-01-27 05:00:00,-59.87
2023-01-27 05:50:00,-60.39
2023-01-27 06:40:00,-62.57
2023-01-27 07:30:00,-61.23
2023-01-27 08:20:00,-62.65
2023-01-27 09:10:00,-64.69
2023-01-27 10:00:00,-63.67
2023-01-27 10:50:00,-61.76
2023-01-27 11:40:00,-62.79
2023-01-27 12:30:00,-56.88
2023-01-27 13:20:00,-54.23
2023-01-27 14:10:00,-52.71
2023-01-27 15:00:00,-46.5
2023-01-27 15:50:00,-44.82
2023-01-27 17:00:00,-39.34
2023-01-27 17:50:00,-40.02
2023-01-27 18:40:00,-40.6
2023-01-27 19:30:00,-38.7
2023-01-27 20:20:00,-40.89
2023-01-27 21:10:00,-44
2023-01-27 22:00:00,-44.54
2023-01-27 22:50:00,-46.95
2023-01-27 23:40:00,-46.54
2023-01-28 00:40:00,-49.06
2023-01-28 01:30:00,-50.61
2023-01-28 02:20:00,-57.72
2023-01-28 03:10:00,-54.73
2023-01-28 04:00:00,-60.16
2023-01-28 04:50:00,-59.01
2023-01-28 05:40:00,-60.19
2023-01-28 06:30:00,-60.27
2023-01-28 07:50:00,-60.74
2023-01-28 08:40:00,-63.29
2023-01-28 09:30:00,-63.66
2023-01-28 10:20:00,-62.19
2023-01-28 11:30:00,-56.99
2023-01-28 12:20:00,-53.31
2023-01-28 13:10:00,-50.78
2023-01-28 14:00:00,-46.51
2023-01-28 14:50:00,-45.89
2023-01-28 16:00:00,-42.97
2023-01-28 16:50:00,-38.89
2023-01-28 17:40:00,-38.73
2023-01-28 18:30:00,-37.34
2023-01-28 19:20:00,-38.77
2023-01-28 20:10:00,-40.87
2023-01-28 21:00:00,-42.71
2023-01-28 21:50:00,-41.77
2023-01-28 22:50:00,-49.6
2023-01-28 23:40:00,-48.01
2023-01-29 00:40:00,-51.98
2023-01-29 01:30:00,-53.79
2023-01-29 02:20:00,-54.64
2023-01-29 03:10:00,-51.55
2023-01-29 04:00:00,-56.28
2023-01-29 04:50:00,-54.56
2023-01-29 05:40:00,-59.58
2023-01-29 06:30:00,-59.66
2023-01-29 07:40:00,-62.66
2023-01-29 08:30:00,-65.22
2023-01-29 09:20:00,-65.77
2023-01-29 10:10:00,-62.35
2023-01-29 11:00:00,-61.13
2023-01-29 12:10:00,-58.5
2023-01-29 13:00:00,-54.85
2023-01-29 13:50:00,-48.37
2023-01-29 14:40:00,-45.24
2023-01-29 15:30:00,-40.79
2023-01-29 16:20:00,-37.34
2023-01-29 17:10:00,-37.02
2023-01-29 18:00:00,-34.3
2023-01-29 18:50:00,-37.91
2023-01-29 19:40:00,-40.45
2023-01-29 20:30:00,-42.25
2023-01-29 21:20:00,-40.72
2023-01-29 22:10:00,-48.23
2023-01-29 23:00:00,-47.28
2023-01-30 00:20:00,-55.08
2023-01-30 01:20:00,-55.86
2023-01-30 02:10:00,-57.11
2023-01-30 03:00:00,-58.09
2023-01-30 03:50:00,-58.07
2023-01-30 04:40:00,-59.91
2023-01-30 05:30:00,-63.62
2023-01-30 06:20:00,-60.25
2023-01-30 07:40:00,-63.55
2023-01-30 08:30:00,-64.39
2023-01-30 09:20:00,-64.51
2023-01-30 10:10:00,-65.26
2023-01-30 11:30:00,-55.58
2023-01-30 12:20:00,-53.9
2023-01-30 13:10:00,-49.82
2023-01-30 14:00:00,-42.02
2023-01-30 14:50:00,-39.18
2023-01-30 15:40:00,-33.62
2023-01-30 16:30:00,-27.58
2023-01-30 17:20:00,-26.41
2023-01-30 18:10:00,-25.02
2023-01-30 19:00:00,-27.48
2023-01-30 19:50:00,-30.47
2023-01-30 20:40:00,-33.93
2023-01-30 21:30:00,-37.61
2023-01-30 22:20:00,-40.37
2023-01-30 23:10:00,-42.32
2023-01-31 00:10:00,-45.47
2023-01-31 01:00:00,-46.18
2023-01-31 01:50:00,-49.69
2023-01-31 02:40:00,-50.97
2023-01-31 03:30:00,-52.55
2023-01-31 04:40:00,-51.07
2023-01-31 05:30:00,-51.86
2023-01-31 06:20:00,-55.77
2023-01-31 07:10:00,-57.33
2023-01-31 08:00:00,-55.2
2023-01-31 08:50:00,-56.74
2023-01-31 09:40:00,-55.98
2023-01-31 10:30:00,-54.52
2023-01-31 11:20:00,-51.58
2023-01-31 12:10:00,-46.87
2023-01-31 13:00:00,-43.33
2023-01-31 13:50:00,-42.23
2023-01-31 14:40:00,-36.81
2023-01-31 15:30:00,-31.98
2023-01-31 16:20:00,-28.57
2023-01-31 17:10:00,-23.36
2023-01-31 18:00:00,-21.68
2023-01-31 18:50:00,-24.01
2023-01-31 19:40:00,-28.39
2023-01-31 20:30:00,-27.93
2023-01-31 21:20:00,-29.37
2023-01-31 22:10:00,-32.49
2023-01-31 23:00:00,-34.75
2023-01-31 23:50:00,-42.01
2023-02-01 00:50:00,-41.78
2023-02-01 01:40:00,-45.29
2023-02-01 02:30:00,-48.91
2023-02-01 03:20:00,-50.53
2023-02-01 04:10:00,-49.22
2023-02-01 05:00:00,-52.53
2023-02-01 05:50:00,-51.15
2023-02-01 07:20:00,-50.62
2023-02-01 08:10:00,-54.02
2023-02-01 09:00:00,-54.22
2023-02-01 09:50:00,-49.91
2023-02-01 10:40:00,-53.08
2023-02-01 12:00:00,-50.07
2023-02-01 12:50:00,-48.61
2023-02-01 13:40:00,-48.21
2023-02-01 14:30:00,-45.57
2023-02-01 15:20:00,-46.34
2023-02-01 16:10:00,-43.5
2023-02-01 17:00:00,-39.89
2023-02-01 17:50:00,-41.29
2023-02-01 18:40:00,-42.66
2023-02-01 19:30:00,-42.85
2023-02-01 20:20:00,-38.9
2023-02-01 21:10:00,-40.18
2023-02-01 22:00:00,-38.54
2023-02-01 22:50:00,-39.68
2023-02-01 23:40:00,-35.89
2023-02-02 00:40:00,-35.65
2023-02-02 01:30:00,-35.98
2023-02-02 02:20:00,-37.02
2023-02-02 03:10:00,-36.89
2023-02-02 04:00:00,-37.12
2023-02-02 04:50:00,-38.67
2023-02-02 05:40:00,-34.77
2023-02-02 06:30:00,-40.28
2023-02-02 07:20:00,-37.05
2023-02-02 08:10:00,-40.19
2023-02-02 09:00:00,-40.28
2023-02-02 09:50:00,-38.15
2023-02-02 10:40:00,-38.59
2023-02-02 11:30:00,-37.77
2023-02-02 12:20:00,-37.34
2023-02-02 13:10:00,-38.77
2023-02-02 14:00:00,-41.49
2023-02-02 14:50:00,-37.48
2023-02-02 15:40:00,-37.85
2023-02-02 16:30:00,-39.35
2023-02-02 17:20:00,-40.59
2023-02-02 18:10:00,-42.15
2023-02-02 19:00:00,-41.58
2023-02-02 19:50:00,-42.8
2023-02-02 20:40:00,-43.59
2023-02-02 21:30:00,-43.33
2023-02-02 22:20:00,-45.34
2023-02-02 23:10:00,-45.41
2023-02-03 00:10:00,-47.97
2023-02-03 01:00:00,-53.07
2023-02-03 01:50:00,-52.33
2023-02-03 02:40:00,-51.39
2023-02-03 03:30:00,-52.71
2023-02-03 04:20:00,-51.2
2023-02-03 05:10:00,-49.42
2023-02-03 06:30:00,-50.39
2023-02-03 07:20:00,-48.21
2023-02-03 08:10:00,-53.59
2023-02-03 09:00:00,-51.97
2023-02-03 09:50:00,-53.2
2023-02-03 10:40:00,-51.21
2023-02-03 11:30:00,-51.84
2023-02-03 12:40:00,-49.19
2023-02-03 13:30:00,-47.52
2023-02-03 14:20:00,-45.62
2023-02-03 15:10:00,-41.91
2023-02-03 16:00:00,-39.78
2023-02-03 16:50:00,-34.68
2023-02-03 17:40:00,-33.17
2023-02-03 18:30:00,-34.01
2023-02-03 19:20:00,-36.47
2023-02-03 20:10:00,-39.15
2023-02-03 21:00:00,-42.31
2023-02-03 21:50:00,-42.83
2023-02-03 22:40:00,-46.26
2023-02-03 23:30:00,-45.49
2023-02-04 00:30:00,-46.11
2023-02-04 01:20:00,-49.79
2023-02-04 02:10:00,-45.89
2023-02-04 03:00:00,-48.15
2023-02-04 03:50:00,-46.15
2023-02-04 04:40:00,-48.49
2023-02-04 05:30:00,-49.68
2023-02-04 06:20:00,-46.09
2023-02-04 07:10:00,-46.14
2023-02-04 08:00:00,-44.89
2023-02-04 08:50:00,-47.56
2023-02-04 09:40:00,-47.23
2023-02-04 10:30:00,-46.84
2023-02-04 11:20:00,-44.48
2023-02-04 12:10:00,-43.65
2023-02-04 13:00:00,-47.39
2023-02-04 13:50:00,-47.88
2023-02-04 14:40:00,-43.58
2023-02-04 15:30:00,-46.35
2023-02-04 16:20:00,-44.89
2023-02-04 17:10:00,-47.49
2023-02-04 18:00:00,-45.94
2023-02-04 18:50:00,-43.4
2023-02-04 19:40:00,-45.97
2023-02-04 20:30:00,-46.46
2023-02-04 21:20:00,-45.87
2023-02-04 22:10:00,-49.35
2023-02-04 23:00:00,-47.94
2023-02-04 23:50:00,-49.7
2023-02-05 00:50:00,-50.77
2023-02-05 02:10:00,-52.33
2023-02-05 03:00:00,-55.76
2023-02-05 03:50:00,-54.93
2023-02-05 04:40:00,-56.5
2023-02-05 05:30:00,-57.84
2023-02-05 06:20:00,-54.38
2023-02-05 07:10:00,-57.52
2023-02-05 08:00:00,-59.52
2023-02-05 08:50:00,-59.27
2023-02-05 09:40:00,-58.36
2023-02-05 10:30:00,-56.99
2023-02-05 11:20:00,-55.22
2023-02-05 12:10:00,-52.13
2023-02-05 13:00:00,-53.67
2023-02-05 13:50:00,-50
2023-02-05 14:40:00,-49.95
2023-02-05 15:40:00,-45.69
2023-02-05 16:30:00,-46.69
2023-02-05 17:20:00,-43.69
2023-02-05 18:10:00,-42.97
2023-02-05 19:00:00,-42.18
2023-02-05 19:50:00,-42.55
2023-02-05 20:40:00,-45.77
2023-02-05 21:30:00,-43.99
2023-02-05 22:20:00,-48.1
2023-02-05 23:10:00,-49.19
2023-02-06 00:40:00,-55.22
2023-02-06 01:40:00,-56.59
2023-02-06 02:30:00,-57.02
2023-02-06 03:20:00,-56
2023-02-06 04:10:00,-59.05
2023-02-06 05:00:00,-56.32
2023-02-06 05:50:00,-57.23
2023-02-06 06:40:00,-60.38
2023-02-06 07:30:00,-62.42
2023-02-06 08:20:00,-59.65
2023-02-06 09:10:00,-60.97
2023-02-06 10:00:00,-57.75
2023-02-06 10:50:00,-57.39
2023-02-06 11:40:00,-55.86
2023-02-06 12:30:00,-54.21
2023-02-06 13:20:00,-48.23
2023-02-06 14:10:00,-48.77
2023-02-06 15:00:00,-42.34
2023-02-06 15:50:00,-37.83
2023-02-06 16:40:00,-38.63
2023-02-06 17:30:00,-33.23
2023-02-06 18:20:00,-34.63
2023-02-06 19:10:00,-32.85
2023-02-06 20:00:00,-36.25
2023-02-06 20:50:00,-37.7
2023-02-06 21:40:00,-39.28
2023-02-06 22:30:00,-42.51
2023-02-06 23:20:00,-42.93
2023-02-07 00:20:00,-47.89
2023-02-07 01:10:00,-49.52
2023-02-07 02:00:00,-51.67
2023-02-07 02:50:00,-48.78
2023-02-07 03:40:00,-49.74
2023-02-07 05:20:00,-53.05
2023-02-07 06:10:00,-53.08
2023-02-07 07:00:00,-55.68
2023-02-07 07:50:00,-51.63
2023-02-07 08:40:00,-51.76
2023-02-07 09:30:00,-53.42
2023-02-07 10:20:00,-51.94
2023-02-07 11:10:00,-48.18
2023-02-07 12:00:00,-46.74
2023-02-07 13:10:00,-48.88
2023-02-07 14:00:00,-43.95
2023-02-07 14:50:00,-45.57
2023-02-07 15:40:00,-42.65
2023-02-07 16:30:00,-41.85
2023-02-07 17:20:00,-40.23
2023-02-07 18:10:00,-40.59
2023-02-07 19:00:00,-38.99
2023-02-07 19:50:00,-41.73
2023-02-07 20:40:00,-41.52
2023-02-07 21:30:00,-42.75
2023-02-07 22:20:00,-43.66
2023-02-07 23:10:00,-44.72
2023-02-08 00:10:00,-43.34
2023-02-08 01:00:00,-41.78
2023-02-08 01:50:00,-45
2023-02-08 02:40:00,-44.13
2023-02-08 03:30:00,-44.47
2023-02-08 04:20:00,-47.23
2023-02-08 05:10:00,-46.06
2023-02-08 06:00:00,-47.99
2023-02-08 06:50:00,-47.29
2023-02-08 07:40:00,-45.8
2023-02-08 08:30:00,-46.52
2023-02-08 09:20:00,-44.02
2023-02-08 10:10:00,-44.77
2023-02-08 11:00:00,-43.72
2023-02-08 11:50:00,-46.43
2023-02-08 12:40:00,-41.35
2023-02-08 13:30:00,-42.08
2023-02-08 14:20:00,-41.55
2023-02-08 15:10:00,-43
2023-02-08 16:00:00,-41.13
2023-02-08 16:50:00,-42.78
2023-02-08 17:40:00,-39.38
2023-02-08 18:30:00,-39.75
2023-02-08 19:20:00,-40.76
2023-02-08 20:10:00,-42.53
2023-02-08 21:00:00,-40.68
2023-02-08 21:50:00,-41.53
2023-02-08 22:40:00,-43.2
2023-02-08 23:30:00,-42.47
2023-02-09 00:30:00,-42.21
2023-02-09 01:20:00,-40.75
2023-02-09 02:10:00,-44.03
2023-02-09 03:00:00,-41.56
2023-02-09 03:50:00,-43.38
2023-02-09 04:40:00,-46.68
2023-02-09 05:30:00,-43.51
2023-02-09 06:20:00,-43.55
2023-02-09 07:10:00,-45.41
2023-02-09 08:00:00,-46.29
2023-02-09 08:50:00,-48.49
2023-02-09 09:40:00,-44.82
2023-02-09 10:30:00,-46.85
2023-02-09 11:20:00,-44.51
2023-02-09 12:10:00,-45.79
2023-02-09 13:00:00,-47.41
2023-02-09 13:50:00,-45.95
2023-02-09 14:40:00,-44.55
2023-02-09 15:30:00,-44.52
2023-02-09 16:20:00,-43.86
2023-02-09 17:10:00,-40.74
2023-02-09 18:00:00,-42.05
2023-02-09 18:50:00,-41.42
2023-02-09 19:40:00,-42.52
2023-02-09 20:30:00,-38.83
2023-02-09 21:20:00,-41.45
2023-02-09 22:10:00,-41.04
2023-02-09 23:00:00,-42.87
2023-02-09 23:50:00,-46.07
2023-02-10 00:50:00,-47.32
2023-02-10 01:40:00,-47.03
2023-02-10 02:30:00,-44.09
2023-02-10 03:20:00,-45.79
2023-02-10 04:10:00,-48.13
2023-02-10 05:00:00,-48.37
2023-02-10 05:50:00,-46.55
2023-02-10 06:40:00,-46.31
2023-02-10 07:30:00,-48.97
2023-02-10 08:20:00,-50.41
2023-02-10 09:10:00,-48.01
2023-02-10 10:00:00,-50.12
2023-02-10 10:50:00,-47.25
2023-02-10 11:40:00,-43.98
2023-02-10 12:30:00,-41.7
2023-02-10 13:20:00,-40.67
2023-02-10 14:10:00,-38.12
2023-02-10 15:00:00,-36.8
2023-02-10 15:50:00,-33.08
2023-02-10 16:40:00,-35.58
2023-02-10 17:30:00,-33.63
2023-02-10 18:20:00,-32.5
2023-02-10 19:10:00,-30.87
2023-02-10 20:00:00,-31.07
2023-02-10 20:50:00,-32.15
2023-02-10 21:40:00,-37.3
2023-02-10 22:30:00,-35.38
2023-02-10 23:20:00,-38.05
2023-02-11 00:20:00,-39.36
2023-02-11 01:10:00,-41.1
2023-02-11 02:00:00,-39.51
2023-02-11 02:50:00,-39.6
2023-02-11 03:40:00,-40.97
2023-02-11 04:30:00,-44.49
2023-02-11 05:20:00,-45.26
2023-02-11 06:10:00,-43.57
2023-02-11 07:00:00,-42.56
2023-02-11 07:50:00,-44.92
2023-02-11 08:40:00,-45.73
2023-02-11 09:30:00,-42.76
2023-02-11 10:20:00,-40.81
2023-02-11 11:10:00,-41.21
2023-02-11 12:00:00,-41.52
2023-02-11 12:50:00,-36.74
2023-02-11 13:40:00,-36.24
2023-02-11 14:30:00,-36.53
2023-02-11 15:20:00,-31.27
2023-02-11 16:10:00,-31.9
2023-02-11 17:00:00,-28.07
2023-02-11 17:50:00,-30.06
2023-02-11 18:40:00,-26.33
2023-02-11 19:30:00,-30.21
2023-02-11 20:20:00,-28.77
2023-02-11 21:10:00,-27.71
2023-02-11 22:00:00,-28.91
2023-02-11 22:50:00,-32.92
2023-02-11 23:40:00,-35.86
2023-02-12 00:40:00,-33.2
2023-02-12 01:30:00,-35.95
2023-02-12 02:20:00,-37.72
2023-02-12 03:10:00,-37.35
2023-02-12 04:00:00,-37.37
2023-02-12 04:50:00,-35.32
2023-02-12 05:40:00,-37.78
2023-02-12 06:30:00,-37.93
2023-02-12 07:20:00,-36.27
2023-02-12 08:10:00,-35.74
2023-02-12 09:00:00,-38.58
2023-02-12 09:50:00,-39.73
2023-02-12 10:40:00,-37.17
2023-02-12 11:30:00,-36.52
2023-02-12 12:20:00,-37.33
2023-02-12 13:10:00,-39.77
2023-02-12 14:00:00,-38.18
2023-02-12 14:50:00,-40.04
2023-02-12 15:40:00,-40.67
2023-02-12 16:30:00,-45.48
2023-02-12 17:20:00,-43.08
2023-02-12 18:10:00,-45.56
2023-02-12 19:00:00,-48.15
2023-02-12 19:50:00,-48.61
2023-02-12 20:40:00,-48.24
2023-02-12 21:30:00,-43.72
2023-02-12 22:20:00,-43.91
2023-02-12 23:10:00,-46.29
2023-02-13 00:10:00,-46.93
2023-02-13 01:00:00,-47.18
2023-02-13 01:50:00,-44.73
2023-02-13 02:40:00,-42.85
2023-02-13 03:30:00,-44.57
2023-02-13 04:20:00,-45.32
2023-02-13 05:10:00,-44.72
2023-02-13 06:00:00,-46.37
2023-02-13 06:50:00,-44.74
2023-02-13 07:40:00,-47.43
2023-02-13 08:30:00,-47.24
2023-02-13 09:20:00,-44.2
2023-02-13 10:10:00,-43.62
2023-02-13 11:00:00,-47.22
2023-02-13 11:50:00,-45.73
2023-02-13 12:40:00,-44.63
2023-02-13 13:30:00,-42.15
2023-02-13 14:20:00,-43.55
2023-02-13 15:10:00,-43.96
2023-02-13 16:00:00,-45.35
2023-02-13 16:50:00,-46.75
2023-02-13 17:40:00,-48.53
2023-02-13 18:30:00,-48.19
2023-02-13 19:20:00,-48.76
2023-02-13 20:10:00,-48.3
2023-02-13 21:00:00,-49.52
2023-02-13 21:50:00,-49.73
2023-02-13 23:30:00,-50.61
2023-02-14 00:30:00,-53.7
2023-02-14 01:20:00,-51.92
2023-02-14 02:10:00,-51.03
2023-02-14 03:00:00,-51.83
2023-02-14 03:50:00,-53.28
2023-02-14 04:40:00,-53.46
2023-02-14 05:30:00,-50.76
2023-02-14 06:20:00,-52.04
2023-02-14 07:10:00,-55.71
2023-02-14 08:00:00,-54.09
2023-02-14 08:50:00,-55.47
2023-02-14 09:40:00,-55.91
2023-02-14 10:30:00,-51.26
2023-02-14 11:20:00,-51.79
2023-02-14 12:10:00,-53.06
2023-02-14 13:00:00,-55.43
2023-02-14 13:50:00,-51.83
2023-02-14 14:40:00,-55.38
2023-02-14 15:30:00,-51.07
2023-02-14 16:20:00,-53.1
2023-02-14 17:10:00,-50.52
2023-02-14 18:00:00,-51
2023-02-14 18:50:00,-50.96
2023-02-14 19:40:00,-51.91
2023-02-14 20:30:00,-48.15
2023-02-14 21:20:00,-51.49
2023-02-14 22:10:00,-51.58
2023-02-14 23:00:00,-49.8
2023-02-14 23:50:00,-50.44
2023-02-15 00:50:00,-51.53
2023-02-15 01:40:00,-53.54
2023-02-15 02:30:00,-50.84
2023-02-15 03:20:00,-54.42
2023-02-15 04:10:00,-53.89
2023-02-15 05:00:00,-51.48
2023-02-15 05:50:00,-51.56
2023-02-15 06:40:00,-50.47
2023-02-15 07:30:00,-50.81
2023-02-15 08:20:00,-54.35
2023-02-15 09:10:00,-52.84
2023-02-15 10:00:00,-52.39
2023-02-15 10:50:00,-52.98
2023-02-15 11:40:00,-50.63
2023-02-15 12:30:00,-49.95
2023-02-15 13:20:00,-45.93
2023-02-15 14:10:00,-44.33
2023-02-15 15:00:00,-47.24
2023-02-15 16:10:00,-46.06
2023-02-15 17:00:00,-43.76
2023-02-15 17:50:00,-42.88
2023-02-15 18:40:00,-42.89
2023-02-15 19:30:00,-43.29
2023-02-15 20:20:00,-42.36
2023-02-15 21:10:00,-45.75
2023-02-15 22:00:00,-41.9
2023-02-15 22:50:00,-46.9
2023-02-15 23:40:00,-44.9
2023-02-16 00:40:00,-48.81
2023-02-16 01:30:00,-46.13
2023-02-16 02:20:00,-45.2
2023-02-16 04:00:00,-46.26
2023-02-16 04:50:00,-50.87
2023-02-16 05:40:00,-48.31
2023-02-16 06:30:00,-50.35
2023-02-16 07:20:00,-50.16
2023-02-16 08:10:00,-51.59
2023-02-16 09:00:00,-47.93
2023-02-16 09:50:00,-46.21
2023-02-16 10:40:00,-47.28
2023-02-16 11:30:00,-47.56
2023-02-16 12:20:00,-45.87
2023-02-16 13:10:00,-46.14
2023-02-16 14:00:00,-50.61
2023-02-16 14:50:00,-47.18
2023-02-16 16:30:00,-46.22
2023-02-16 17:20:00,-44.08
2023-02-16 18:10:00,-45.46
2023-02-16 19:00:00,-43.35
2023-02-16 19:50:00,-42.61
2023-02-16 20:40:00,-47.77
2023-02-16 22:10:00,-51.54
2023-02-16 23:00:00,-48.64
2023-02-16 23:50:00,-52.64
2023-02-17 00:50:00,-54.01
2023-02-17 01:40:00,-55.01
2023-02-17 02:30:00,-54.57
2023-02-17 03:20:00,-53.12
2023-02-17 04:10:00,-53.62
2023-02-17 05:00:00,-57.28
2023-02-17 05:50:00,-57.45
2023-02-17 06:40:00,-54.32
2023-02-17 07:30:00,-55.39
2023-02-17 08:20:00,-53.46
2023-02-17 09:10:00,-53
2023-02-17 10:00:00,-54.25
2023-02-17 10:50:00,-55.27
2023-02-17 11:40:00,-51.8
2023-02-17 12:30:00,-52.98
2023-02-17 13:20:00,-50.25
2023-02-17 14:10:00,-48.09
2023-02-17 15:00:00,-43.35
2023-02-17 16:00:00,-41.6
2023-02-17 16:50:00,-42.58
2023-02-17 17:40:00,-38.93
2023-02-17 18:30:00,-42.74
2023-02-17 19:20:00,-40.7
2023-02-17 20:10:00,-38.74
2023-02-17 21:00:00,-41.86
2023-02-17 21:50:00,-40.81
2023-02-17 22:40:00,-40.11
2023-02-17 23:30:00,-39.87
2023-02-18 00:30:00,-40.56
2023-02-18 01:20:00,-41.89
2023-02-18 02:10:00,-41.04
2023-02-18 03:00:00,-45.57
2023-02-18 03:50:00,-41.33
2023-02-18 04:40:00,-42.87
2023-02-18 05:30:00,-44.48
2023-02-18 06:20:00,-43.05
2023-02-18 07:10:00,-45.38
2023-02-18 08:00:00,-43.5
2023-02-18 08:50:00,-42.6
2023-02-18 09:40:00,-44.16
2023-02-18 10:30:00,-42.63
2023-02-18 11:20:00,-43.22
2023-02-18 12:10:00,-42.51
2023-02-18 13:00:00,-40.99
2023-02-18 13:50:00,-42.87
2023-02-18 14:40:00,-41.1
2023-02-18 15:30:00,-40.76
2023-02-18 16:20:00,-41.53
2023-02-18 17:10:00,-42.23
2023-02-18 18:00:00,-38.83
2023-02-18 18:50:00,-40.61
2023-02-18 19:40:00,-40.26
2023-02-18 20:30:00,-42.61
2023-02-18 21:20:00,-43.87
2023-02-18 22:10:00,-42.88
2023-02-18 23:00:00,-43.31
2023-02-18 23:50:00,-41.19
2023-02-19 00:50:00,-41.91
2023-02-19 01:40:00,-41.96
2023-02-19 02:30:00,-44.18
2023-02-19 03:20:00,-41.2
2023-02-19 04:10:00,-44
2023-02-19 05:00:00,-45.08
2023-02-19 05:50:00,-45.81
2023-02-19 06:40:00,-45.31
2023-02-19 07:30:00,-44.32
2023-02-19 08:20:00,-42.55
2023-02-19 09:10:00,-43.4
2023-02-19 10:00:00,-46.03
2023-02-19 10:50:00,-41.48
2023-02-19 11:40:00,-43.73
2023-02-19 12:30:00,-41.37
2023-02-19 13:20:00,-41.98
2023-02-19 14:10:00,-44.01
2023-02-19 15:00:00,-42.87
2023-02-19 15:50:00,-38.49
2023-02-19 16:40:00,-39.62
2023-02-19 17:30:00,-41.27
2023-02-19 18:20:00,-37.29
2023-02-19 19:10:00,-36.88
2023-02-19 20:00:00,-37.2
2023-02-19 20:50:00,-38.16
2023-02-19 21:50:00,-40.89
2023-02-19 22:40:00,-41.07
2023-02-19 23:30:00,-39.15
2023-02-20 00:30:00,-40.1
2023-02-20 01:20:00,-39.65
2023-02-20 02:10:00,-43.77
2023-02-20 03:00:00,-40.19
2023-02-20 03:50:00,-45.11
2023-02-20 04:40:00,-43.93
2023-02-20 05:30:00,-41.78
2023-02-20 06:20:00,-42.65
2023-02-20 07:10:00,-41.92
2023-02-20 08:00:00,-43.69
2023-02-20 08:50:00,-45.91
2023-02-20 09:40:00,-45.25
2023-02-20 10:30:00,-46.29
2023-02-20 11:20:00,-41.91
2023-02-20 12:10:00,-42.04
2023-02-20 13:00:00,-44.3
2023-02-20 13:50:00,-44.3
2023-02-20 14:40:00,-43.27
2023-02-20 15:30:00,-40.13
2023-02-20 16:20:00,-39.79
2023-02-20 17:10:00,-42.81
2023-02-20 18:00:00,-42.07
2023-02-20 18:50:00,-40.36
2023-02-20 19:40:00,-40.73
2023-02-20 20:30:00,-40.39
2023-02-20 21:20:00,-43.63
2023-02-20 22:10:00,-45.42
2023-02-20 23:00:00,-44.17
2023-02-20 23:50:00,-46.62
2023-02-21 00:50:00,-47.13
2023-02-21 01:40:00,-46.8
2023-02-21 02:30:00,-46.2
2023-02-21 03:20:00,-45.21
2023-02-21 04:40:00,-48.82
2023-02-21 05:30:00,-48.29
2023-02-21 06:20:00,-47.59
2023-02-21 07:10:00,-49.76
2023-02-21 08:00:00,-49.38
2023-02-21 08:50:00,-49.12
2023-02-21 09:40:00,-52.68
2023-02-21 10:30:00,-53.91
2023-02-21 11:20:00,-53.29
2023-02-21 12:10:00,-49.07
2023-02-21 13:00:00,-50.17
2023-02-21 14:00:00,-52.26
2023-02-21 14:50:00,-48.55
2023-02-21 15:40:00,-49.07
2023-02-21 16:30:00,-49.02
2023-02-21 17:20:00,-51.02
2023-02-21 18:10:00,-51.6
2023-02-21 19:00:00,-50.06
2023-02-21 19:50:00,-47.69
2023-02-21 20:40:00,-51.88
2023-02-21 21:30:00,-48.46
2023-02-21 22:20:00,-50.89
2023-02-21 23:10:00,-52.4
2023-02-22 00:10:00,-53.44
2023-02-22 01:00:00,-54.2
2023-02-22 01:50:00,-55.49
2023-02-22 02:40:00,-57.23
2023-02-22 03:30:00,-56.16
2023-02-22 04:20:00,-53.69
2023-02-22 05:10:00,-52.97
2023-02-22 06:00:00,-54.48
2023-02-22 06:50:00,-53.66
2023-02-22 07:40:00,-54.63
2023-02-22 08:30:00,-53.23
2023-02-22 09:20:00,-53.41
2023-02-22 10:10:00,-55.41
2023-02-22 11:00:00,-52.98
2023-02-22 11:50:00,-55.1
2023-02-22 12:40:00,-49.69
2023-02-22 13:30:00,-52.07
2023-02-22 14:20:00,-50.33
2023-02-22 15:30:00,-47.9
2023-02-22 16:20:00,-45.16
2023-02-22 17:10:00,-42.91
2023-02-22 18:00:00,-45.05
2023-02-22 18:50:00,-44.35
2023-02-22 19:40:00,-41.94
2023-02-22 20:30:00,-40.82
2023-02-22 21:20:00,-40.03
2023-02-22 22:10:00,-44.05
2023-02-22 23:00:00,-45
2023-02-22 23:50:00,-45.1
2023-02-23 00:50:00,-43.39
2023-02-23 01:40:00,-45.1
2023-02-23 02:30:00,-43
2023-02-23 03:20:00,-47.92
2023-02-23 04:40:00,-44.84
2023-02-23 05:30:00,-45.67
2023-02-23 06:20:00,-48.36
2023-02-23 07:10:00,-48.83
2023-02-23 08:00:00,-47.3
2023-02-23 08:50:00,-48.33
2023-02-23 09:40:00,-50.52
2023-02-23 10:30:00,-49.43
2023-02-23 11:20:00,-47.26
2023-02-23 12:10:00,-50.64
2023-02-23 13:00:00,-46.84
2023-02-23 13:50:00,-48.22
2023-02-23 15:00:00,-43.33
2023-02-23 15:50:00,-44.88
2023-02-23 16:40:00,-43.53
2023-02-23 17:30:00,-40.6
2023-02-23 18:20:00,-41.95
2023-02-23 19:10:00,-42.27
2023-02-23 20:00:00,-40.41
2023-02-23 20:50:00,-41.91
2023-02-23 21:40:00,-40.09
2023-02-23 22:30:00,-41.86
2023-02-23 23:20:00,-41.57
2023-02-24 00:20:00,-41.01
2023-02-24 01:10:00,-44.72
2023-02-24 02:00:00,-42.17
2023-02-24 02:50:00,-44.17
2023-02-24 03:40:00,-43.88
2023-02-24 04:30:00,-47.2
2023-02-24 05:20:00,-44.5
2023-02-24 06:10:00,-43.43
2023-02-24 07:00:00,-47.35
2023-02-24 07:50:00,-43.24
2023-02-24 08:40:00,-47.69
2023-02-24 09:30:00,-46.6
2023-02-24 10:20:00,-46.86
2023-02-24 11:10:00,-40.75
2023-02-24 12:00:00,-38.33
2023-02-24 12:50:00,-35.57
2023-02-24 13:40:00,-36.09
2023-02-24 14:30:00,-30.91
2023-02-24 15:20:00,-27.13
2023-02-24 16:10:00,-22.53
2023-02-24 17:00:00,-20.51
2023-02-24 17:50:00,-23.19
2023-02-24 18:40:00,-22.36
2023-02-24 19:30:00,-21.79
2023-02-24 20:20:00,-24
2023-02-24 21:10:00,-25.1
2023-02-24 22:00:00,-31.88
2023-02-24 22:50:00,-33.22
2023-02-24 23:40:00,-33.66
2023-02-25 00:40:00,-38.65
2023-02-25 01:30:00,-42.21
2023-02-25 02:20:00,-43.77
2023-02-25 03:10:00,-47.21
2023-02-25 04:00:00,-46.15
2023-02-25 04:50:00,-46.27
2023-02-25 05:40:00,-47.73
2023-02-25 06:30:00,-51.64
2023-02-25 07:20:00,-48.87
2023-02-25 08:10:00,-50.56
2023-02-25 09:00:00,-53.43
2023-02-25 09:50:00,-48.67
2023-02-25 10:40:00,-46.75
2023-02-25 11:30:00,-46.93
2023-02-25 12:20:00,-42.89
2023-02-25 13:10:00,-40.59
2023-02-25 14:00:00,-34.99
2023-02-25 14:50:00,-30.21
2023-02-25 15:40:00,-27.21
2023-02-25 16:30:00,-25.99
2023-02-25 17:20:00,-26.67
2023-02-25 18:10:00,-25.59
2023-02-25 19:00:00,-22.6
2023-02-25 19:50:00,-27.56
2023-02-25 20:40:00,-26.12
2023-02-25 21:40:00,-30.93
2023-02-25 22:30:00,-33.8
2023-02-25 23:20:00,-34.43
2023-02-26 00:20:00,-38.32
2023-02-26 01:10:00,-38.35
2023-02-26 02:00:00,-39.63
2023-02-26 02:50:00,-45.03
2023-02-26 03:40:00,-45.54
2023-02-26 04:30:00,-43.67
2023-02-26 05:20:00,-45.6
2023-02-26 06:10:00,-46.07
2023-02-26 07:00:00,-47.9
2023-02-26 07:50:00,-51.11
2023-02-26 08:40:00,-51.22
2023-02-26 09:30:00,-50.15
2023-02-26 10:20:00,-46.69
2023-02-26 11:10:00,-44.17
2023-02-26 12:00:00,-38.5
2023-02-26 12:50:00,-34.23
2023-02-26 13:40:00,-28.23
2023-02-26 14:30:00,-25.33
2023-02-26 15:20:00,-24.37
2023-02-26 16:10:00,-21.45
2023-02-26 17:00:00,-19.97
2023-02-26 17:50:00,-15.76
2023-02-26 18:40:00,-19.65
2023-02-26 19:30:00,-19.3
2023-02-26 20:20:00,-24.96
2023-02-26 21:10:00,-27.1
2023-02-26 22:00:00,-31.11
2023-02-26 22:50:00,-30.9
2023-02-26 23:40:00,-38.37
2023-02-27 00:40:00,-41.79
2023-02-27 01:40:00,-40.57
2023-02-27 02:30:00,-41.8
2023-02-27 03:20:00,-47.61
2023-02-27 04:10:00,-49.41
2023-02-27 05:00:00,-47.06
2023-02-27 05:50:00,-50.71
2023-02-27 06:40:00,-51.66
2023-02-27 07:30:00,-48.64
2023-02-27 08:20:00,-50.35
2023-02-27 09:10:00,-53.48
2023-02-27 10:00:00,-47.02
2023-02-27 10:50:00,-47.6
2023-02-27 11:40:00,-39.65
2023-02-27 12:30:00,-36.29
2023-02-27 13:20:00,-35.57
2023-02-27 14:10:00,-32.96
2023-02-27 15:00:00,-25.39
2023-02-27 15:50:00,-23.8
2023-02-27 16:40:00,-23.21
2023-02-27 17:30:00,-25.05
2023-02-27 18:20:00,-23.25
2023-02-27 19:10:00,-24.7
2023-02-27 20:00:00,-25.47
2023-02-27 20:50:00,-26.76
2023-02-27 21:40:00,-25.66
2023-02-27 22:30:00,-28.68
2023-02-27 23:20:00,-28.72
2023-02-28 00:20:00,-33.03
2023-02-28 01:10:00,-31.93
2023-02-28 02:00:00,-32.99
2023-02-28 02:50:00,-33.56
2023-02-28 03:40:00,-37.11
2023-02-28 04:30:00,-37.89
2023-02-28 05:20:00,-38.32
2023-02-28 06:10:00,-36.92
2023-02-28 07:00:00,-40.76
2023-02-28 07:50:00,-43.29
2023-02-28 08:40:00,-43.06
2023-02-28 09:30:00,-44.59
2023-02-28 10:20:00,-42.51
2023-02-28 11:10:00,-42.3
2023-02-28 12:00:00,-41.94
2023-02-28 12:50:00,-39.77
2023-02-28 13:40:00,-37.91
2023-02-28 14:30:00,-35
2023-02-28 15:20:00,-33.16
2023-02-28 16:10:00,-34.26
2023-02-28 17:00:00,-31.57
2023-02-28 17:50:00,-31.83
2023-02-28 18:40:00,-33.08
2023-02-28 19:30:00,-33.5
2023-02-28 20:20:00,-31.73
2023-02-28 21:10:00,-33.08
2023-02-28 22:00:00,-32.6
2023-02-28 22:50:00,-36.04
2023-02-28 23:40:00,-37.08
2023-03-01 00:40:00,-36.48
2023-03-01 01:30:00,-39.85
2023-03-01 02:20:00,-39.07
2023-03-01 03:10:00,-40.02
2023-03-01 04:00:00,-41.08
2023-03-01 04:50:00,-40.88
2023-03-01 05:40:00,-42.27
2023-03-01 06:30:00,-41.46
2023-03-01 07:20:00,-43.44
2023-03-01 08:10:00,-43.08
2023-03-01 09:00:00,-43.46
2023-03-01 09:50:00,-44.18
2023-03-01 10:40:00,-43.48
2023-03-01 11:30:00,-41.91
2023-03-01 12:20:00,-41.28
2023-03-01 13:10:00,-41.32
2023-03-01 14:00:00,-41.7
2023-03-01 14:50:00,-40.8
2023-03-01 15:40:00,-37.79
2023-03-01 16:30:00,-38.15
2023-03-01 17:20:00,-39.96
2023-03-01 18:10:00,-39.2
2023-03-01 19:00:00,-41.57
2023-03-01 19:50:00,-39.69
2023-03-01 20:40:00,-38.81
2023-03-01 21:30:00,-39.99
2023-03-01 22:20:00,-39.55
2023-03-01 23:10:00,-42.34
2023-03-02 00:10:00,-43.99
2023-03-02 01:00:00,-45.26
2023-03-02 01:50:00,-42.75
2023-03-02 02:40:00,-41.59
2023-03-02 03:30:00,-44.06
2023-03-02 04:20:00,-46.14
2023-03-02 05:10:00,-45.85
2023-03-02 06:00:00,-44.88
2023-03-02 06:50:00,-42.23
2023-03-02 07:40:00,-43.33
2023-03-02 08:30:00,-45.95
2023-03-02 09:20:00,-45.15
2023-03-02 10:10:00,-40.83
2023-03-02 11:00:00,-43.36
2023-03-02 11:50:00,-42.57
2023-03-02 12:40:00,-41.82
2023-03-02 13:30:00,-38.88
2023-03-02 14:20:00,-38.79
2023-03-02 15:10:00,-33.19
2023-03-02 16:00:00,-33.63
2023-03-02 16:50:00,-29.37
2023-03-02 17:40:00,-31.73
2023-03-02 18:30:00,-32.34
2023-03-02 19:20:00,-29.17
2023-03-02 20:10:00,-33.98
2023-03-02 21:00:00,-31.38
2023-03-02 21:50:00,-31.29
2023-03-02 22:40:00,-32.18
2023-03-02 23:30:00,-35.44
2023-03-03 00:30:00,-37.56
2023-03-03 01:20:00,-37.78
2023-03-03 02:10:00,-37.61
2023-03-03 03:00:00,-40.9
2023-03-03 03:50:00,-41.23
2023-03-03 04:40:00,-39
2023-03-03 05:30:00,-39.56
2023-03-03 06:20:00,-42.6
2023-03-03 07:10:00,-41.34
2023-03-03 08:00:00,-42.52
2023-03-03 08:50:00,-41.1
2023-03-03 09:40:00,-44.91
2023-03-03 10:30:00,-40.84
2023-03-03 11:20:00,-42.38
2023-03-03 12:10:00,-37.91
2023-03-03 13:00:00,-33.87
2023-03-03 13:50:00,-27.86
2023-03-03 14:40:00,-23.58
2023-03-03 15:30:00,-24.21
2023-03-03 16:20:00,-18.76
2023-03-03 17:10:00,-16.77
2023-03-03 18:00:00,-18.33
2023-03-03 18:50:00,-19.75
2023-03-03 19:40:00,-18.13
2023-03-03 20:30:00,-20.12
2023-03-03 21:20:00,-21.93
2023-03-03 22:10:00,-25.86
2023-03-03 23:00:00,-29.29
2023-03-03 23:50:00,-30.57
2023-03-04 00:50:00,-31.24
2023-03-04 01:40:00,-31.99
2023-03-04 02:30:00,-36.67
2023-03-04 03:20:00,-38.41
2023-03-04 04:10:00,-38.95
2023-03-04 05:00:00,-41.8
2023-03-04 05:50:00,-41.06
2023-03-04 06:40:00,-42.86
2023-03-04 07:30:00,-48.53
2023-03-04 08:20:00,-44.62
2023-03-04 09:10:00,-42.76
2023-03-04 10:00:00,-44.31
2023-03-04 10:50:00,-43.43
2023-03-04 11:40:00,-38.87
2023-03-04 12:30:00,-34.32
2023-03-04 13:20:00,-29.43
2023-03-04 14:10:00,-23.04
2023-03-04 15:00:00,-22.58
2023-03-04 15:50:00,-17.03
2023-03-04 16:40:00,-15.28
2023-03-04 17:30:00,-12.48
2023-03-04 18:20:00,-11.08
2023-03-04 19:10:00,-10.79
2023-03-04 20:00:00,-18.57
2023-03-04 20:50:00,-19.43
2023-03-04 21:40:00,-20.1
2023-03-04 22:30:00,-22.79
2023-03-04 23:20:00,-27.5
2023-03-05 00:20:00,-33.24
2023-03-05 01:10:00,-36.31
2023-03-05 02:00:00,-37.5
2023-03-05 02:50:00,-40.05
2023-03-05 03:40:00,-43.48
2023-03-05 04:30:00,-42.34
2023-03-05 05:20:00,-46.82
2023-03-05 06:10:00,-44.16
2023-03-05 07:00:00,-45.84
2023-03-05 07:50:00,-49.33
2023-03-05 08:40:00,-48.96
2023-03-05 09:30:00,-44.37
2023-03-05 10:20:00,-44.72
2023-03-05 11:10:00,-38.18
2023-03-05 12:00:00,-37.48
2023-03-05 12:50:00,-32.5
2023-03-05 13:40:00,-28.24
2023-03-05 14:30:00,-18.65
2023-03-05 15:20:00,-17.12
2023-03-05 16:10:00,-14.41
2023-03-05 17:00:00,-10.48
2023-03-05 17:50:00,-5.69
2023-03-05 18:40:00,-4.92
2023-03-05 19:30:00,-5.59
2023-03-05 20:20:00,-10.49
2023-03-05 21:10:00,-14.81
2023-03-05 22:00:00,-16.4
2023-03-05 22:50:00,-19.69
2023-03-05 23:40:00,-20.96
2023-03-06 00:40:00,-26.23
2023-03-06 01:40:00,-32.3
2023-03-06 02:30:00,-32.33
2023-03-06 03:20:00,-36.09
2023-03-06 04:10:00,-35.3
2023-03-06 05:00:00,-35.65
2023-03-06 05:50:00,-39.7
2023-03-06 07:00:00,-39.99
2023-03-06 07:50:00,-38.77
2023-03-06 08:40:00,-38.38
2023-03-06 09:30:00,-35.35
2023-03-06 10:20:00,-36
2023-03-06 11:10:00,-32.66
2023-03-06 12:00:00,-33.45
2023-03-06 12:50:00,-32.78
2023-03-06 13:40:00,-33.08
2023-03-06 14:30:00,-31.33
2023-03-06 15:20:00,-36.22
2023-03-06 16:10:00,-35.31
2023-03-06 17:00:00,-34.97
2023-03-06 17:50:00,-38.93
2023-03-06 18:40:00,-36.44
2023-03-06 19:30:00,-37.98
2023-03-06 20:20:00,-39.79
2023-03-06 21:10:00,-39.53
2023-03-06 22:00:00,-39.6
2023-03-06 22:50:00,-36.99
2023-03-06 23:40:00,-37.97
2023-03-07 00:40:00,-39.34
2023-03-07 01:30:00,-39.51
2023-03-07 02:20:00,-37.68
2023-03-07 03:10:00,-38.07
2023-03-07 04:00:00,-40.9
2023-03-07 04:50:00,-40.97
2023-03-07 05:40:00,-42.84
2023-03-07 06:30:00,-41.45
2023-03-07 07:20:00,-41.09
2023-03-07 08:10:00,-39.87
2023-03-07 09:00:00,-43.51
2023-03-07 09:50:00,-40.29
2023-03-07 10:40:00,-41.48
2023-03-07 11:30:00,-38.14
2023-03-07 12:20:00,-35.98
2023-03-07 13:10:00,-37.28
2023-03-07 14:00:00,-36.86
2023-03-07 14:50:00,-32.2
2023-03-07 15:40:00,-31.01
2023-03-07 16:30:00,-32.93
2023-03-07 17:20:00,-29.09
2023-03-07 18:10:00,-27.88
2023-03-07 19:00:00,-31.92
2023-03-07 19:50:00,-31.06
2023-03-07 20:40:00,-31.98
2023-03-07 21:30:00,-28.76
2023-03-07 22:20:00,-33.22
2023-03-07 23:10:00,-29.56
2023-03-08 00:10:00,-30.51
2023-03-08 01:00:00,-31.93
2023-03-08 01:50:00,-34.87
2023-03-08 02:40:00,-32.42
2023-03-08 03:30:00,-31.78
2023-03-08 04:20:00,-35.83
2023-03-08 05:10:00,-35.99
2023-03-08 06:00:00,-32.79
2023-03-08 06:50:00,-32.79
2023-03-08 07:40:00,-35.12
2023-03-08 08:30:00,-35.27
2023-03-08 09:20:00,-32.23
2023-03-08 10:10:00,-34.06
2023-03-08 11:00:00,-30.6
2023-03-08 11:50:00,-31.99
2023-03-08 12:40:00,-28.99
2023-03-08 13:30:00,-25.32
2023-03-08 14:20:00,-26.15
2023-03-08 15:10:00,-21.83
2023-03-08 16:00:00,-22.9
2023-03-08 16:50:00,-21.12
2023-03-08 17:40:00,-17.99
2023-03-08 18:30:00,-20.26
2023-03-08 19:20:00,-19.62
2023-03-08 20:10:00,-22.03
2023-03-08 21:00:00,-19.66
2023-03-08 21:50:00,-25.24
2023-03-08 22:40:00,-23.24
2023-03-08 23:30:00,-26.45
2023-03-09 00:30:00,-27.5
2023-03-09 01:20:00,-29.56
2023-03-09 02:10:00,-34.45
2023-03-09 03:00:00,-35.23
2023-03-09 03:50:00,-36.83
2023-03-09 04:40:00,-37.77
2023-03-09 05:30:00,-34.2
2023-03-09 06:20:00,-38.77
2023-03-09 07:10:00,-36.92
2023-03-09 08:00:00,-38.26
2023-03-09 08:50:00,-37.41
2023-03-09 09:40:00,-34.5
2023-03-09 10:30:00,-29.25
2023-03-09 11:20:00,-29.73
2023-03-09 12:10:00,-22.23
2023-03-09 13:00:00,-17.41
2023-03-09 13:50:00,-11.38
2023-03-09 14:40:00,-9.12
2023-03-09 15:30:00,-2.28
2023-03-09 16:20:00,-1.74
2023-03-09 17:10:00,-1.64
2023-03-09 18:00:00,0.77
2023-03-09 18:50:00,1.11
2023-03-09 19:40:00,-4.5
2023-03-09 20:30:00,-6.11
2023-03-09 21:30:00,-7.21
2023-03-09 22:20:00,-11.22
2023-03-09 23:10:00,-14.56
2023-03-10 00:10:00,-20.55
2023-03-10 01:00:00,-22.84
2023-03-10 02:00:00,-22.6
2023-03-10 02:50:00,-23.5
2023-03-10 03:40:00,-28.76
2023-03-10 04:30:00,-27.51
2023-03-10 05:20:00,-26.85
2023-03-10 06:10:00,-28.51
2023-03-10 07:00:00,-28.24
2023-03-10 07:50:00,-29.84
2023-03-10 08:40:00,-26.36
2023-03-10 09:30:00,-29.33
2023-03-10 11:00:00,-31.31
2023-03-10 11:50:00,-30.9
2023-03-10 12:40:00,-28.26
2023-03-10 13:30:00,-30.47
2023-03-10 14:20:00,-29.35
2023-03-10 15:10:00,-29.84
2023-03-10 16:00:00,-29.48
2023-03-10 16:50:00,-28.07
2023-03-10 17:40:00,-25.26
2023-03-10 18:30:00,-27.69
2023-03-10 19:20:00,-25.57
2023-03-10 20:10:00,-29.35
2023-03-10 21:00:00,-31.33
2023-03-10 21:50:00,-32.83
2023-03-10 22:40:00,-31.39
2023-03-10 23:30:00,-33.51
2023-03-11 00:30:00,-33.7
2023-03-11 01:20:00,-37.64
2023-03-11 02:10:00,-39.38
2023-03-11 03:00:00,-40.56
2023-03-11 03:50:00,-38.47
2023-03-11 04:40:00,-37.74
2023-03-11 05:30:00,-43.37
2023-03-11 06:20:00,-39.7
2023-03-11 07:10:00,-41.18
2023-03-11 08:00:00,-41.13
2023-03-11 08:50:00,-40.49
2023-03-11 09:40:00,-38.97
2023-03-11 10:30:00,-37.69
2023-03-11 11:20:00,-37.63
2023-03-11 12:10:00,-34.92
2023-03-11 13:00:00,-32.64
2023-03-11 13:50:00,-28.31
2023-03-11 14:40:00,-22.96
2023-03-11 15:40:00,-12.46
2023-03-11 16:30:00,-9.75
2023-03-11 17:20:00,-9.5
2023-03-11 18:10:00,-8.56
2023-03-11 19:00:00,-7.81
2023-03-11 19:50:00,-11.12
2023-03-11 20:40:00,-12.08
2023-03-11 21:30:00,-12.65
2023-03-11 22:20:00,-15.28
2023-03-11 23:10:00,-18.38
2023-03-12 00:10:00,-19.97
2023-03-12 01:00:00,-19.76
2023-03-12 01:50:00,-15.17
2023-03-12 02:40:00,-18.36
2023-03-12 03:30:00,-21.31
2023-03-12 04:20:00,-20.61
2023-03-12 05:10:00,-24.69
2023-03-12 06:00:00,-24.14
2023-03-12 06:50:00,-29.26
2023-03-12 07:40:00,-30.69
2023-03-12 08:30:00,-30.79
2023-03-12 09:20:00,-34.19
2023-03-12 10:10:00,-35.44
2023-03-12 11:00:00,-36.43
2023-03-14 15:40:00,-12.23
2023-03-14 16:30:00,-6.21
2023-03-14 17:20:00,-5.18
2023-03-14 18:10:00,-2.5
2023-03-14 19:00:00,-1.95
2023-03-14 19:50:00,-2.77
2023-03-14 20:40:00,-7.57
2023-03-14 21:30:00,-12.56
2023-03-14 22:20:00,-13.71
2023-03-14 23:10:00,-19.64
2023-03-15 00:10:00,-20.79
2023-03-15 01:00:00,-25.93
2023-03-15 01:50:00,-25.64
2023-03-15 02:40:00,-24.8
2023-03-15 03:30:00,-30.22
2023-03-15 04:20:00,-33.26
2023-03-15 05:10:00,-34.58
2023-03-15 06:00:00,-37.21
2023-03-15 06:50:00,-37.27
2023-03-15 07:40:00,-40.12
2023-03-15 08:30:00,-41.84
2023-03-15 09:20:00,-37.79
2023-03-15 10:10:00,-33.04
2023-03-15 11:00:00,-30.83
2023-03-15 11:50:00,-25.02
2023-03-15 12:40:00,-21.03
2023-03-15 13:30:00,-12.83
2023-03-15 14:20:00,-2.05
2023-03-15 15:10:00,2.81
2023-03-15 16:00:00,5.01
2023-03-15 16:50:00,6.54
2023-03-15 17:40:00,11.83
2023-03-15 18:30:00,10.13
2023-03-15 19:20:00,4.12
2023-03-15 20:10:00,0.75
2023-03-15 21:00:00,-0.93
2023-03-15 21:50:00,-6.27
2023-03-15 22:40:00,-9.33
2023-03-15 23:30:00,-8.61
2023-03-16 00:30:00,-12.43
2023-03-16 01:20:00,-13.64
2023-03-16 02:10:00,-15.45
2023-03-16 03:10:00,-16.38
2023-03-16 04:00:00,-17.07
2023-03-16 04:50:00,-17.8
2023-03-16 05:40:00,-23.54
2023-03-16 06:30:00,-23.54
2023-03-16 07:20:00,-22.33
2023-03-16 08:10:00,-25.53
2023-03-16 09:00:00,-21.93
2023-03-16 09:50:00,-25.75
2023-03-16 10:40:00,-21.17
2023-03-16 11:30:00,-26.27
2023-03-16 12:20:00,-28.11
2023-03-16 13:10:00,-29.96
2023-03-16 14:00:00,-30
2023-03-16 14:50:00,-34.07
2023-03-16 15:40:00,-31.4
2023-03-16 16:30:00,-31.96
2023-03-16 17:20:00,-35.03
2023-03-16 18:10:00,-34.97
2023-03-16 19:00:00,-35.48
2023-03-16 19:50:00,-35.86
2023-03-16 20:40:00,-33.01
2023-03-16 21:30:00,-32.62
2023-03-16 22:20:00,-34.93
2023-03-16 23:10:00,-32.54
2023-03-17 00:10:00,-35.93
2023-03-17 01:00:00,-35.93
2023-03-17 01:50:00,-32.96
2023-03-17 02:40:00,-36.35
2023-03-17 03:30:00,-33.06
2023-03-17 04:20:00,-33.22
2023-03-17 05:10:00,-36.38
2023-03-17 06:00:00,-38.36
2023-03-17 06:50:00,-36.53
2023-03-17 07:40:00,-35.34
2023-03-17 08:30:00,-36.87
2023-03-17 09:20:00,-35.14
2023-03-17 10:10:00,-37.78
2023-03-17 11:00:00,-33.48
2023-03-17 11:50:00,-33.6
2023-03-17 12:40:00,-30.72
2023-03-17 13:30:00,-33.66
2023-03-17 14:20:00,-29.16
2023-03-17 15:10:00,-26.55
2023-03-17 16:00:00,-26.92
2023-03-17 16:50:00,-26.75
2023-03-17 17:40:00,-21.93
2023-03-17 18:30:00,-20.84
2023-03-17 19:20:00,-24.16
2023-03-17 20:10:00,-25.71
2023-03-17 21:00:00,-23.04
2023-03-17 21:50:00,-28.58
2023-03-17 22:40:00,-28.99
2023-03-17 23:30:00,-28.85
2023-03-18 00:30:00,-29.98
2023-03-18 01:20:00,-34.26
2023-03-18 02:10:00,-34.04
2023-03-18 03:00:00,-31.01
2023-03-18 03:50:00,-31.91
2023-03-18 04:40:00,-30.3
2023-03-18 05:30:00,-33.18
2023-03-18 06:20:00,-34.71
2023-03-18 07:10:00,-32.3
2023-03-18 08:00:00,-35.21
2023-03-18 08:50:00,-37.79
2023-03-18 09:40:00,-37.47
2023-03-18 10:30:00,-34.58
2023-03-18 11:20:00,-34.63
2023-03-18 12:10:00,-37.53
2023-03-18 13:00:00,-36.3
2023-03-18 13:50:00,-38.35
2023-03-18 14:40:00,-36.76
2023-03-18 15:30:00,-37.94
2023-03-18 16:20:00,-33.25
2023-03-18 17:10:00,-36.78
2023-03-18 18:00:00,-34.74
2023-03-18 18:50:00,-31.81
2023-03-18 19:40:00,-34.4
2023-03-18 20:30:00,-35.52
2023-03-18 21:20:00,-31.32
2023-03-18 22:10:00,-32.77
2023-03-18 23:00:00,-31.59
2023-03-18 23:50:00,-32.8
2023-03-19 00:50:00,-35.28
2023-03-19 01:40:00,-37.84
2023-03-19 02:30:00,-35.72
2023-03-19 03:20:00,-35.54
2023-03-19 04:10:00,-35.44
2023-03-19 05:00:00,-35.06
2023-03-19 05:50:00,-37.1
2023-03-19 06:40:00,-40.89
2023-03-19 07:30:00,-41.21
2023-03-19 08:20:00,-43.4
2023-03-19 09:10:00,-43.28
2023-03-19 10:00:00,-38.73
2023-03-19 10:50:00,-40.85
2023-03-19 11:40:00,-41.54
2023-03-19 12:30:00,-39.94
2023-03-19 13:20:00,-39.35
2023-03-19 14:10:00,-36.91
2023-03-19 15:00:00,-35.37
2023-03-19 16:00:00,-34.4
2023-03-19 16:50:00,-29.27
2023-03-19 17:40:00,-28.52
2023-03-19 18:30:00,-27.9
2023-03-19 19:20:00,-27.19
2023-03-19 20:10:00,-31.42
2023-03-19 21:00:00,-31.98
2023-03-19 21:50:00,-31.36
2023-03-19 22:40:00,-34.24
2023-03-19 23:30:00,-35.99
2023-03-20 00:30:00,-39.9
2023-03-20 01:30:00,-39.19
2023-03-20 02:20:00,-42.28
2023-03-20 03:10:00,-41.1
2023-03-20 04:00:00,-44.56
2023-03-20 04:50:00,-42.1
2023-03-20 05:40:00,-42.87
2023-03-20 06:30:00,-42.62
2023-03-20 07:20:00,-43.67
2023-03-20 08:10:00,-40.28
2023-03-20 09:00:00,-40.01
2023-03-20 09:50:00,-38.78
2023-03-20 10:40:00,-39.44
2023-03-20 11:30:00,-37.07
2023-03-20 12:20:00,-36.52
2023-03-20 13:10:00,-30.27
2023-03-20 14:00:00,-28.91
2023-03-20 14:50:00,-27.58
2023-03-20 15:40:00,-19.78
2023-03-20 16:30:00,-21.21
2023-03-20 17:20:00,-19.78
2023-03-20 18:10:00,-15.49
2023-03-20 19:00:00,-18.28
2023-03-20 19:50:00,-20.64
2023-03-20 20:40:00,-21.5
2023-03-20 21:30:00,-26.02
2023-03-20 22:20:00,-24.87
2023-03-20 23:10:00,-29.64
2023-03-21 00:10:00,-30
2023-03-21 01:00:00,-31.93
2023-03-21 01:50:00,-32.72
2023-03-21 02:40:00,-34.4
2023-03-21 03:30:00,-34.23
2023-03-21 04:20:00,-36.09
2023-03-21 05:10:00,-38.33
2023-03-21 06:00:00,-40.18
2023-03-21 06:50:00,-36.91
2023-03-21 07:40:00,-36.55
2023-03-21 08:30:00,-35.79
2023-03-21 09:20:00,-37.66
2023-03-21 10:10:00,-32.49
2023-03-21 11:00:00,-32.47
2023-03-21 11:50:00,-25.68
2023-03-21 12:40:00,-24.92
2023-03-21 13:30:00,-19.27
2023-03-21 14:20:00,-14.69
2023-03-21 15:10:00,-9.72
2023-03-21 16:00:00,-6.81
2023-03-21 16:50:00,-5.56
2023-03-21 17:40:00,-0.51
2023-03-21 18:30:00,-3.26
2023-03-21 19:20:00,-4.86
2023-03-21 20:10:00,-7.38
2023-03-21 21:00:00,-6.08
2023-03-21 21:50:00,-10.5
2023-03-21 22:40:00,-11.8
2023-03-21 23:30:00,-12.66
2023-03-22 00:30:00,-15.71
2023-03-22 01:20:00,-21.78
2023-03-22 02:10:00,-20.4
2023-03-22 03:00:00,-22.55
2023-03-22 03:50:00,-23.25
2023-03-22 04:40:00,-24.58
2023-03-22 05:30:00,-24.52
2023-03-22 06:20:00,-27.21
2023-03-22 07:10:00,-25.71
2023-03-22 08:00:00,-29.9
2023-03-22 08:50:00,-28.05
2023-03-22 09:40:00,-29.34
2023-03-22 10:30:00,-26.79
2023-03-23 00:50:00,-30.84
2023-03-23 01:40:00,-31.06
2023-03-23 02:30:00,-30.98
2023-03-23 03:20:00,-28.31
2023-03-23 04:10:00,-31.06
2023-03-23 05:10:00,-28.31
2023-03-23 06:00:00,-31.36
2023-03-23 06:50:00,-31.46
2023-03-23 07:40:00,-29.4
2023-03-24 00:40:00,-29.8
2023-03-24 01:30:00,-30.88
2023-03-24 02:20:00,-31.73
2023-03-24 03:10:00,-33.07
2023-03-24 04:00:00,-33.31
2023-03-24 04:50:00,-31.73
2023-03-24 05:40:00,-33.54
2023-03-24 06:30:00,-34.46
2023-03-24 07:20:00,-37.65
2023-03-24 08:10:00,-38.23
2023-03-24 09:00:00,-38.76
2023-03-24 09:50:00,-40.1
2023-03-24 10:50:00,-37.49
2023-03-24 11:40:00,-39.54
2023-03-24 12:30:00,-36.75
2023-03-24 13:20:00,-38.88
2023-03-24 14:10:00,-38.53
2023-03-24 15:00:00,-40.07
2023-03-24 15:50:00,-37.08
2023-03-24 16:40:00,-36.44
2023-03-24 17:30:00,-36.62
2023-03-24 18:20:00,-39.95
2023-03-24 19:10:00,-38.94
2023-03-24 20:00:00,-37.75
2023-03-24 20:50:00,-40.05
2023-03-24 21:40:00,-37.28
2023-03-24 22:30:00,-36.6
2023-03-24 23:20:00,-38.58
2023-03-25 00:20:00,-38.96
2023-03-25 01:10:00,-39.56
2023-03-25 02:00:00,-38.56
2023-03-25 02:50:00,-37.27
2023-03-25 03:40:00,-39.98
2023-03-25 04:30:00,-41.31
2023-03-25 05:20:00,-39.69
2023-03-25 06:10:00,-42.3
2023-03-25 07:00:00,-40.46
2023-03-25 07:50:00,-37.28
2023-03-25 08:40:00,-37.39
2023-03-25 09:30:00,-37.88
2023-03-25 10:20:00,-37.31
2023-03-25 11:20:00,-37.2
2023-03-25 12:10:00,-35.73
2023-03-25 13:00:00,-38.71
2023-03-25 13:50:00,-34.69
2023-03-25 14:50:00,-39.41
2023-03-25 15:40:00,-39.79
2023-03-25 16:30:00,-37.33
2023-03-26 00:30:00,-35.81
2023-03-26 01:20:00,-37.21
2023-03-26 02:10:00,-36.19
2023-03-26 03:00:00,-37.14
2023-03-26 03:50:00,-36.73
2023-03-26 04:40:00,-35.27
2023-03-26 05:30:00,-36.02
2023-03-26 06:20:00,-38.52
2023-03-26 07:10:00,-35.07
2023-03-26 08:00:00,-34.71
2023-03-26 08:50:00,-37.77
2023-03-26 09:40:00,-35.83
2023-03-26 10:30:00,-31.69
2023-03-26 11:20:00,-31.84
2023-03-26 12:10:00,-28.14
2023-03-26 13:00:00,-27.34
2023-03-26 13:50:00,-29.69
2023-03-26 14:40:00,-25.88
2023-03-27 00:10:00,-31.79
2023-03-27 01:00:00,-33.69
2023-03-27 02:00:00,-33.11
2023-03-27 02:50:00,-30.4
2023-03-27 03:40:00,-34.24
2023-03-27 04:30:00,-31.25
2023-03-27 05:20:00,-32.2
2023-03-27 06:10:00,-34.46
2023-03-27 07:00:00,-32.55
2023-03-27 07:50:00,-34.98
2023-03-27 08:40:00,-36.2
2023-03-27 09:30:00,-36.31
2023-03-27 10:20:00,-35.57
2023-03-27 11:10:00,-29.06
2023-03-29 00:10:00,-27.95
2023-04-01 00:10:00,-13.64
2023-04-02 00:20:00,-9.03
2023-04-03 00:40:00,-4.03
2023-04-11 00:30:00,-7.92
2023-04-11 01:20:00,-11.49
2023-04-13 00:30:00,-21.29
2023-04-16 00:20:00,0.39
2023-04-16 00:24:00,-1.77
2023-04-17 11:10:00,-2.4
2023-04-17 12:00:00,5.66
2023-04-17 12:50:00,11.35
2023-04-17 13:40:00,13.32
2023-04-17 14:30:00,19.51
2023-04-17 15:20:00,27.8
2023-04-17 16:10:00,30.85
2023-04-17 17:00:00,29.74
2023-04-17 17:50:00,29.15
2023-04-17 18:40:00,31.46
2023-04-17 19:30:00,28.06
2023-04-17 20:20:00,22.85
2023-04-17 21:10:00,20.3
2023-04-17 22:00:00,16.59
2023-04-17 22:50:00,15.09
2023-04-17 23:40:00,14.27
2023-04-18 00:40:00,10.5
2023-04-18 01:30:00,9.29
2023-04-18 02:20:00,5.26
2023-04-18 03:10:00,10.95
2023-04-18 04:00:00,7.05
2023-04-18 04:50:00,5.52
2023-04-18 05:40:00,1.15
2023-04-18 06:30:00,1.29
2023-04-18 07:20:00,-0.93
2023-04-18 08:10:00,-1.41
2023-04-18 09:00:00,-3.23
2023-04-18 09:50:00,-4.1
2023-04-18 10:40:00,0.32
2023-04-18 11:30:00,0.66
2023-04-18 12:20:00,2.52
2023-04-18 13:10:00,1.87
2023-04-18 14:00:00,4.8
2023-04-18 14:50:00,5.21
2023-04-18 15:40:00,6.66
2023-04-18 16:30:00,7.42
2023-04-18 17:20:00,7.97
2023-04-18 18:10:00,4.34
2023-04-18 19:00:00,-0.39
2023-04-18 19:50:00,-2.7
2023-04-18 20:40:00,-0.65
2023-04-18 21:30:00,-0.47
2023-04-18 22:20:00,-2.42
2023-04-18 23:10:00,-3.05
2023-04-19 00:10:00,-6.62
2023-04-19 01:00:00,-3.89
2023-04-19 01:50:00,-5.71
2023-04-19 02:40:00,-7.52
2023-04-19 03:30:00,-7.23
2023-04-19 04:20:00,-9.39
2023-04-19 05:10:00,-6.57
2023-04-19 06:00:00,-8.24
2023-04-19 06:50:00,-10.71
2023-04-19 07:40:00,-10
2023-04-19 08:30:00,-10.72
2023-04-19 09:50:00,-3.37
2023-04-19 10:40:00,-1.38
2023-04-19 11:30:00,4.51
2023-04-19 12:20:00,5.56
2023-04-19 13:50:00,16.77
2023-04-19 15:30:00,23.81
2023-04-19 16:50:00,30.84
2023-04-19 18:30:00,30.82
2023-04-19 20:10:00,27
2023-04-19 21:50:00,21.74
2023-04-19 23:30:00,13.21
2023-04-20 01:50:00,8.26
2023-04-20 03:30:00,-1.88
2023-04-20 05:10:00,-2.53
2023-04-20 06:50:00,-10.2
2023-04-20 08:30:00,-11.04
2023-04-20 10:10:00,-1.03
2023-04-20 11:50:00,8.98
2023-04-20 13:50:00,21.39
2023-04-20 15:30:00,26.74
2023-04-20 17:10:00,32.82
2023-04-20 18:50:00,24.21
2023-04-20 20:30:00,21.88
2023-04-20 22:10:00,14.5
2023-04-20 23:50:00,7.92
2023-04-21 01:50:00,4.51
2023-04-21 03:30:00,2.19
2023-04-21 05:10:00,1.56
2023-04-21 06:50:00,-0.45
2023-04-21 08:30:00,-2.13
