时间,温度(°C)
2023-01-01 01:10:00,8.57
2023-01-01 02:20:00,7.91
2023-01-01 03:30:00,7.63
2023-01-01 04:40:00,7.49
2023-01-01 05:50:00,7.33
2023-01-01 07:00:00,7.46
2023-01-01 08:10:00,7.4
2023-01-01 09:20:00,7.43
2023-01-01 10:30:00,7.83
2023-01-01 11:40:00,8.03
2023-01-01 12:50:00,8.18
2023-01-01 14:00:00,8.31
2023-01-01 15:10:00,8.35
2023-01-01 16:20:00,8.45
2023-01-01 17:30:00,8.47
2023-01-01 18:40:00,8.36
2023-01-01 19:50:00,8.47
2023-01-01 21:00:00,8.29
2023-01-01 22:10:00,8.09
2023-01-01 23:20:00,8.08
2023-01-02 00:40:00,8.1
2023-01-02 02:00:00,7.9
2023-01-02 03:10:00,7.6
2023-01-02 04:20:00,7.51
2023-01-02 05:30:00,7.5
2023-01-02 06:40:00,7.41
2023-01-02 07:50:00,7.52
2023-01-02 09:00:00,7.65
2023-01-02 10:10:00,7.89
2023-01-02 11:30:00,8.05
2023-01-02 12:40:00,8.36
2023-01-02 13:50:00,8.74
2023-01-02 15:00:00,8.39
2023-01-02 16:10:00,8.5
2023-01-02 17:20:00,8.57
2023-01-02 18:30:00,8.21
2023-01-02 19:40:00,8.09
2023-01-02 20:50:00,7.75
2023-01-02 22:00:00,7.63
2023-01-02 23:10:00,7.49
2023-01-03 00:30:00,7.38
2023-01-03 01:40:00,7.17
2023-01-03 02:50:00,7.23
2023-01-03 04:00:00,7.12
2023-01-03 05:10:00,7.1
2023-01-03 06:20:00,7.27
2023-01-03 07:30:00,7.32
2023-01-03 08:40:00,7.37
2023-01-03 09:50:00,7.75
2023-01-03 11:00:00,7.83
2023-01-03 12:10:00,8.34
2023-01-03 13:20:00,8.65
2023-01-03 14:30:00,8.92
2023-01-03 15:40:00,9.1
2023-01-03 16:50:00,9.08
2023-01-03 18:00:00,9.01
2023-01-03 19:10:00,8.92
2023-01-03 20:20:00,8.8
2023-01-03 21:30:00,8.54
2023-01-03 22:40:00,8.45
2023-01-03 23:50:00,8.25
2023-01-04 01:10:00,8.05
2023-01-04 02:20:00,7.9
2023-01-04 03:30:00,7.87
2023-01-04 04:40:00,7.75
2023-01-04 05:50:00,7.78
2023-01-04 07:00:00,7.84
2023-01-04 08:10:00,7.91
2023-01-04 09:20:00,7.97
2023-01-04 10:30:00,8.29
2023-01-04 11:40:00,8.38
2023-01-04 12:50:00,8.57
2023-01-04 14:00:00,8.97
2023-01-04 15:10:00,9.15
2023-01-04 16:20:00,9.21
2023-01-04 17:30:00,9.26
2023-01-04 18:40:00,9.23
2023-01-04 19:50:00,9.07
2023-01-04 21:00:00,8.93
2023-01-04 22:10:00,8.68
2023-01-04 23:20:00,8.52
2023-01-05 00:40:00,8.39
2023-01-05 01:50:00,8.19
2023-01-05 03:00:00,8.2
2023-01-05 04:10:00,8.07
2023-01-05 05:20:00,8.11
2023-01-05 06:30:00,8.07
2023-01-05 07:40:00,8.17
2023-01-05 08:50:00,8.45
2023-01-05 10:00:00,8.55
2023-01-05 11:10:00,8.89
2023-01-05 12:20:00,8.81
2023-01-05 13:30:00,9
2023-01-05 14:40:00,9.34
2023-01-05 15:50:00,9.55
2023-01-05 17:00:00,9.81
2023-01-05 18:10:00,10.04
2023-01-05 19:20:00,9.6
2023-01-05 20:30:00,9.51
2023-01-05 21:40:00,8.6
2023-01-05 22:50:00,7.94
2023-01-06 00:10:00,7.56
2023-01-06 01:20:00,7.24
2023-01-06 02:30:00,7.04
2023-01-06 03:40:00,6.7
2023-01-06 04:50:00,6.66
2023-01-06 06:00:00,6.51
2023-01-06 07:10:00,6.67
2023-01-06 08:20:00,6.67
2023-01-06 09:30:00,6.54
2023-01-06 10:40:00,6.97
2023-01-06 11:50:00,7.5
2023-01-06 13:00:00,7.94
2023-01-06 14:10:00,8.33
2023-01-06 15:20:00,8.51
2023-01-06 16:30:00,9.22
2023-01-06 17:40:00,9.09
2023-01-06 18:50:00,9.13
2023-01-06 20:00:00,8.55
2023-01-06 21:10:00,7.98
2023-01-06 22:20:00,7.5
2023-01-06 23:30:00,6.95
2023-01-07 00:50:00,6.68
2023-01-07 02:00:00,6.36
2023-01-07 03:10:00,6.16
2023-01-07 04:20:00,5.8
2023-01-07 05:30:00,5.68
2023-01-07 06:40:00,5.97
2023-01-07 07:50:00,6.22
2023-01-07 09:00:00,5.49
2023-01-07 10:10:00,6.4
2023-01-07 11:20:00,8.34
2023-01-07 12:30:00,9.7
2023-01-07 13:40:00,10.99
2023-01-07 14:50:00,12.23
2023-01-07 16:00:00,11.65
2023-01-07 17:20:00,10.9
2023-01-07 18:30:00,10.04
2023-01-07 19:40:00,9.14
2023-01-07 20:50:00,8.52
2023-01-07 22:00:00,7.83
2023-01-07 23:10:00,7.28
2023-01-08 00:30:00,6.78
2023-01-08 01:40:00,6.39
2023-01-08 02:50:00,6.3
2023-01-08 04:00:00,6.14
2023-01-08 05:10:00,6.08
2023-01-08 06:20:00,6.16
2023-01-08 07:30:00,6.09
2023-01-08 08:40:00,5.82
2023-01-08 09:50:00,5.91
2023-01-08 11:00:00,6.27
2023-01-08 12:10:00,6.94
2023-01-08 13:20:00,7.57
2023-01-08 14:30:00,8.35
2023-01-08 15:40:00,9.7
2023-01-08 16:50:00,9.02
2023-01-08 18:00:00,8.72
2023-01-08 19:10:00,8.23
2023-01-08 20:20:00,7.86
2023-01-08 21:30:00,7.33
2023-01-08 22:40:00,7
2023-01-08 23:50:00,6.77
2023-01-09 01:10:00,6.77
2023-01-09 02:20:00,6.54
2023-01-09 03:30:00,6.51
2023-01-09 04:40:00,6.18
2023-01-09 05:50:00,6.3
2023-01-09 07:00:00,5.96
2023-01-09 08:10:00,6.02
2023-01-09 09:20:00,6.35
2023-01-09 10:30:00,6.74
2023-01-09 11:40:00,6.85
2023-01-09 12:50:00,7.39
2023-01-09 14:00:00,8.38
2023-01-09 15:10:00,8.89
2023-01-09 16:20:00,8.83
2023-01-09 17:30:00,8.59
2023-01-09 18:40:00,8.07
2023-01-09 19:50:00,7.72
2023-01-09 21:00:00,7.47
2023-01-09 22:10:00,7.34
2023-01-09 23:20:00,7.39
2023-01-10 00:40:00,7.11
2023-01-10 01:50:00,6.94
2023-01-10 03:00:00,6.76
2023-01-10 04:10:00,6.71
2023-01-10 05:20:00,6.42
2023-01-10 06:30:00,6.43
2023-01-10 07:40:00,6.44
2023-01-10 08:50:00,6.54
2023-01-10 10:00:00,6.67
2023-01-10 11:10:00,7.04
2023-01-10 12:20:00,7.55
2023-01-10 13:30:00,8.39
2023-01-10 14:40:00,9.46
2023-01-10 15:50:00,8.87
2023-01-10 17:00:00,8.6
2023-01-10 18:10:00,8.39
2023-01-10 19:20:00,8.02
2023-01-10 20:30:00,7.82
2023-01-10 21:40:00,7.64
2023-01-10 22:50:00,7.62
2023-01-11 00:10:00,7.29
2023-01-11 01:20:00,7.12
2023-01-11 02:30:00,6.82
2023-01-11 03:40:00,6.75
2023-01-11 04:50:00,6.72
2023-01-11 06:00:00,6.57
2023-01-11 07:10:00,6.53
2023-01-11 08:20:00,6.68
2023-01-11 09:30:00,6.81
2023-01-11 10:40:00,7.48
2023-01-11 11:50:00,8.05
2023-01-11 13:00:00,9.07
2023-01-11 14:10:00,11.23
2023-01-11 15:20:00,12.85
2023-01-11 16:30:00,13.03
2023-01-11 17:40:00,12.57
2023-01-11 18:50:00,11.17
2023-01-11 20:00:00,10.19
2023-01-11 21:10:00,10.12
2023-01-11 22:20:00,9.21
2023-01-11 23:30:00,9.22
2023-01-12 00:50:00,9.16
2023-01-12 02:00:00,9.37
2023-01-12 03:10:00,9.54
2023-01-12 04:20:00,9.34
2023-01-12 05:30:00,9.67
2023-01-12 06:40:00,9.96
2023-01-12 07:50:00,9.98
2023-01-12 09:00:00,10.08
2023-01-12 10:10:00,10.32
2023-01-12 11:20:00,10.45
2023-01-12 12:30:00,10.53
2023-01-12 13:40:00,10.98
2023-01-12 14:50:00,11.21
2023-01-12 16:00:00,11.52
2023-01-12 17:10:00,11.3
2023-01-12 18:20:00,10.78
2023-01-12 19:30:00,9.87
2023-01-12 20:40:00,9.21
2023-01-12 21:50:00,8.64
2023-01-12 23:00:00,8.32
2023-01-13 00:20:00,8.14
2023-01-13 01:30:00,8.3
2023-01-13 02:40:00,7.89
2023-01-13 03:50:00,8.05
2023-01-13 05:00:00,7.54
2023-01-13 06:10:00,8.03
2023-01-13 07:20:00,8.15
2023-01-13 08:30:00,8.35
2023-01-13 09:40:00,8.7
2023-01-13 10:50:00,9.16
2023-01-13 12:00:00,9.13
2023-01-13 13:10:00,9.37
2023-01-13 14:20:00,9.86
2023-01-13 15:30:00,10.16
2023-01-13 16:40:00,10.32
2023-01-13 17:50:00,10.36
2023-01-13 19:00:00,10.15
2023-01-13 20:10:00,9.9
2023-01-13 21:20:00,10.03
2023-01-13 22:30:00,10.14
2023-01-13 23:40:00,9.42
2023-01-14 01:00:00,9.37
2023-01-14 02:10:00,9.15
2023-01-14 03:20:00,9.21
2023-01-14 04:30:00,8.99
2023-01-14 05:40:00,9.07
2023-01-14 06:50:00,9.23
2023-01-14 08:00:00,9.28
2023-01-14 09:10:00,8.83
2023-01-14 10:20:00,8.5
2023-01-14 11:30:00,8.19
2023-01-14 12:40:00,8.05
2023-01-14 13:50:00,7.54
2023-01-14 15:00:00,7.49
2023-01-14 16:10:00,7.13
2023-01-14 17:20:00,6.74
2023-01-14 18:30:00,6.44
2023-01-14 19:40:00,6.24
2023-01-14 20:50:00,6.08
2023-01-14 22:00:00,6.01
2023-01-14 23:10:00,5.75
2023-01-15 00:30:00,5.73
2023-01-15 01:40:00,5.5
2023-01-15 02:50:00,4.75
2023-01-15 04:00:00,4.13
2023-01-15 05:10:00,3.75
2023-01-15 06:20:00,3.77
2023-01-15 07:30:00,3.65
2023-01-15 08:40:00,3.45
2023-01-15 09:50:00,3.31
2023-01-15 11:00:00,3.31
2023-01-15 12:10:00,3.15
2023-01-15 13:20:00,3.22
2023-01-15 14:30:00,3.34
2023-01-15 15:40:00,3.39
2023-01-15 16:50:00,3.67
2023-01-15 18:00:00,3.93
2023-01-15 19:10:00,3.87
2023-01-15 20:20:00,3.93
2023-01-15 21:30:00,4.07
2023-01-15 22:40:00,4.01
2023-01-15 23:50:00,3.93
2023-01-16 01:10:00,3.88
2023-01-16 02:20:00,3.69
2023-01-16 03:30:00,3.47
2023-01-16 04:40:00,3.55
2023-01-16 05:50:00,3.35
2023-01-16 07:00:00,3.43
2023-01-16 08:10:00,3.68
2023-01-16 09:20:00,3.9
2023-01-16 10:30:00,3.45
2023-01-16 11:40:00,3.45
2023-01-16 12:50:00,3.78
2023-01-16 14:00:00,3.88
2023-01-16 15:10:00,4.05
2023-01-16 16:20:00,4.22
2023-01-16 17:30:00,4.37
2023-01-16 18:40:00,4.4
2023-01-16 19:50:00,4.46
2023-01-16 21:00:00,4.49
2023-01-16 22:10:00,4.4
2023-01-16 23:20:00,4.34
2023-01-17 00:40:00,4.15
2023-01-17 01:50:00,3.85
2023-01-17 03:00:00,3.53
2023-01-17 04:10:00,3.58
2023-01-17 05:20:00,3.67
2023-01-17 06:30:00,3.66
2023-01-17 07:40:00,3.79
2023-01-17 08:50:00,4.08
2023-01-17 10:00:00,4.19
2023-01-17 11:10:00,4.25
2023-01-17 12:20:00,4.12
2023-01-17 13:30:00,4.52
2023-01-17 14:40:00,5.2
2023-01-17 15:50:00,5.01
2023-01-17 17:00:00,4.89
2023-01-17 18:10:00,4.8
2023-01-17 19:20:00,4.6
2023-01-17 20:30:00,4.63
2023-01-17 21:40:00,4.51
2023-01-17 22:50:00,4.28
2023-01-18 00:10:00,4.36
2023-01-18 01:20:00,4.17
2023-01-18 02:30:00,4.23
2023-01-18 03:40:00,4.24
2023-01-18 04:50:00,4.17
2023-01-18 06:00:00,3.99
2023-01-18 07:10:00,3.95
2023-01-18 08:20:00,3.99
2023-01-18 09:30:00,3.87
2023-01-18 10:40:00,4.56
2023-01-18 11:50:00,5.05
2023-01-18 13:00:00,5.66
2023-01-18 14:10:00,6.07
2023-01-18 15:20:00,6.5
2023-01-18 16:30:00,6.53
2023-01-18 17:40:00,6.65
2023-01-18 18:50:00,6.33
2023-01-18 20:00:00,6.27
2023-01-18 21:10:00,6.05
2023-01-18 22:20:00,5.47
2023-01-18 23:30:00,5.33
2023-01-19 00:50:00,5.11
2023-01-19 02:00:00,4.87
2023-01-19 03:10:00,4.4
2023-01-19 04:20:00,3.84
2023-01-19 05:30:00,3.86
2023-01-19 06:40:00,3.78
2023-01-19 07:50:00,3.54
2023-01-19 09:00:00,3.58
2023-01-19 10:10:00,4.43
2023-01-19 11:20:00,5.37
2023-01-19 12:30:00,6.63
2023-01-19 13:40:00,8.16
2023-01-19 14:50:00,9.45
2023-01-19 16:00:00,9.23
2023-01-19 17:10:00,9.17
2023-01-19 18:20:00,8.29
2023-01-19 19:30:00,7.16
2023-01-19 20:40:00,6.07
2023-01-19 21:50:00,5.53
2023-01-19 23:00:00,5.2
2023-01-20 00:20:00,4.65
2023-01-20 01:30:00,4.42
2023-01-20 02:40:00,3.9
2023-01-20 03:50:00,3.83
2023-01-20 05:00:00,3.56
2023-01-20 06:10:00,3.34
2023-01-20 07:20:00,3.5
2023-01-20 08:30:00,3.67
2023-01-20 09:40:00,4.1
2023-01-20 10:50:00,4.67
2023-01-20 12:00:00,5.24
2023-01-20 13:10:00,5.45
2023-01-20 14:20:00,5.84
2023-01-20 15:30:00,5.87
2023-01-20 16:40:00,6.14
2023-01-20 17:50:00,6.26
2023-01-20 19:00:00,6.02
2023-01-20 20:10:00,6.21
2023-01-20 21:20:00,5.96
2023-01-20 22:30:00,5.68
2023-01-20 23:40:00,5.48
2023-01-21 01:00:00,5.55
2023-01-21 02:10:00,5.45
2023-01-21 03:20:00,5.15
2023-01-21 04:30:00,5.14
2023-01-21 05:40:00,5.14
2023-01-21 06:50:00,5.11
2023-01-21 08:00:00,5.28
2023-01-21 09:10:00,5.48
2023-01-21 10:20:00,5.65
2023-01-21 11:30:00,6
2023-01-21 12:40:00,6.26
2023-01-21 13:50:00,6.44
2023-01-21 15:00:00,6.66
2023-01-21 16:10:00,7
2023-01-21 17:20:00,6.9
2023-01-21 18:30:00,6.74
2023-01-21 19:40:00,6.95
2023-01-21 20:50:00,6.94
2023-01-21 22:00:00,6.63
2023-01-21 23:10:00,6.31
2023-01-22 00:30:00,6.09
2023-01-22 01:40:00,6.21
2023-01-22 02:50:00,5.99
2023-01-22 04:00:00,5.79
2023-01-22 05:10:00,5.55
2023-01-22 06:20:00,5.44
2023-01-22 07:30:00,5.46
2023-01-22 08:40:00,5.44
2023-01-22 09:50:00,5.78
2023-01-22 11:00:00,6.31
2023-01-22 12:10:00,6.81
2023-01-22 13:20:00,7.21
2023-01-22 14:30:00,7.77
2023-01-22 15:40:00,7.73
2023-01-22 16:50:00,7.83
2023-01-22 18:00:00,7.84
2023-01-22 19:10:00,7.75
2023-01-22 20:20:00,7.65
2023-01-22 21:30:00,7.51
2023-01-22 22:40:00,7.23
2023-01-22 23:50:00,6.76
2023-01-23 01:10:00,6.56
2023-01-23 02:20:00,6.64
2023-01-23 03:30:00,6.53
2023-01-23 04:40:00,6.45
2023-01-23 05:50:00,6.39
2023-01-23 07:00:00,6.3
2023-01-23 08:10:00,6.35
2023-01-23 09:20:00,6.4
2023-01-23 10:30:00,7.04
2023-01-23 11:40:00,7.17
2023-01-23 12:50:00,7.81
2023-01-23 14:00:00,8.99
2023-01-23 15:10:00,8.39
2023-01-23 16:20:00,8.33
2023-01-23 17:30:00,8.44
2023-01-23 18:40:00,8.3
2023-01-23 19:50:00,8.13
2023-01-23 21:00:00,7.94
2023-01-23 22:10:00,7.76
2023-01-23 23:20:00,7.44
2023-01-24 00:40:00,6.62
2023-01-24 01:50:00,6.05
2023-01-24 03:00:00,5.53
2023-01-24 04:10:00,5.48
2023-01-24 05:20:00,5.67
2023-01-24 06:30:00,5.32
2023-01-24 07:40:00,4.9
2023-01-24 08:50:00,4.91
2023-01-24 10:00:00,5.62
2023-01-24 11:10:00,6.39
2023-01-24 12:20:00,7.3
2023-01-24 13:30:00,8.72
2023-01-24 14:40:00,8.35
2023-01-24 15:50:00,7.83
2023-01-24 17:00:00,7.75
2023-01-24 18:10:00,7.49
2023-01-24 19:20:00,7.37
2023-01-24 20:30:00,7.13
2023-01-24 21:40:00,6.59
2023-01-24 22:50:00,6.03
2023-01-25 00:10:00,5.38
2023-01-25 01:20:00,4.95
2023-01-25 02:30:00,4.47
2023-01-25 03:40:00,4.15
2023-01-25 04:50:00,3.86
2023-01-25 06:00:00,3.99
2023-01-25 07:10:00,4.21
2023-01-25 08:20:00,4.61
2023-01-25 09:30:00,4.8
2023-01-25 10:40:00,5.3
2023-01-25 11:50:00,5.64
2023-01-25 13:00:00,6.07
2023-01-25 14:10:00,7.03
2023-01-25 15:20:00,7.48
2023-01-25 16:30:00,7.8
2023-01-25 17:40:00,7.77
2023-01-25 18:50:00,7.24
2023-01-25 20:00:00,6.43
2023-01-25 21:10:00,5.55
2023-01-25 22:20:00,5.21
2023-01-25 23:30:00,4.48
2023-01-26 00:50:00,4.04
2023-01-26 02:00:00,3.94
2023-01-26 03:10:00,4.23
2023-01-26 04:20:00,4.36
2023-01-26 05:30:00,4.44
2023-01-26 06:40:00,4.61
2023-01-26 07:50:00,4.62
2023-01-26 09:00:00,4.88
2023-01-26 10:10:00,5.4
2023-01-26 11:20:00,5.6
2023-01-26 12:30:00,6.07
2023-01-26 13:40:00,6.41
2023-01-26 14:50:00,6.84
2023-01-26 16:00:00,7.15
2023-01-26 17:10:00,7.18
2023-01-26 18:20:00,7.3
2023-01-26 19:30:00,7.21
2023-01-26 20:40:00,7.09
2023-01-26 21:50:00,6.65
2023-01-26 23:00:00,6.47
2023-01-27 00:20:00,6.01
2023-01-27 01:30:00,5.4
2023-01-27 02:40:00,4.72
2023-01-27 03:50:00,4.07
2023-01-27 05:00:00,3.56
2023-01-27 06:10:00,3.33
2023-01-27 07:20:00,3.11
2023-01-27 08:30:00,3.16
2023-01-27 09:40:00,4.18
2023-01-27 10:50:00,5.56
2023-01-27 12:00:00,6.93
2023-01-27 13:10:00,9.37
2023-01-27 14:20:00,10.6
2023-01-27 15:30:00,11.85
2023-01-27 16:40:00,11.28
2023-01-27 17:50:00,10.3
2023-01-27 19:00:00,8.61
2023-01-27 20:10:00,7.41
2023-01-27 21:20:00,6.45
2023-01-27 22:30:00,5.86
2023-01-27 23:40:00,5.2
2023-01-28 01:00:00,4.93
2023-01-28 02:10:00,4.62
2023-01-28 03:20:00,4.47
2023-01-28 04:30:00,4.13
2023-01-28 05:40:00,3.95
2023-01-28 06:50:00,3.58
2023-01-28 08:00:00,3.49
2023-01-28 09:10:00,4.12
2023-01-28 10:20:00,5.75
2023-01-28 11:30:00,7.74
2023-01-28 12:40:00,8.39
2023-01-28 13:50:00,9.59
2023-01-28 15:00:00,10.48
2023-01-28 16:10:00,10.84
2023-01-28 17:20:00,10.95
2023-01-28 18:30:00,10.36
2023-01-28 19:40:00,8.44
2023-01-28 20:50:00,7.43
2023-01-28 22:00:00,6.31
2023-01-28 23:10:00,5.76
2023-01-29 00:30:00,5.17
2023-01-29 01:40:00,4.66
2023-01-29 02:50:00,4.23
2023-01-29 04:00:00,3.78
2023-01-29 05:10:00,3.5
2023-01-29 06:20:00,3.25
2023-01-29 07:30:00,3.07
2023-01-29 08:40:00,3.48
2023-01-29 09:50:00,4.17
2023-01-29 11:00:00,6.13
2023-01-29 12:10:00,9.44
2023-01-29 13:20:00,9.13
2023-01-29 14:30:00,10.88
2023-01-29 15:40:00,11.61
2023-01-29 16:50:00,11.87
2023-01-29 18:00:00,11.46
2023-01-29 19:10:00,9.56
2023-01-29 20:20:00,8.44
2023-01-29 21:30:00,7.45
2023-01-29 22:40:00,6.59
2023-01-29 23:50:00,5.89
2023-01-30 01:20:00,5.35
2023-01-30 02:30:00,4.91
2023-01-30 03:40:00,4.72
2023-01-30 04:50:00,4.53
2023-01-30 06:00:00,3.92
2023-01-30 07:10:00,3.73
2023-01-30 08:20:00,3.97
2023-01-30 09:30:00,4.59
2023-01-30 10:40:00,6.23
2023-01-30 11:50:00,8.33
2023-01-30 13:00:00,10.48
2023-01-30 14:10:00,12.86
2023-01-30 15:20:00,14.05
2023-01-30 16:30:00,14.76
2023-01-30 17:40:00,14.31
2023-01-30 18:50:00,12.44
2023-01-30 20:00:00,10.8
2023-01-30 21:10:00,9.69
2023-01-30 22:20:00,8.74
2023-01-30 23:30:00,8
2023-01-31 00:50:00,7.32
2023-01-31 02:00:00,7.12
2023-01-31 03:10:00,6.86
2023-01-31 04:20:00,6.57
2023-01-31 05:30:00,6.03
2023-01-31 06:40:00,5.83
2023-01-31 07:50:00,5.58
2023-01-31 09:00:00,6.8
2023-01-31 10:10:00,8.53
2023-01-31 11:20:00,8.74
2023-01-31 12:30:00,10.79
2023-01-31 13:40:00,12.86
2023-01-31 14:50:00,13.6
2023-01-31 16:00:00,14.8
2023-01-31 17:10:00,14.83
2023-01-31 18:20:00,13.36
2023-01-31 19:30:00,11.73
2023-01-31 20:40:00,10.52
2023-01-31 21:50:00,9.61
2023-01-31 23:00:00,8.91
2023-02-01 00:20:00,8.2
2023-02-01 01:30:00,7.91
2023-02-01 02:40:00,7.74
2023-02-01 03:50:00,7.56
2023-02-01 05:00:00,7.5
2023-02-01 06:10:00,7.32
2023-02-01 07:20:00,7.04
2023-02-01 08:30:00,7.28
2023-02-01 09:40:00,7.64
2023-02-01 10:50:00,8.48
2023-02-01 12:00:00,8.42
2023-02-01 13:10:00,8.89
2023-02-01 14:20:00,9.72
2023-02-01 15:30:00,10.23
2023-02-01 16:40:00,10.87
2023-02-01 17:50:00,10.66
2023-02-01 19:00:00,10.29
2023-02-01 20:10:00,10.1
2023-02-01 21:20:00,10.94
2023-02-01 22:30:00,12.3
2023-02-01 23:40:00,11.52
2023-02-02 01:00:00,12.18
2023-02-02 02:10:00,12.09
2023-02-02 03:20:00,12.07
2023-02-02 04:30:00,11.32
2023-02-02 05:40:00,10.93
2023-02-02 06:50:00,10.94
2023-02-02 08:00:00,11.05
2023-02-02 09:10:00,10.67
2023-02-02 10:20:00,10.96
2023-02-02 11:30:00,10.56
2023-02-02 12:40:00,10.77
2023-02-02 13:50:00,10.54
2023-02-02 15:00:00,10.6
2023-02-02 16:10:00,10.33
2023-02-02 17:20:00,10.47
2023-02-02 18:30:00,10.15
2023-02-02 19:40:00,9.64
2023-02-02 20:50:00,8.89
2023-02-02 22:00:00,8.35
2023-02-02 23:10:00,7.78
2023-02-03 00:30:00,7.11
2023-02-03 01:40:00,7.13
2023-02-03 02:50:00,7.15
2023-02-03 04:00:00,7.49
2023-02-03 05:10:00,7.86
2023-02-03 06:20:00,7.79
2023-02-03 07:30:00,7.54
2023-02-03 08:40:00,7.4
2023-02-03 09:50:00,7.6
2023-02-03 11:00:00,8.31
2023-02-03 12:10:00,9
2023-02-03 13:20:00,10.84
2023-02-03 14:30:00,12.34
2023-02-03 15:40:00,13.63
2023-02-03 16:50:00,13.26
2023-02-03 18:00:00,12.41
2023-02-03 19:10:00,11.11
2023-02-03 20:20:00,9.98
2023-02-03 21:30:00,9.2
2023-02-03 22:40:00,8.43
2023-02-03 23:50:00,8.05
2023-02-04 01:10:00,7.95
2023-02-04 02:20:00,8.14
2023-02-04 03:30:00,8.73
2023-02-04 04:40:00,8.53
2023-02-04 05:50:00,8.29
2023-02-04 07:00:00,8.3
2023-02-04 08:10:00,8.67
2023-02-04 09:20:00,8.8
2023-02-04 10:30:00,9.07
2023-02-04 11:40:00,9.23
2023-02-04 12:50:00,9.16
2023-02-04 14:00:00,8.93
2023-02-04 15:10:00,9.06
2023-02-04 16:20:00,9.43
2023-02-04 17:30:00,9.48
2023-02-04 18:40:00,9.39
2023-02-04 19:50:00,9.03
2023-02-04 21:00:00,8.44
2023-02-04 22:10:00,8.07
2023-02-04 23:20:00,7.66
2023-02-05 00:40:00,7.05
2023-02-05 01:50:00,6.65
2023-02-05 03:00:00,6.43
2023-02-05 04:10:00,6.19
2023-02-05 05:20:00,5.95
2023-02-05 06:30:00,5.39
2023-02-05 07:40:00,5.36
2023-02-05 08:50:00,5.63
2023-02-05 10:00:00,6.16
2023-02-05 11:10:00,6.86
2023-02-05 12:20:00,7.63
2023-02-05 13:30:00,8.61
2023-02-05 14:40:00,9.58
2023-02-05 15:50:00,10.55
2023-02-05 17:00:00,10.96
2023-02-05 18:10:00,10.41
2023-02-05 19:20:00,9.5
2023-02-05 20:30:00,8.46
2023-02-05 21:40:00,7.86
2023-02-05 22:50:00,7.05
2023-02-06 00:10:00,6.58
2023-02-06 01:30:00,6.08
2023-02-06 02:40:00,5.77
2023-02-06 03:50:00,5.5
2023-02-06 05:00:00,5.29
2023-02-06 06:10:00,5.23
2023-02-06 07:20:00,5.17
2023-02-06 08:30:00,5.26
2023-02-06 09:40:00,5.92
2023-02-06 10:50:00,7.35
2023-02-06 12:00:00,10.91
2023-02-06 13:10:00,9.98
2023-02-06 14:20:00,10.81
2023-02-06 15:30:00,11.76
2023-02-06 16:40:00,12.23
2023-02-06 17:50:00,11.97
2023-02-06 19:00:00,11.08
2023-02-06 20:10:00,9.59
2023-02-06 21:20:00,9.02
2023-02-06 22:30:00,8.36
2023-02-06 23:40:00,7.86
2023-02-07 01:00:00,7.34
2023-02-07 02:10:00,6.98
2023-02-07 03:20:00,6.72
2023-02-07 04:30:00,6.46
2023-02-07 05:40:00,6.6
2023-02-07 06:50:00,6.77
2023-02-07 08:00:00,7.08
2023-02-07 09:10:00,7.41
2023-02-07 10:20:00,7.99
2023-02-07 11:30:00,8.76
2023-02-07 12:40:00,9.94
2023-02-07 13:50:00,10.57
2023-02-07 15:00:00,9.9
2023-02-07 16:10:00,10.03
2023-02-07 17:20:00,10.27
2023-02-07 18:30:00,10.53
2023-02-07 19:40:00,10.27
2023-02-07 20:50:00,10
2023-02-07 22:00:00,9.72
2023-02-07 23:10:00,9.39
2023-02-08 00:30:00,9.18
2023-02-08 01:40:00,8.83
2023-02-08 02:50:00,8.72
2023-02-08 04:00:00,8.66
2023-02-08 05:10:00,8.74
2023-02-08 06:20:00,8.58
2023-02-08 07:30:00,8.8
2023-02-08 08:40:00,9.04
2023-02-08 09:50:00,9.14
2023-02-08 11:00:00,9.48
2023-02-08 12:10:00,10.44
2023-02-08 13:20:00,10.69
2023-02-08 14:30:00,10.6
2023-02-08 15:40:00,10.47
2023-02-08 16:50:00,10.42
2023-02-08 18:00:00,10.43
2023-02-08 19:10:00,10.33
2023-02-08 20:20:00,10.36
2023-02-08 21:30:00,10.3
2023-02-08 22:40:00,10.17
2023-02-08 23:50:00,9.91
2023-02-09 01:10:00,9.67
2023-02-09 02:20:00,9.44
2023-02-09 03:30:00,9.31
2023-02-09 04:40:00,8.76
2023-02-09 05:50:00,8.41
2023-02-09 07:00:00,8.24
2023-02-09 08:10:00,8.47
2023-02-09 09:20:00,8.66
2023-02-09 10:30:00,9.2
2023-02-09 11:40:00,9.11
2023-02-09 12:50:00,8.86
2023-02-09 14:00:00,8.57
2023-02-09 15:10:00,10.49
2023-02-09 16:20:00,11.03
2023-02-09 17:30:00,11.12
2023-02-09 18:40:00,10.51
2023-02-09 19:50:00,9.96
2023-02-09 21:00:00,9.63
2023-02-09 22:10:00,8.83
2023-02-09 23:20:00,8.7
2023-02-10 00:40:00,8.4
2023-02-10 01:50:00,8.39
2023-02-10 03:00:00,8.26
2023-02-10 04:10:00,8.07
2023-02-10 05:20:00,8.17
2023-02-10 06:30:00,8.15
2023-02-10 07:40:00,8.35
2023-02-10 08:50:00,8.44
2023-02-10 10:00:00,8.62
2023-02-10 11:10:00,9.29
2023-02-10 12:20:00,10.26
2023-02-10 13:30:00,10.9
2023-02-10 14:40:00,12.05
2023-02-10 15:50:00,12.62
2023-02-10 17:00:00,12.56
2023-02-10 18:10:00,12.54
2023-02-10 19:20:00,12.15
2023-02-10 20:30:00,11.94
2023-02-10 21:40:00,11.41
2023-02-10 22:50:00,10.91
2023-02-11 00:10:00,10.68
2023-02-11 01:20:00,10.39
2023-02-11 02:30:00,10.02
2023-02-11 03:40:00,9.73
2023-02-11 04:50:00,9.55
2023-02-11 06:00:00,9.67
2023-02-11 07:10:00,9.81
2023-02-11 08:20:00,9.7
2023-02-11 09:30:00,9.67
2023-02-11 10:40:00,10.21
2023-02-11 11:50:00,10.88
2023-02-11 13:00:00,11.6
2023-02-11 14:10:00,12.35
2023-02-11 15:20:00,13.14
2023-02-11 16:30:00,13.5
2023-02-11 17:40:00,13.65
2023-02-11 18:50:00,13.29
2023-02-11 20:00:00,13.03
2023-02-11 21:10:00,12.46
2023-02-11 22:20:00,11.98
2023-02-11 23:30:00,11.34
2023-02-12 00:50:00,11.22
2023-02-12 02:00:00,11.52
2023-02-12 03:10:00,11.57
2023-02-12 04:20:00,10.93
2023-02-12 05:30:00,10.68
2023-02-12 06:40:00,10.55
2023-02-12 07:50:00,10.61
2023-02-12 09:00:00,10.66
2023-02-12 10:10:00,10.95
2023-02-12 11:20:00,11.07
2023-02-12 12:30:00,11.19
2023-02-12 13:40:00,11.1
2023-02-12 14:50:00,9.29
2023-02-12 16:00:00,9.03
2023-02-12 17:10:00,8.77
2023-02-12 18:20:00,8.55
2023-02-12 19:30:00,8.33
2023-02-12 20:40:00,8.56
2023-02-12 21:50:00,8.97
2023-02-12 23:00:00,9.17
2023-02-13 00:20:00,9.19
2023-02-13 01:30:00,9.22
2023-02-13 02:40:00,9.32
2023-02-13 03:50:00,9.32
2023-02-13 05:00:00,9.26
2023-02-13 06:10:00,9.38
2023-02-13 07:20:00,9.23
2023-02-13 08:30:00,8.98
2023-02-13 09:40:00,9.3
2023-02-13 10:50:00,9.34
2023-02-13 12:00:00,9.4
2023-02-13 13:10:00,9.49
2023-02-13 14:20:00,9.35
2023-02-13 15:30:00,8.88
2023-02-13 16:40:00,8.42
2023-02-13 17:50:00,8.19
2023-02-13 19:00:00,7.85
2023-02-13 20:10:00,7.63
2023-02-13 21:20:00,7.54
2023-02-13 22:30:00,7.25
2023-02-13 23:40:00,7.19
2023-02-14 01:00:00,7.12
2023-02-14 02:10:00,6.96
2023-02-14 03:20:00,6.98
2023-02-14 04:30:00,6.65
2023-02-14 05:40:00,6.49
2023-02-14 06:50:00,6.41
2023-02-14 08:00:00,6.6
2023-02-14 09:10:00,6.7
2023-02-14 10:20:00,6.63
2023-02-14 11:30:00,6.62
2023-02-14 12:40:00,6.45
2023-02-14 13:50:00,6.77
2023-02-14 15:00:00,6.9
2023-02-14 16:10:00,7.48
2023-02-14 17:20:00,7.7
2023-02-14 18:30:00,7.71
2023-02-14 19:40:00,7.7
2023-02-14 20:50:00,7.47
2023-02-14 22:00:00,7.37
2023-02-14 23:10:00,7.26
2023-02-15 00:30:00,7.13
2023-02-15 01:40:00,7.04
2023-02-15 02:50:00,6.99
2023-02-15 04:00:00,7
2023-02-15 05:10:00,6.97
2023-02-15 06:20:00,7.11
2023-02-15 07:30:00,7.13
2023-02-15 08:40:00,7.23
2023-02-15 09:50:00,7.57
2023-02-15 11:00:00,7.86
2023-02-15 12:10:00,8.51
2023-02-15 13:20:00,8.78
2023-02-15 14:30:00,9.24
2023-02-15 15:40:00,9.64
2023-02-15 16:50:00,9.6
2023-02-15 18:00:00,9.76
2023-02-15 19:10:00,9.34
2023-02-15 20:20:00,9.22
2023-02-15 21:30:00,8.92
2023-02-15 22:40:00,8.48
2023-02-15 23:50:00,8.18
2023-02-16 01:10:00,8.03
2023-02-16 02:20:00,7.84
2023-02-16 03:30:00,7.82
2023-02-16 04:40:00,7.61
2023-02-16 05:50:00,7.44
2023-02-16 07:00:00,7.52
2023-02-16 08:10:00,7.67
2023-02-16 09:20:00,8.03
2023-02-16 10:30:00,7.93
2023-02-16 11:40:00,8.08
2023-02-16 12:50:00,7.49
2023-02-16 14:00:00,7.24
2023-02-16 15:10:00,7.81
2023-02-16 16:20:00,9.05
2023-02-16 17:30:00,8.93
2023-02-16 18:40:00,8.9
2023-02-16 19:50:00,8.34
2023-02-16 21:00:00,7.55
2023-02-16 22:10:00,6.9
2023-02-16 23:20:00,6.28
2023-02-17 00:40:00,5.88
2023-02-17 01:50:00,5.63
2023-02-17 03:00:00,5.73
2023-02-17 04:10:00,5.84
2023-02-17 05:20:00,5.91
2023-02-17 06:30:00,6.07
2023-02-17 07:40:00,6.53
2023-02-17 08:50:00,6.7
2023-02-17 10:00:00,6.96
2023-02-17 11:10:00,7.47
2023-02-17 12:20:00,8.19
2023-02-17 13:30:00,9.03
2023-02-17 14:40:00,9.67
2023-02-17 15:50:00,10.13
2023-02-17 17:00:00,10.34
2023-02-17 18:10:00,10.44
2023-02-17 19:20:00,10.29
2023-02-17 20:30:00,10.23
2023-02-17 21:40:00,9.82
2023-02-17 22:50:00,9.76
2023-02-18 00:10:00,9.38
2023-02-18 01:20:00,9.38
2023-02-18 02:30:00,9.23
2023-02-18 03:40:00,9.05
2023-02-18 04:50:00,9.1
2023-02-18 06:00:00,9.22
2023-02-18 07:10:00,9.12
2023-02-18 08:20:00,9.19
2023-02-18 09:30:00,9.48
2023-02-18 10:40:00,9.61
2023-02-18 11:50:00,9.89
2023-02-18 13:00:00,10
2023-02-18 14:10:00,10.14
2023-02-18 15:20:00,9.59
2023-02-18 16:30:00,9.58
2023-02-18 17:40:00,9.44
2023-02-18 18:50:00,9.46
2023-02-18 20:00:00,9.42
2023-02-18 21:10:00,9.49
2023-02-18 22:20:00,9.4
2023-02-18 23:30:00,9.24
2023-02-19 00:50:00,9.16
2023-02-19 02:00:00,9.11
2023-02-19 03:10:00,9.01
2023-02-19 04:20:00,8.96
2023-02-19 05:30:00,8.9
2023-02-19 06:40:00,8.89
2023-02-19 07:50:00,9.16
2023-02-19 09:00:00,9.39
2023-02-19 10:10:00,9.12
2023-02-19 11:20:00,9.39
2023-02-19 12:30:00,9
2023-02-19 13:40:00,9.19
2023-02-19 14:50:00,10.21
2023-02-19 16:00:00,11
2023-02-19 17:10:00,11.13
2023-02-19 18:20:00,11.03
2023-02-19 19:30:00,10.79
2023-02-19 20:40:00,10.46
2023-02-19 21:50:00,10.23
2023-02-19 23:00:00,9.95
2023-02-20 00:20:00,9.71
2023-02-20 01:30:00,9.45
2023-02-20 02:40:00,9.36
2023-02-20 03:50:00,9.24
2023-02-20 05:00:00,9.23
2023-02-20 06:10:00,9.1
2023-02-20 07:20:00,9.26
2023-02-20 08:30:00,9.39
2023-02-20 09:40:00,9.29
2023-02-20 10:50:00,9.08
2023-02-20 12:00:00,9.23
2023-02-20 13:10:00,9.5
2023-02-20 14:20:00,9.68
2023-02-20 15:30:00,9.75
2023-02-20 16:40:00,9.87
2023-02-20 17:50:00,10.25
2023-02-20 19:00:00,9.94
2023-02-20 20:10:00,9.51
2023-02-20 21:20:00,9.23
2023-02-20 22:30:00,8.92
2023-02-20 23:40:00,8.6
2023-02-21 01:00:00,8.63
2023-02-21 02:10:00,8.31
2023-02-21 03:20:00,7.68
2023-02-21 04:30:00,7.28
2023-02-21 05:40:00,6.96
2023-02-21 06:50:00,6.59
2023-02-21 08:00:00,6.61
2023-02-21 09:10:00,6.81
2023-02-21 10:20:00,7.01
2023-02-21 11:30:00,7.23
2023-02-21 12:40:00,7.51
2023-02-21 14:00:00,7.8
2023-02-21 15:10:00,7.8
2023-02-21 16:20:00,7.98
2023-02-21 17:30:00,7.78
2023-02-21 18:40:00,7.68
2023-02-21 19:50:00,7.57
2023-02-21 21:00:00,7.35
2023-02-21 22:10:00,6.9
2023-02-21 23:20:00,6.49
2023-02-22 00:40:00,6.23
2023-02-22 01:50:00,5.99
2023-02-22 03:00:00,5.81
2023-02-22 04:10:00,5.94
2023-02-22 05:20:00,5.83
2023-02-22 06:30:00,5.83
2023-02-22 07:40:00,5.99
2023-02-22 08:50:00,6.2
2023-02-22 10:00:00,6.58
2023-02-22 11:10:00,7.17
2023-02-22 12:20:00,7.7
2023-02-22 13:30:00,8.58
2023-02-22 14:40:00,9.66
2023-02-22 15:50:00,9.18
2023-02-22 17:00:00,8.94
2023-02-22 18:10:00,8.89
2023-02-22 19:20:00,8.77
2023-02-22 20:30:00,8.67
2023-02-22 21:40:00,8.53
2023-02-22 22:50:00,8.33
2023-02-23 00:10:00,8.04
2023-02-23 01:20:00,7.68
2023-02-23 02:30:00,7.38
2023-02-23 03:40:00,7.21
2023-02-23 04:50:00,7.1
2023-02-23 06:00:00,7.12
2023-02-23 07:10:00,7.22
2023-02-23 08:20:00,7.34
2023-02-23 09:30:00,7.4
2023-02-23 10:40:00,7.78
2023-02-23 11:50:00,8.2
2023-02-23 13:00:00,8.82
2023-02-23 14:10:00,10.3
2023-02-23 15:20:00,9.19
2023-02-23 16:30:00,9.33
2023-02-23 17:40:00,9.39
2023-02-23 18:50:00,9.43
2023-02-23 20:00:00,9.28
2023-02-23 21:10:00,9.17
2023-02-23 22:20:00,9.19
2023-02-23 23:30:00,8.9
2023-02-24 00:50:00,8.7
2023-02-24 02:00:00,8.69
2023-02-24 03:10:00,8.52
2023-02-24 04:20:00,8.37
2023-02-24 05:30:00,8.23
2023-02-24 06:40:00,8.14
2023-02-24 07:50:00,8.13
2023-02-24 09:00:00,8.73
2023-02-24 10:10:00,9.77
2023-02-24 11:20:00,12.15
2023-02-24 12:30:00,14.58
2023-02-24 13:40:00,14.15
2023-02-24 14:50:00,14.71
2023-02-24 16:00:00,15.5
2023-02-24 17:10:00,15.14
2023-02-24 18:20:00,13.79
2023-02-24 19:30:00,12.59
2023-02-24 20:40:00,10.73
2023-02-24 21:50:00,10.05
2023-02-24 23:00:00,9.39
2023-02-25 00:20:00,8.72
2023-02-25 01:30:00,8.09
2023-02-25 02:40:00,7.7
2023-02-25 03:50:00,7.38
2023-02-25 05:00:00,7.04
2023-02-25 06:10:00,6.87
2023-02-25 07:20:00,6.9
2023-02-25 08:30:00,7.13
2023-02-25 09:40:00,7.65
2023-02-25 10:50:00,9.17
2023-02-25 12:00:00,10.97
2023-02-25 13:10:00,12.48
2023-02-25 14:20:00,14
2023-02-25 15:30:00,14.93
2023-02-25 16:40:00,15.31
2023-02-25 17:50:00,14.54
2023-02-25 19:00:00,13.32
2023-02-25 20:10:00,12.52
2023-02-25 21:20:00,11.72
2023-02-25 22:30:00,10.87
2023-02-25 23:40:00,10.2
2023-02-26 01:00:00,9.46
2023-02-26 02:10:00,8.73
2023-02-26 03:20:00,8.36
2023-02-26 04:30:00,7.93
2023-02-26 05:40:00,7.57
2023-02-26 06:50:00,7.41
2023-02-26 08:00:00,7.48
2023-02-26 09:10:00,8.01
2023-02-26 10:20:00,9.54
2023-02-26 11:30:00,11.73
2023-02-26 12:40:00,13.31
2023-02-26 13:50:00,14.3
2023-02-26 15:00:00,15
2023-02-26 16:10:00,15.42
2023-02-26 17:20:00,15.69
2023-02-26 18:30:00,15.14
2023-02-26 19:40:00,13.34
2023-02-26 20:50:00,11.69
2023-02-26 22:00:00,10.7
2023-02-26 23:10:00,9.83
2023-02-27 00:30:00,9.16
2023-02-27 01:50:00,8.31
2023-02-27 03:00:00,7.91
2023-02-27 04:10:00,7.56
2023-02-27 05:20:00,7.47
2023-02-27 06:30:00,7.4
2023-02-27 07:40:00,7.16
2023-02-27 08:50:00,7.62
2023-02-27 10:00:00,9.01
2023-02-27 11:10:00,11.13
2023-02-27 12:20:00,12.13
2023-02-27 13:30:00,13.27
2023-02-27 14:40:00,14.27
2023-02-27 15:50:00,14.59
2023-02-27 17:00:00,14.8
2023-02-27 18:10:00,14.44
2023-02-27 19:20:00,13.65
2023-02-27 20:30:00,13.13
2023-02-27 21:40:00,12.52
2023-02-27 22:50:00,11.84
2023-02-28 00:10:00,11.7
2023-02-28 01:20:00,11.09
2023-02-28 02:30:00,10.75
2023-02-28 03:40:00,10.57
2023-02-28 04:50:00,9.64
2023-02-28 06:00:00,9.53
2023-02-28 07:10:00,9.45
2023-02-28 08:20:00,9.44
2023-02-28 09:30:00,9.7
2023-02-28 10:40:00,9.95
2023-02-28 11:50:00,10.71
2023-02-28 13:00:00,11.5
2023-02-28 14:10:00,12.23
2023-02-28 15:20:00,11.62
2023-02-28 16:30:00,11.97
2023-02-28 17:40:00,12.04
2023-02-28 18:50:00,11.85
2023-02-28 20:00:00,11.6
2023-02-28 21:10:00,11.32
2023-02-28 22:20:00,10.98
2023-02-28 23:30:00,10.79
2023-03-01 00:50:00,10.36
2023-03-01 02:00:00,10.45
2023-03-01 03:10:00,10.13
2023-03-01 04:20:00,9.93
2023-03-01 05:30:00,9.7
2023-03-01 06:40:00,9.71
2023-03-01 07:50:00,9.81
2023-03-01 09:00:00,9.58
2023-03-01 10:10:00,9.96
2023-03-01 11:20:00,10.22
2023-03-01 12:30:00,10.15
2023-03-01 13:40:00,10.31
2023-03-01 14:50:00,10.48
2023-03-01 16:00:00,10.43
2023-03-01 17:10:00,10.51
2023-03-01 18:20:00,10.29
2023-03-01 19:30:00,9.92
2023-03-01 20:40:00,10
2023-03-01 21:50:00,9.76
2023-03-01 23:00:00,9.64
2023-03-02 00:20:00,9.54
2023-03-02 01:30:00,9.42
2023-03-02 02:40:00,9.31
2023-03-02 03:50:00,9.22
2023-03-02 05:00:00,9.27
2023-03-02 06:10:00,9.31
2023-03-02 07:20:00,9.3
2023-03-02 08:30:00,9.54
2023-03-02 09:40:00,9.66
2023-03-02 10:50:00,10.1
2023-03-02 12:00:00,10.87
2023-03-02 13:10:00,11.66
2023-03-02 14:20:00,12.19
2023-03-02 15:30:00,12.51
2023-03-02 16:40:00,12.66
2023-03-02 17:50:00,12.8
2023-03-02 19:00:00,12.57
2023-03-02 20:10:00,11.98
2023-03-02 21:20:00,11.42
2023-03-02 22:30:00,10.83
2023-03-02 23:40:00,10.18
2023-03-03 01:00:00,9.94
2023-03-03 02:10:00,9.64
2023-03-03 03:20:00,9.41
2023-03-03 04:30:00,9.35
2023-03-03 05:40:00,9.1
2023-03-03 06:50:00,8.86
2023-03-03 08:00:00,8.85
2023-03-03 09:10:00,9.05
2023-03-03 10:20:00,9.32
2023-03-03 11:30:00,11.09
2023-03-03 12:40:00,13.66
2023-03-03 13:50:00,13.97
2023-03-03 15:00:00,14.69
2023-03-03 16:10:00,15.38
2023-03-03 17:20:00,15.51
2023-03-03 18:30:00,15.02
2023-03-03 19:40:00,14.23
2023-03-03 20:50:00,12.74
2023-03-03 22:00:00,11.71
2023-03-03 23:10:00,10.9
2023-03-04 00:30:00,10.07
2023-03-04 01:40:00,9.39
2023-03-04 02:50:00,9.06
2023-03-04 04:00:00,8.76
2023-03-04 05:10:00,8.64
2023-03-04 06:20:00,8.33
2023-03-04 07:30:00,8.3
2023-03-04 08:40:00,8.85
2023-03-04 09:50:00,9.29
2023-03-04 11:00:00,12.09
2023-03-04 12:10:00,12.94
2023-03-04 13:20:00,15.18
2023-03-04 14:30:00,17.24
2023-03-04 15:40:00,17.74
2023-03-04 16:50:00,18.9
2023-03-04 18:00:00,17.81
2023-03-04 19:10:00,15.41
2023-03-04 20:20:00,13.64
2023-03-04 21:30:00,12.55
2023-03-04 22:40:00,11.28
2023-03-04 23:50:00,10.61
2023-03-05 01:10:00,9.81
2023-03-05 02:20:00,9.14
2023-03-05 03:30:00,8.69
2023-03-05 04:40:00,8.43
2023-03-05 05:50:00,8.22
2023-03-05 07:00:00,8.01
2023-03-05 08:10:00,8.08
2023-03-05 09:20:00,9.13
2023-03-05 10:30:00,11.27
2023-03-05 11:40:00,14.06
2023-03-05 12:50:00,16.93
2023-03-05 14:00:00,19.72
2023-03-05 15:10:00,19.97
2023-03-05 16:20:00,20.58
2023-03-05 17:30:00,19.73
2023-03-05 18:40:00,17.46
2023-03-05 19:50:00,16.07
2023-03-05 21:00:00,14.43
2023-03-05 22:10:00,12.98
2023-03-05 23:20:00,12.12
2023-03-06 00:40:00,11.49
2023-03-06 02:00:00,10.82
2023-03-06 03:10:00,10.95
2023-03-06 04:20:00,10.47
2023-03-06 05:30:00,10.29
2023-03-06 06:40:00,10.14
2023-03-06 07:50:00,10.48
2023-03-06 09:00:00,10.97
2023-03-06 10:10:00,11.57
2023-03-06 11:20:00,12.07
2023-03-06 12:30:00,12.59
2023-03-06 13:40:00,11.66
2023-03-06 14:50:00,10.52
2023-03-06 16:00:00,10.07
2023-03-06 17:10:00,10.07
2023-03-06 18:20:00,10.42
2023-03-06 19:30:00,10.42
2023-03-06 20:40:00,10.74
2023-03-06 21:50:00,10.59
2023-03-06 23:00:00,10.57
2023-03-07 00:20:00,10.26
2023-03-07 01:30:00,10.49
2023-03-07 02:40:00,10.11
2023-03-07 03:50:00,10.12
2023-03-07 05:00:00,9.85
2023-03-07 06:10:00,9.89
2023-03-07 07:20:00,9.77
2023-03-07 08:30:00,10.02
2023-03-07 09:40:00,10.37
2023-03-07 10:50:00,10.53
2023-03-07 12:00:00,11.52
2023-03-07 13:10:00,12.15
2023-03-07 14:20:00,12.35
2023-03-07 15:30:00,13.35
2023-03-07 16:40:00,12.35
2023-03-07 17:50:00,12.28
2023-03-07 19:00:00,12.17
2023-03-07 20:10:00,11.95
2023-03-07 21:20:00,11.9
2023-03-07 22:30:00,11.84
2023-03-07 23:40:00,11.65
2023-03-08 01:00:00,11.62
2023-03-08 02:10:00,11.46
2023-03-08 03:20:00,11.37
2023-03-08 04:30:00,11.55
2023-03-08 05:40:00,11.62
2023-03-08 06:50:00,11.69
2023-03-08 08:00:00,11.95
2023-03-08 09:10:00,12.17
2023-03-08 10:20:00,13.04
2023-03-08 11:30:00,13.64
2023-03-08 12:40:00,14.56
2023-03-08 13:50:00,15.2
2023-03-08 15:00:00,15.14
2023-03-08 16:10:00,15.25
2023-03-08 17:20:00,15.23
2023-03-08 18:30:00,14.45
2023-03-08 19:40:00,14.92
2023-03-08 20:50:00,14.31
2023-03-08 22:00:00,12.96
2023-03-08 23:10:00,12.07
2023-03-09 00:30:00,11.43
2023-03-09 01:40:00,10.91
2023-03-09 02:50:00,10.82
2023-03-09 04:00:00,11.03
2023-03-09 05:10:00,10.82
2023-03-09 06:20:00,10.71
2023-03-09 07:30:00,10.84
2023-03-09 08:40:00,11.25
2023-03-09 09:50:00,12.39
2023-03-09 11:00:00,14.44
2023-03-09 12:10:00,16.45
2023-03-09 13:20:00,18.13
2023-03-09 14:30:00,18.99
2023-03-09 15:40:00,21.03
2023-03-09 16:50:00,20.65
2023-03-09 18:00:00,20.65
2023-03-09 19:10:00,18.64
2023-03-09 20:20:00,16.53
2023-03-09 21:30:00,15.48
2023-03-09 22:40:00,14.67
2023-03-09 23:50:00,14.04
2023-03-10 01:10:00,13.4
2023-03-10 02:20:00,12.69
2023-03-10 03:30:00,12.52
2023-03-10 04:40:00,12.52
2023-03-10 05:50:00,12.8
2023-03-10 07:00:00,12.79
2023-03-10 08:10:00,12.81
2023-03-10 09:20:00,12.43
2023-03-10 11:10:00,12.04
2023-03-10 12:20:00,12.39
2023-03-10 13:30:00,12.33
2023-03-10 14:40:00,12.84
2023-03-10 15:50:00,13.21
2023-03-10 17:00:00,13.82
2023-03-10 18:10:00,13.82
2023-03-10 19:20:00,13.16
2023-03-10 20:30:00,12.45
2023-03-10 21:40:00,11.87
2023-03-10 22:50:00,11.08
2023-03-11 00:10:00,10.51
2023-03-11 01:20:00,10.2
2023-03-11 02:30:00,10.13
2023-03-11 03:40:00,9.81
2023-03-11 04:50:00,9.65
2023-03-11 06:00:00,9.45
2023-03-11 07:10:00,9.62
2023-03-11 08:20:00,9.87
2023-03-11 09:30:00,10.49
2023-03-11 10:40:00,11.54
2023-03-11 11:50:00,12.45
2023-03-11 13:00:00,14.98
2023-03-11 14:10:00,16.74
2023-03-11 15:20:00,17.28
2023-03-11 16:30:00,18.16
2023-03-11 17:40:00,18.54
2023-03-11 18:50:00,17.13
2023-03-11 20:00:00,15.91
2023-03-11 21:10:00,14.94
2023-03-11 22:20:00,14.25
2023-03-11 23:30:00,14.98
2023-03-12 00:50:00,16.52
2023-03-12 02:00:00,14.68
2023-03-12 03:10:00,13.81
2023-03-12 04:20:00,13.5
2023-03-12 05:30:00,12.36
2023-03-12 06:40:00,10.67
2023-03-12 07:50:00,10.54
2023-03-12 09:00:00,10.29
2023-03-12 10:10:00,10.19
2023-03-12 11:20:00,11.08
2023-03-12 12:30:00,11.63
2023-03-12 13:40:00,11.97
2023-03-12 14:50:00,12.08
2023-03-12 16:00:00,13.13
2023-03-12 17:10:00,12.84
2023-03-12 18:20:00,12.77
2023-03-12 19:30:00,10.95
2023-03-12 20:40:00,10.46
2023-03-12 21:50:00,9.97
2023-03-12 23:00:00,9.75
2023-03-13 00:20:00,9.57
2023-03-13 01:30:00,9.34
2023-03-13 02:40:00,9.37
2023-03-13 03:50:00,9.12
2023-03-13 05:00:00,8.92
2023-03-13 06:10:00,8.71
2023-03-13 07:20:00,8.79
2023-03-13 08:30:00,9.07
2023-03-13 09:40:00,9.99
2023-03-13 10:50:00,12.74
2023-03-13 12:00:00,13.21
2023-03-13 13:10:00,14.81
2023-03-13 14:20:00,13.64
2023-03-13 15:30:00,14.59
2023-03-13 16:40:00,15.22
2023-03-13 17:50:00,14.7
2023-03-13 19:00:00,14.13
2023-03-13 20:10:00,12.5
2023-03-13 21:20:00,11.3
2023-03-13 22:30:00,10.51
2023-03-13 23:40:00,9.66
2023-03-14 01:00:00,9.01
2023-03-14 02:10:00,8.65
2023-03-14 03:20:00,8.28
2023-03-14 04:30:00,8.06
2023-03-14 05:40:00,7.81
2023-03-14 06:50:00,7.69
2023-03-14 08:00:00,7.97
2023-03-14 09:10:00,8.9
2023-03-14 10:20:00,10.97
2023-03-14 11:30:00,13.51
2023-03-14 12:40:00,16.21
2023-03-14 13:50:00,18.58
2023-03-14 15:00:00,18.45
2023-03-14 16:10:00,18.91
2023-03-14 17:20:00,18.88
2023-03-14 18:30:00,18.65
2023-03-14 19:40:00,16.51
2023-03-14 20:50:00,14.81
2023-03-14 22:00:00,13.7
2023-03-14 23:10:00,12.78
2023-03-15 00:30:00,11.84
2023-03-15 01:40:00,11.28
2023-03-15 02:50:00,10.64
2023-03-15 04:00:00,10.28
2023-03-15 05:10:00,9.96
2023-03-15 06:20:00,9.78
2023-03-15 07:30:00,9.75
2023-03-15 08:40:00,10.49
2023-03-15 09:50:00,12.24
2023-03-15 11:00:00,15.87
2023-03-15 12:10:00,17.62
2023-03-15 13:20:00,20.22
2023-03-15 14:30:00,21.24
2023-03-15 15:40:00,22.52
2023-03-15 16:50:00,22.9
2023-03-15 18:00:00,22.95
2023-03-15 19:10:00,19.01
2023-03-15 20:20:00,18.11
2023-03-15 21:30:00,17.1
2023-03-15 22:40:00,16.15
2023-03-15 23:50:00,15.96
2023-03-16 01:10:00,16.06
2023-03-16 02:20:00,14.93
2023-03-16 03:30:00,14.77
2023-03-16 04:40:00,14.22
2023-03-16 05:50:00,13.54
2023-03-16 07:00:00,13.65
2023-03-16 08:10:00,13.83
2023-03-16 09:20:00,14.16
2023-03-16 10:30:00,14.16
2023-03-16 11:40:00,12.5
2023-03-16 12:50:00,11.39
2023-03-16 14:00:00,11.12
2023-03-16 15:10:00,10.95
2023-03-16 16:20:00,11.12
2023-03-16 17:30:00,11.21
2023-03-16 18:40:00,11.13
2023-03-16 19:50:00,11.06
2023-03-16 21:00:00,11.24
2023-03-16 22:10:00,11.46
2023-03-16 23:20:00,11.64
2023-03-17 00:40:00,11.51
2023-03-17 01:50:00,11.34
2023-03-17 03:00:00,11.23
2023-03-17 04:10:00,11.07
2023-03-17 05:20:00,10.97
2023-03-17 06:30:00,10.89
2023-03-17 07:40:00,10.93
2023-03-17 08:50:00,11.13
2023-03-17 10:00:00,11.46
2023-03-17 11:10:00,11.93
2023-03-17 12:20:00,12.35
2023-03-17 13:30:00,12.85
2023-03-17 14:40:00,14.31
2023-03-17 15:50:00,14.5
2023-03-17 17:00:00,14.55
2023-03-17 18:10:00,14.23
2023-03-17 19:20:00,14.07
2023-03-17 20:30:00,13.35
2023-03-17 21:40:00,12.21
2023-03-17 22:50:00,11.74
2023-03-18 00:10:00,11.7
2023-03-18 01:20:00,11.87
2023-03-18 02:30:00,11.34
2023-03-18 03:40:00,11.47
2023-03-18 04:50:00,10.9
2023-03-18 06:00:00,10.44
2023-03-18 07:10:00,10.42
2023-03-18 08:20:00,10.69
2023-03-18 09:30:00,10.77
2023-03-18 10:40:00,10.81
2023-03-18 11:50:00,10.68
2023-03-18 13:00:00,10.22
2023-03-18 14:10:00,10.61
2023-03-18 15:20:00,11.2
2023-03-18 16:30:00,11.58
2023-03-18 17:40:00,11.61
2023-03-18 18:50:00,11.58
2023-03-18 20:00:00,11.61
2023-03-18 21:10:00,11.55
2023-03-18 22:20:00,11.46
2023-03-18 23:30:00,11.3
2023-03-19 00:50:00,11
2023-03-19 02:00:00,10.72
2023-03-19 03:10:00,10.64
2023-03-19 04:20:00,10.56
2023-03-19 05:30:00,9.69
2023-03-19 06:40:00,9.55
2023-03-19 07:50:00,9.51
2023-03-19 09:00:00,9.82
2023-03-19 10:10:00,10.02
2023-03-19 11:20:00,10.38
2023-03-19 12:30:00,10.94
2023-03-19 13:40:00,11.35
2023-03-19 14:50:00,12.06
2023-03-19 16:00:00,12.15
2023-03-19 17:10:00,12.55
2023-03-19 18:20:00,12.76
2023-03-19 19:30:00,12.08
2023-03-19 20:40:00,11.44
2023-03-19 21:50:00,10.85
2023-03-19 23:00:00,10
2023-03-20 00:20:00,9.51
2023-03-20 01:40:00,9.12
2023-03-20 02:50:00,8.89
2023-03-20 04:00:00,9.3
2023-03-20 05:10:00,9.16
2023-03-20 06:20:00,9.44
2023-03-20 07:30:00,9.76
2023-03-20 08:40:00,10.19
2023-03-20 09:50:00,10.59
2023-03-20 11:00:00,11.36
2023-03-20 12:10:00,12.99
2023-03-20 13:20:00,14.3
2023-03-20 14:30:00,15.71
2023-03-20 15:40:00,15.8
2023-03-20 16:50:00,15.98
2023-03-20 18:00:00,15.89
2023-03-20 19:10:00,14.95
2023-03-20 20:20:00,13.49
2023-03-20 21:30:00,12.51
2023-03-20 22:40:00,11.77
2023-03-20 23:50:00,11.3
2023-03-21 01:10:00,10.93
2023-03-21 02:20:00,10.55
2023-03-21 03:30:00,10.34
2023-03-21 04:40:00,10.21
2023-03-21 05:50:00,10.13
2023-03-21 07:00:00,10.26
2023-03-21 08:10:00,10.51
2023-03-21 09:20:00,12.56
2023-03-21 10:30:00,15.43
2023-03-21 11:40:00,17.47
2023-03-21 12:50:00,17.67
2023-03-21 14:00:00,19.3
2023-03-21 15:10:00,19.96
2023-03-21 16:20:00,19.85
2023-03-21 17:30:00,18.38
2023-03-21 18:40:00,17.33
2023-03-21 19:50:00,16.68
2023-03-21 21:00:00,15.71
2023-03-21 22:10:00,14.83
2023-03-21 23:20:00,14.48
2023-03-22 00:40:00,13.39
2023-03-22 01:50:00,13.06
2023-03-22 03:00:00,13.26
2023-03-22 04:10:00,12.55
2023-03-22 05:20:00,12.95
2023-03-22 06:30:00,12.45
2023-03-22 07:40:00,12.78
2023-03-22 08:50:00,12.58
2023-03-22 10:00:00,12.88
2023-03-22 11:10:00,13.26
2023-03-22 12:20:00,13.15
2023-03-22 13:30:00,12.77
2023-03-22 14:40:00,12.9
2023-03-22 15:50:00,12.72
2023-03-22 17:00:00,12.99
2023-03-22 18:10:00,13.18
2023-03-22 19:20:00,13.2
2023-03-22 20:30:00,13.12
2023-03-22 21:40:00,12.73
2023-03-22 22:50:00,12.65
2023-03-23 00:10:00,12.56
2023-03-23 01:20:00,12.61
2023-03-23 02:30:00,12.41
2023-03-23 03:40:00,12.64
2023-03-23 04:50:00,12.65
2023-03-23 06:00:00,12.62
2023-03-23 07:10:00,12.93
2023-03-23 08:20:00,13.62
2023-03-23 09:30:00,13.85
2023-03-23 10:40:00,13.56
2023-03-23 11:50:00,12.57
2023-03-23 13:00:00,12.76
2023-03-23 14:10:00,12.39
2023-03-23 15:20:00,12.6
2023-03-23 16:30:00,12.21
2023-03-23 17:40:00,12.67
2023-03-23 18:50:00,12.57
2023-03-23 20:00:00,12.15
2023-03-23 21:10:00,11.76
2023-03-23 22:20:00,11.84
2023-03-23 23:30:00,11.84
2023-03-24 00:50:00,11.67
2023-03-24 02:00:00,11.6
2023-03-24 03:10:00,11.38
2023-03-24 04:20:00,11.4
2023-03-24 05:30:00,10.95
2023-03-24 06:40:00,10.57
2023-03-24 07:50:00,10.44
2023-03-24 09:00:00,10.23
2023-03-24 10:10:00,10.04
2023-03-24 11:20:00,10.07
2023-03-24 12:30:00,10.05
2023-03-24 13:40:00,10.07
2023-03-24 14:50:00,10.06
2023-03-24 16:00:00,10.07
2023-03-24 17:10:00,10.26
2023-03-24 18:20:00,10.36
2023-03-24 19:30:00,10.42
2023-03-24 20:40:00,10.45
2023-03-24 21:50:00,10.46
2023-03-24 23:00:00,10.49
2023-03-25 00:20:00,10.42
2023-03-25 01:30:00,10.39
2023-03-25 02:40:00,10.05
2023-03-25 03:50:00,10.19
2023-03-25 05:00:00,10.02
2023-03-25 06:10:00,10.05
2023-03-25 07:20:00,10.12
2023-03-25 08:30:00,10.31
2023-03-25 09:40:00,10.48
2023-03-25 10:50:00,10.67
2023-03-25 12:00:00,10.7
2023-03-25 13:10:00,10.55
2023-03-25 14:20:00,10.2
2023-03-25 15:30:00,10.57
2023-03-25 16:40:00,10.94
2023-03-25 17:50:00,11.37
2023-03-25 19:00:00,11.47
2023-03-25 20:10:00,11.25
2023-03-25 21:20:00,11.24
2023-03-25 22:30:00,11.07
2023-03-25 23:40:00,10.95
2023-03-26 01:00:00,10.81
2023-03-26 02:10:00,10.67
2023-03-26 03:20:00,10.55
2023-03-26 04:30:00,10.48
2023-03-26 05:40:00,10.53
2023-03-26 06:50:00,10.9
2023-03-26 08:00:00,10.8
2023-03-26 09:10:00,11.74
2023-03-26 10:20:00,12.11
2023-03-26 11:30:00,12.76
2023-03-26 12:40:00,13.21
2023-03-26 13:50:00,13.6
2023-03-26 15:00:00,13.9
2023-03-26 16:10:00,13.93
2023-03-26 17:20:00,14.12
2023-03-26 18:30:00,14.02
2023-03-26 19:40:00,13.49
2023-03-26 20:50:00,12.69
2023-03-26 22:00:00,12.22
2023-03-26 23:10:00,11.82
2023-03-27 00:30:00,11.43
2023-03-27 01:40:00,11.09
2023-03-27 02:50:00,10.88
2023-03-27 04:00:00,10.8
2023-03-27 05:10:00,10.84
2023-03-27 06:20:00,10.52
2023-03-27 07:30:00,10.85
2023-03-27 08:40:00,10.71
2023-03-27 09:50:00,12
2023-03-27 11:00:00,13.49
2023-03-27 12:10:00,15.04
2023-03-27 13:20:00,16.05
2023-03-27 14:30:00,15.49
2023-03-27 15:40:00,14.35
2023-03-27 16:50:00,14.49
2023-03-27 18:00:00,14.51
2023-03-27 19:10:00,14.13
2023-03-27 20:20:00,13.64
2023-03-27 21:30:00,12.42
2023-03-27 22:40:00,11.95
2023-03-27 23:50:00,11.35
2023-03-28 01:10:00,11.1
2023-03-28 02:20:00,10.99
2023-03-28 03:30:00,10.94
2023-03-28 04:40:00,10.83
2023-03-28 05:50:00,10.64
2023-03-28 07:00:00,10.74
2023-03-28 08:10:00,10.87
2023-03-28 09:20:00,11.02
2023-03-28 10:30:00,11.65
2023-03-28 11:40:00,12.16
2023-03-28 12:50:00,13.74
2023-03-28 14:00:00,14.94
2023-03-28 15:10:00,15.78
2023-03-28 16:20:00,15.96
2023-03-28 17:30:00,15.79
2023-03-28 18:40:00,15.26
2023-03-28 19:50:00,14.78
2023-03-28 21:00:00,13.97
2023-03-28 22:10:00,13.57
2023-03-28 23:20:00,12.98
2023-03-29 00:40:00,12.29
2023-03-29 01:50:00,11.99
2023-03-29 03:00:00,11.48
2023-03-29 04:10:00,11.36
2023-03-29 05:20:00,11.1
2023-03-29 06:30:00,10.78
2023-03-29 07:40:00,10.84
2023-03-29 08:50:00,11.01
2023-03-29 10:00:00,11.74
2023-03-29 11:10:00,13.42
2023-03-29 12:20:00,14.76
2023-03-29 13:30:00,15.06
2023-03-29 14:40:00,15.12
2023-03-29 15:50:00,15.7
2023-03-29 17:00:00,15.86
2023-03-29 18:10:00,16
2023-03-29 19:20:00,14.33
2023-03-29 20:30:00,14.03
2023-03-29 21:40:00,13.18
2023-03-29 22:50:00,12.72
2023-03-30 00:10:00,11.67
2023-03-30 01:20:00,11.2
2023-03-30 02:30:00,10.82
2023-03-30 03:40:00,10.55
2023-03-30 04:50:00,10.24
2023-03-30 06:00:00,9.78
2023-03-30 07:10:00,9.79
2023-03-30 08:20:00,9.99
2023-03-30 09:30:00,12.34
2023-03-30 10:40:00,13.35
2023-03-30 11:50:00,15.74
2023-03-30 13:00:00,17.93
2023-03-30 14:10:00,19.21
2023-03-30 15:20:00,19.12
2023-03-30 16:30:00,19.61
2023-03-30 17:40:00,19.21
2023-03-30 18:50:00,18.54
2023-03-30 20:00:00,15.98
2023-03-30 21:10:00,14.79
2023-03-30 22:20:00,14.05
2023-03-30 23:30:00,13.19
2023-03-31 00:50:00,12.53
2023-03-31 02:00:00,12.38
2023-03-31 03:10:00,11.97
2023-03-31 04:20:00,11.83
2023-03-31 05:30:00,11.56
2023-03-31 06:40:00,11.48
2023-03-31 07:50:00,11.72
2023-03-31 09:00:00,12.12
2023-03-31 10:10:00,13.7
2023-03-31 11:20:00,16.16
2023-03-31 12:30:00,18.38
2023-03-31 13:40:00,19.79
2023-03-31 14:50:00,20.85
2023-03-31 16:00:00,20.06
2023-03-31 17:10:00,19.87
2023-03-31 18:20:00,18.6
2023-03-31 19:30:00,17.99
2023-03-31 20:40:00,16.23
2023-03-31 21:50:00,15.51
2023-03-31 23:00:00,15.31
2023-04-01 00:20:00,14.25
2023-04-01 01:30:00,13.81
2023-04-01 02:40:00,13.09
2023-04-01 03:50:00,12.38
2023-04-01 05:00:00,12.27
2023-04-01 06:10:00,11.8
2023-04-01 07:20:00,11.72
2023-04-01 08:30:00,12.98
2023-04-01 09:40:00,14.89
2023-04-01 10:50:00,18.05
2023-04-01 12:00:00,18.06
2023-04-01 13:10:00,21.13
2023-04-01 14:20:00,21.34
2023-04-01 15:30:00,22.29
2023-04-01 16:40:00,23.31
2023-04-01 17:50:00,22.45
2023-04-01 19:00:00,21.33
2023-04-01 20:10:00,20.52
2023-04-01 21:20:00,20.01
2023-04-01 22:30:00,17.98
2023-04-01 23:40:00,16.39
2023-04-02 01:00:00,15.32
2023-04-02 02:10:00,14.99
2023-04-02 03:20:00,14.82
2023-04-02 04:30:00,14.53
2023-04-02 05:40:00,14.63
2023-04-02 06:50:00,15.59
2023-04-02 08:00:00,15.44
2023-04-02 09:10:00,15.78
2023-04-02 10:20:00,17.76
2023-04-02 12:10:00,21
2023-04-02 13:20:00,22.21
2023-04-02 14:30:00,22.45
2023-04-02 15:40:00,22.69
2023-04-02 16:50:00,22.64
2023-04-02 18:00:00,22.33
2023-04-02 19:10:00,21.56
2023-04-02 20:20:00,20.68
2023-04-02 21:30:00,20.18
2023-04-02 22:40:00,19.24
2023-04-02 23:50:00,18.55
2023-04-03 01:20:00,18.21
2023-04-03 02:30:00,15.32
2023-04-03 03:40:00,15.74
2023-04-03 04:50:00,15.69
2023-04-03 06:00:00,15.74
2023-04-03 07:10:00,15.43
2023-04-03 08:20:00,15.93
2023-04-03 09:30:00,17.43
2023-04-03 10:40:00,19.04
2023-04-03 11:50:00,20.01
2023-04-03 13:00:00,19.09
2023-04-03 14:10:00,18.47
2023-04-03 15:20:00,19.52
2023-04-03 16:30:00,20.1
2023-04-03 17:40:00,19.05
2023-04-03 18:50:00,18.56
2023-04-03 20:00:00,18.04
2023-04-03 21:10:00,17.61
2023-04-03 22:20:00,16.45
2023-04-03 23:30:00,16.37
2023-04-04 00:50:00,15.76
2023-04-04 02:00:00,15.02
2023-04-04 03:10:00,15.47
2023-04-04 04:20:00,15.63
2023-04-04 05:30:00,15.72
2023-04-04 06:40:00,15.3
2023-04-04 07:50:00,14.71
2023-04-04 09:00:00,14.58
2023-04-04 10:10:00,14.32
2023-04-04 11:20:00,14.45
2023-04-04 12:30:00,13.62
2023-04-04 13:40:00,13.45
2023-04-04 14:50:00,13.88
2023-04-04 16:00:00,14.33
2023-04-04 17:10:00,14.5
2023-04-04 18:20:00,14.45
2023-04-04 19:30:00,13.86
2023-04-04 20:40:00,14.14
2023-04-04 21:50:00,13.99
2023-04-04 23:00:00,13.95
2023-04-05 00:20:00,13.78
2023-04-05 01:30:00,13.6
2023-04-05 02:40:00,13.65
2023-04-05 03:50:00,13.94
2023-04-05 05:00:00,14.12
2023-04-05 06:10:00,14.32
2023-04-05 07:20:00,14.38
2023-04-05 08:30:00,14.5
2023-04-05 09:40:00,14.58
2023-04-05 10:50:00,14.57
2023-04-05 12:00:00,14.52
2023-04-05 13:10:00,12.14
2023-04-05 14:20:00,11.11
2023-04-05 15:30:00,11.6
2023-04-05 16:40:00,12.13
2023-04-05 17:50:00,12.66
2023-04-05 19:00:00,12.87
2023-04-05 20:10:00,13.07
2023-04-05 21:20:00,12.85
2023-04-05 22:30:00,12.71
2023-04-05 23:40:00,12.35
2023-04-06 01:00:00,11.34
2023-04-06 02:10:00,11.06
2023-04-06 03:20:00,11.08
2023-04-06 04:30:00,11.08
2023-04-06 05:40:00,11.05
2023-04-06 06:50:00,10.92
2023-04-06 08:00:00,11.52
2023-04-06 09:10:00,12.24
2023-04-06 10:20:00,14.16
2023-04-06 11:30:00,16.33
2023-04-06 12:40:00,16.93
2023-04-06 13:50:00,17.33
2023-04-06 15:00:00,16.37
2023-04-06 16:10:00,17.37
2023-04-06 17:20:00,17.04
2023-04-06 18:30:00,16.8
2023-04-06 19:40:00,16.09
2023-04-06 20:50:00,15.04
2023-04-06 22:00:00,14.13
2023-04-06 23:10:00,13.19
2023-04-07 00:30:00,12.23
2023-04-07 01:40:00,11.78
2023-04-07 02:50:00,11.26
2023-04-07 04:00:00,10.84
2023-04-07 05:10:00,10.39
2023-04-07 06:20:00,10.1
2023-04-07 07:30:00,10.38
2023-04-07 08:40:00,10.92
2023-04-07 09:50:00,11.36
2023-04-07 11:00:00,11.99
2023-04-07 12:10:00,12.67
2023-04-07 13:20:00,13.46
2023-04-07 14:30:00,14.48
2023-04-07 15:40:00,15.37
2023-04-07 16:50:00,15.27
2023-04-07 18:00:00,15.44
2023-04-07 19:10:00,15.24
2023-04-07 20:20:00,14.4
2023-04-07 21:30:00,13.84
2023-04-07 22:40:00,13.4
2023-04-07 23:50:00,13.11
2023-04-08 01:10:00,12.61
2023-04-08 02:20:00,12.31
2023-04-08 03:30:00,12.18
2023-04-08 04:40:00,12.15
2023-04-08 05:50:00,11.91
2023-04-08 07:00:00,11.92
2023-04-08 08:10:00,12.14
2023-04-08 09:20:00,12.76
2023-04-08 10:30:00,13.3
2023-04-08 11:40:00,13.97
2023-04-08 12:50:00,15.04
2023-04-08 14:00:00,17.18
2023-04-08 15:10:00,18.27
2023-04-08 16:20:00,19.03
2023-04-08 17:30:00,19.45
2023-04-08 18:40:00,18.34
2023-04-08 19:50:00,16.37
2023-04-08 21:00:00,14.98
2023-04-08 22:10:00,13.85
2023-04-08 23:20:00,13.12
2023-04-09 00:40:00,12.4
2023-04-09 01:50:00,11.99
2023-04-09 03:00:00,11.89
2023-04-09 04:10:00,11.76
2023-04-09 05:20:00,11.8
2023-04-09 06:30:00,11.68
2023-04-09 07:40:00,12.1
2023-04-09 08:50:00,13.02
2023-04-09 10:00:00,14.94
2023-04-09 11:10:00,17.2
2023-04-09 12:20:00,20.18
2023-04-09 13:30:00,20.91
2023-04-09 14:40:00,21.9
2023-04-09 15:50:00,21.18
2023-04-09 17:00:00,20.8
2023-04-09 18:10:00,19.98
2023-04-09 19:20:00,19.35
2023-04-09 20:30:00,18.49
2023-04-09 21:40:00,17.74
2023-04-09 22:50:00,16.29
2023-04-10 00:10:00,15.28
2023-04-10 01:20:00,14.61
2023-04-10 02:30:00,14.63
2023-04-10 03:40:00,14.01
2023-04-10 04:50:00,13.6
2023-04-10 06:00:00,13.33
2023-04-10 07:10:00,13.35
2023-04-10 08:20:00,14.33
2023-04-10 09:30:00,16.01
2023-04-10 10:40:00,18.13
2023-04-10 11:50:00,19.08
2023-04-10 13:00:00,20.55
2023-04-10 14:10:00,22.63
2023-04-10 15:20:00,23.41
2023-04-10 16:30:00,23.16
2023-04-10 17:40:00,24.52
2023-04-10 18:50:00,21.46
2023-04-10 20:00:00,20.08
2023-04-10 21:10:00,18.36
2023-04-10 22:20:00,17.09
2023-04-10 23:30:00,16.3
2023-04-11 00:50:00,15.63
2023-04-11 02:00:00,15.18
2023-04-11 03:10:00,14.65
2023-04-11 04:20:00,14.43
2023-04-11 05:30:00,14.89
2023-04-11 06:40:00,14.35
2023-04-11 07:50:00,15.27
2023-04-11 09:00:00,15.96
2023-04-11 10:10:00,16.99
2023-04-11 11:20:00,19.51
2023-04-11 12:30:00,21.32
2023-04-11 13:40:00,24.01
2023-04-11 14:50:00,25.15
2023-04-11 16:00:00,26.73
2023-04-11 17:10:00,27.3
2023-04-11 18:20:00,25.21
2023-04-11 19:30:00,22.22
2023-04-11 20:40:00,21.27
2023-04-11 21:50:00,19.84
2023-04-11 23:00:00,18.67
2023-04-12 00:20:00,17.47
2023-04-12 01:30:00,16.56
2023-04-12 02:40:00,16.62
2023-04-12 03:50:00,15.95
2023-04-12 05:00:00,15.57
2023-04-12 06:10:00,15
2023-04-12 07:20:00,15.51
2023-04-12 08:30:00,15.74
2023-04-12 09:40:00,18.39
2023-04-12 10:50:00,19.2
2023-04-12 12:00:00,19.64
2023-04-12 13:10:00,17.26
2023-04-12 14:20:00,16.05
2023-04-12 15:30:00,16.06
2023-04-12 16:40:00,16.91
2023-04-12 17:50:00,16.71
2023-04-12 19:00:00,16.36
2023-04-12 20:10:00,15.94
2023-04-12 21:20:00,15.68
2023-04-12 22:30:00,14.47
2023-04-12 23:40:00,14
2023-04-13 01:00:00,14.19
2023-04-13 02:10:00,13.97
2023-04-13 03:20:00,13.85
2023-04-13 04:30:00,13.91
2023-04-13 05:40:00,14.15
2023-04-13 06:50:00,13.85
2023-04-13 08:00:00,14.35
2023-04-13 09:10:00,15.03
2023-04-13 10:20:00,16.05
2023-04-13 11:30:00,17.26
2023-04-13 12:40:00,16.28
2023-04-13 13:50:00,16.35
2023-04-13 15:00:00,16.58
2023-04-13 16:10:00,16.72
2023-04-13 17:20:00,17.23
2023-04-13 18:30:00,16.71
2023-04-13 19:40:00,16.61
2023-04-13 20:50:00,16.66
2023-04-13 22:00:00,16.11
2023-04-13 23:10:00,15.78
2023-04-14 00:30:00,15.48
2023-04-14 01:40:00,15.64
2023-04-14 02:50:00,15.31
2023-04-14 04:00:00,15.09
2023-04-14 05:10:00,15.08
2023-04-14 06:20:00,15.2
2023-04-14 07:30:00,15.38
2023-04-14 08:40:00,15.58
2023-04-14 09:50:00,15.74
2023-04-14 11:00:00,15.48
2023-04-14 12:10:00,15.76
2023-04-14 13:20:00,17.56
2023-04-14 14:30:00,18.92
2023-04-14 15:40:00,19.82
2023-04-14 16:50:00,20.25
2023-04-14 18:00:00,19.82
2023-04-14 19:10:00,18.63
2023-04-14 20:30:00,17.52
2023-04-14 21:40:00,16.16
2023-04-14 22:50:00,15.45
2023-04-15 00:10:00,14.83
2023-04-15 01:20:00,14.27
2023-04-15 02:30:00,13.58
2023-04-15 03:40:00,13.28
2023-04-15 04:50:00,13.05
2023-04-15 06:00:00,12.97
2023-04-15 07:10:00,12.98
2023-04-15 08:20:00,13.84
2023-04-15 09:30:00,15.08
2023-04-15 10:40:00,17.53
2023-04-15 11:50:00,20.99
2023-04-15 13:00:00,20.81
2023-04-15 14:10:00,21.78
2023-04-15 15:30:00,22.96
2023-04-15 16:40:00,23.51
2023-04-15 17:50:00,23.81
2023-04-15 19:00:00,22.87
2023-04-15 20:10:00,20.46
2023-04-15 21:20:00,19.09
2023-04-15 22:30:00,17.38
2023-04-15 23:40:00,16.92
2023-04-16 01:00:00,15.79
2023-04-16 02:10:00,15.24
2023-04-16 03:20:00,14.31
2023-04-16 04:30:00,13.9
2023-04-16 05:40:00,13.55
2023-04-16 06:50:00,13.41
2023-04-16 08:00:00,14.33
2023-04-16 09:10:00,15.73
2023-04-16 10:20:00,18.2
2023-04-16 11:30:00,21.23
2023-04-16 12:40:00,23.87
2023-04-16 13:50:00,25.58
2023-04-16 15:00:00,26.69
2023-04-16 16:10:00,27.95
2023-04-16 17:20:00,28.19
2023-04-16 18:30:00,25.72
2023-04-16 19:40:00,23.04
2023-04-16 20:50:00,20.91
2023-04-16 22:00:00,19.88
2023-04-16 23:10:00,18.76
2023-04-17 00:30:00,17.79
2023-04-17 01:40:00,17.39
2023-04-17 02:50:00,16.93
2023-04-17 04:00:00,16.51
2023-04-17 05:10:00,16.65
2023-04-17 06:20:00,16.21
2023-04-17 07:30:00,16.42
2023-04-17 08:40:00,17.26
2023-04-17 09:50:00,18.79
2023-04-17 11:00:00,20.74
2023-04-17 12:10:00,22.71
2023-04-17 13:20:00,24.95
2023-04-17 14:30:00,26.35
2023-04-17 15:40:00,27.13
2023-04-17 16:50:00,27.95
2023-04-17 18:00:00,27.17
2023-04-17 19:10:00,25.35
2023-04-17 20:20:00,24.48
2023-04-17 21:30:00,22.33
2023-04-17 22:40:00,21.51
2023-04-17 23:50:00,21
2023-04-18 01:10:00,21.16
2023-04-18 02:20:00,22.23
2023-04-18 03:30:00,21.62
2023-04-18 04:40:00,20.12
2023-04-18 05:50:00,19.19
2023-04-18 07:00:00,18.6
2023-04-18 08:10:00,18.48
2023-04-18 09:20:00,18.91
2023-04-18 10:30:00,19.33
2023-04-18 11:40:00,20.3
2023-04-18 12:50:00,19.49
2023-04-18 14:00:00,21.12
2023-04-18 15:10:00,21.13
2023-04-18 16:20:00,20.67
2023-04-18 17:30:00,19.33
2023-04-18 18:40:00,18.72
2023-04-18 19:50:00,18.24
2023-04-18 21:00:00,18.39
2023-04-18 22:10:00,17.75
2023-04-18 23:20:00,17.75
2023-04-19 00:40:00,17.55
2023-04-19 01:50:00,17.19
2023-04-19 03:00:00,17.21
2023-04-19 04:10:00,17.22
2023-04-19 05:20:00,17.06
2023-04-19 06:30:00,16.93
2023-04-19 07:40:00,17.56
2023-04-19 08:50:00,18.42
2023-04-19 10:30:00,21.21
2023-04-19 11:40:00,22.68
2023-04-19 12:50:00,24.62
2023-04-19 14:00:00,25.66
2023-04-19 15:10:00,26.79
2023-04-19 16:20:00,28
2023-04-19 17:30:00,24.93
2023-04-19 18:40:00,23.83
2023-04-19 19:50:00,23.35
2023-04-19 21:00:00,22.09
2023-04-19 22:10:00,21.08
2023-04-19 23:20:00,19.86
2023-04-20 00:40:00,19.63
2023-04-20 01:50:00,18.49
2023-04-20 03:00:00,17.37
2023-04-20 04:10:00,17.96
2023-04-20 05:20:00,17.84
2023-04-20 06:30:00,16.64
2023-04-20 07:40:00,16.8
2023-04-20 08:50:00,17.83
2023-04-20 10:00:00,19.98
2023-04-20 11:10:00,22.76
2023-04-20 12:20:00,24.36
2023-04-20 13:30:00,25.64
2023-04-20 14:40:00,26.84
2023-04-20 15:50:00,27.98
2023-04-20 17:00:00,25.48
2023-04-20 18:10:00,23.63
2023-04-20 19:20:00,22.37
2023-04-20 20:30:00,21.25
2023-04-20 21:40:00,20.53
2023-04-20 22:50:00,20.4
2023-04-21 00:10:00,19.81
2023-04-21 01:20:00,19.33
2023-04-21 02:30:00,18.17
2023-04-21 03:40:00,19.43
2023-04-21 04:50:00,19.49
2023-04-21 06:00:00,19.34
2023-04-21 07:10:00,19.72
2023-04-21 08:20:00,19.74
2023-04-21 09:30:00,19.74
