时间,湿度(%)
2023-01-01 01:10:00,52.29
2023-01-01 02:20:00,59.12
2023-01-01 03:30:00,60.95
2023-01-01 04:40:00,63.6
2023-01-01 05:50:00,62.77
2023-01-01 07:00:00,63.03
2023-01-01 08:10:00,60.64
2023-01-01 09:20:00,60.72
2023-01-01 10:30:00,56.99
2023-01-01 11:40:00,54.24
2023-01-01 12:50:00,52.49
2023-01-01 14:00:00,52.12
2023-01-01 15:10:00,52.69
2023-01-01 16:20:00,52.7
2023-01-01 17:30:00,52.52
2023-01-01 18:40:00,51.89
2023-01-01 19:50:00,51.19
2023-01-01 21:00:00,56.42
2023-01-01 22:10:00,56.18
2023-01-01 23:20:00,55.68
2023-01-02 00:40:00,53.36
2023-01-02 02:00:00,54.54
2023-01-02 03:10:00,57.5
2023-01-02 04:20:00,58.44
2023-01-02 05:30:00,59.66
2023-01-02 06:40:00,59.84
2023-01-02 07:50:00,59.28
2023-01-02 09:00:00,59.3
2023-01-02 10:10:00,57.11
2023-01-02 11:30:00,56.36
2023-01-02 12:40:00,54.35
2023-01-02 13:50:00,52.21
2023-01-02 15:00:00,54.15
2023-01-02 16:10:00,56.36
2023-01-02 17:20:00,55.45
2023-01-02 18:30:00,57.22
2023-01-02 19:40:00,57.65
2023-01-02 20:50:00,62.17
2023-01-02 22:00:00,62.8
2023-01-02 23:10:00,63.64
2023-01-03 00:30:00,63.18
2023-01-03 01:40:00,62.89
2023-01-03 02:50:00,62.85
2023-01-03 04:00:00,63.54
2023-01-03 05:10:00,62.94
2023-01-03 06:20:00,62.76
2023-01-03 07:30:00,61.98
2023-01-03 08:40:00,61.11
2023-01-03 09:50:00,60.75
2023-01-03 11:00:00,60.41
2023-01-03 12:10:00,58.25
2023-01-03 13:20:00,56.59
2023-01-03 14:30:00,56.11
2023-01-03 15:40:00,53.18
2023-01-03 16:50:00,54.53
2023-01-03 18:00:00,53.88
2023-01-03 19:10:00,53.03
2023-01-03 20:20:00,56.24
2023-01-03 21:30:00,58.38
2023-01-03 22:40:00,59.05
2023-01-03 23:50:00,59.99
2023-01-04 01:10:00,61.18
2023-01-04 02:20:00,61.91
2023-01-04 03:30:00,60.92
2023-01-04 04:40:00,61.91
2023-01-04 05:50:00,62.04
2023-01-04 07:00:00,61.77
2023-01-04 08:10:00,60.93
2023-01-04 09:20:00,60.74
2023-01-04 10:30:00,59.53
2023-01-04 11:40:00,59.22
2023-01-04 12:50:00,58.25
2023-01-04 14:00:00,54.29
2023-01-04 15:10:00,53.63
2023-01-04 16:20:00,53.76
2023-01-04 17:30:00,54
2023-01-04 18:40:00,54.15
2023-01-04 19:50:00,54.41
2023-01-04 21:00:00,56.86
2023-01-04 22:10:00,58.62
2023-01-04 23:20:00,58.82
2023-01-05 00:40:00,59.15
2023-01-05 01:50:00,60.64
2023-01-05 03:00:00,60.77
2023-01-05 04:10:00,61.3
2023-01-05 05:20:00,61.41
2023-01-05 06:30:00,61.87
2023-01-05 07:40:00,60.56
2023-01-05 08:50:00,60.44
2023-01-05 10:00:00,60.61
2023-01-05 11:10:00,59.53
2023-01-05 12:20:00,59.44
2023-01-05 13:30:00,58.8
2023-01-05 14:40:00,55.32
2023-01-05 15:50:00,52.1
2023-01-05 17:00:00,49.8
2023-01-05 18:10:00,51.22
2023-01-05 19:20:00,53.58
2023-01-05 20:30:00,56.25
2023-01-05 21:40:00,60.16
2023-01-05 22:50:00,61.72
2023-01-06 00:10:00,62.62
2023-01-06 01:20:00,61.19
2023-01-06 02:30:00,64.2
2023-01-06 03:40:00,65.32
2023-01-06 04:50:00,65.55
2023-01-06 06:00:00,64.78
2023-01-06 07:10:00,64.73
2023-01-06 08:20:00,64.51
2023-01-06 09:30:00,65.03
2023-01-06 10:40:00,64.06
2023-01-06 11:50:00,63.13
2023-01-06 13:00:00,61.73
2023-01-06 14:10:00,60.47
2023-01-06 15:20:00,60.1
2023-01-06 16:30:00,58.22
2023-01-06 17:40:00,57.92
2023-01-06 18:50:00,57.91
2023-01-06 20:00:00,60.1
2023-01-06 21:10:00,62.97
2023-01-06 22:20:00,64.4
2023-01-06 23:30:00,64.83
2023-01-07 00:50:00,65.24
2023-01-07 02:00:00,66.66
2023-01-07 03:10:00,66.78
2023-01-07 04:20:00,67.26
2023-01-07 05:30:00,67.3
2023-01-07 06:40:00,65.24
2023-01-07 07:50:00,62.51
2023-01-07 09:00:00,61.47
2023-01-07 10:10:00,59.86
2023-01-07 11:20:00,53.27
2023-01-07 12:30:00,47.28
2023-01-07 13:40:00,40.75
2023-01-07 14:50:00,35.88
2023-01-07 16:00:00,38.84
2023-01-07 17:20:00,47.31
2023-01-07 18:30:00,52.05
2023-01-07 19:40:00,55.85
2023-01-07 20:50:00,56.66
2023-01-07 22:00:00,59.89
2023-01-07 23:10:00,60.49
2023-01-08 00:30:00,62.96
2023-01-08 01:40:00,63.77
2023-01-08 02:50:00,64.98
2023-01-08 04:00:00,65.03
2023-01-08 05:10:00,65.44
2023-01-08 06:20:00,65.42
2023-01-08 07:30:00,65.53
2023-01-08 08:40:00,66.07
2023-01-08 09:50:00,65.97
2023-01-08 11:00:00,64.89
2023-01-08 12:10:00,62.83
2023-01-08 13:20:00,60.77
2023-01-08 14:30:00,59.11
2023-01-08 15:40:00,54.64
2023-01-08 16:50:00,57.27
2023-01-08 18:00:00,59.58
2023-01-08 19:10:00,60.95
2023-01-08 20:20:00,63.69
2023-01-08 21:30:00,64.23
2023-01-08 22:40:00,64.8
2023-01-08 23:50:00,64.95
2023-01-09 01:10:00,65.67
2023-01-09 02:20:00,66.54
2023-01-09 03:30:00,67.06
2023-01-09 04:40:00,66.96
2023-01-09 05:50:00,67.33
2023-01-09 07:00:00,67.01
2023-01-09 08:10:00,67.12
2023-01-09 09:20:00,66.3
2023-01-09 10:30:00,65.62
2023-01-09 11:40:00,64.3
2023-01-09 12:50:00,61.7
2023-01-09 14:00:00,59.15
2023-01-09 15:10:00,58.3
2023-01-09 16:20:00,59.76
2023-01-09 17:30:00,62.2
2023-01-09 18:40:00,63.83
2023-01-09 19:50:00,65.14
2023-01-09 21:00:00,66.13
2023-01-09 22:10:00,66.31
2023-01-09 23:20:00,66.58
2023-01-10 00:40:00,67.16
2023-01-10 01:50:00,67.67
2023-01-10 03:00:00,67.96
2023-01-10 04:10:00,68.44
2023-01-10 05:20:00,68.7
2023-01-10 06:30:00,68.73
2023-01-10 07:40:00,68.45
2023-01-10 08:50:00,68.06
2023-01-10 10:00:00,67.13
2023-01-10 11:10:00,65.32
2023-01-10 12:20:00,63.13
2023-01-10 13:30:00,59.55
2023-01-10 14:40:00,55.66
2023-01-10 15:50:00,58.72
2023-01-10 17:00:00,62.2
2023-01-10 18:10:00,63.94
2023-01-10 19:20:00,64.7
2023-01-10 20:30:00,65.54
2023-01-10 21:40:00,66.03
2023-01-10 22:50:00,66.31
2023-01-11 00:10:00,66.89
2023-01-11 01:20:00,67.78
2023-01-11 02:30:00,68.03
2023-01-11 03:40:00,68.18
2023-01-11 04:50:00,68.2
2023-01-11 06:00:00,67.75
2023-01-11 07:10:00,66.76
2023-01-11 08:20:00,65.72
2023-01-11 09:30:00,64.63
2023-01-11 10:40:00,63.62
2023-01-11 11:50:00,61.11
2023-01-11 13:00:00,57.06
2023-01-11 14:10:00,47.18
2023-01-11 15:20:00,41.32
2023-01-11 16:30:00,43.06
2023-01-11 17:40:00,45.71
2023-01-11 18:50:00,52.75
2023-01-11 20:00:00,56.47
2023-01-11 21:10:00,55.86
2023-01-11 22:20:00,59.74
2023-01-11 23:30:00,59.1
2023-01-12 00:50:00,59.53
2023-01-12 02:00:00,58.33
2023-01-12 03:10:00,58.21
2023-01-12 04:20:00,58.83
2023-01-12 05:30:00,59.9
2023-01-12 06:40:00,58.68
2023-01-12 07:50:00,58.57
2023-01-12 09:00:00,57.77
2023-01-12 10:10:00,56.75
2023-01-12 11:20:00,54.59
2023-01-12 12:30:00,56.06
2023-01-12 13:40:00,53.82
2023-01-12 14:50:00,51.96
2023-01-12 16:00:00,49.54
2023-01-12 17:10:00,51.43
2023-01-12 18:20:00,55.66
2023-01-12 19:30:00,58.62
2023-01-12 20:40:00,61.66
2023-01-12 21:50:00,62.66
2023-01-12 23:00:00,64.29
2023-01-13 00:20:00,64.06
2023-01-13 01:30:00,64.28
2023-01-13 02:40:00,65.46
2023-01-13 03:50:00,65.33
2023-01-13 05:00:00,65.68
2023-01-13 06:10:00,66.11
2023-01-13 07:20:00,65.74
2023-01-13 08:30:00,63.17
2023-01-13 09:40:00,63.38
2023-01-13 10:50:00,62.36
2023-01-13 12:00:00,61.88
2023-01-13 13:10:00,61.56
2023-01-13 14:20:00,59.16
2023-01-13 15:30:00,57.74
2023-01-13 16:40:00,56.97
2023-01-13 17:50:00,59.39
2023-01-13 19:00:00,60.97
2023-01-13 20:10:00,61.67
2023-01-13 21:20:00,62.84
2023-01-13 22:30:00,61.43
2023-01-13 23:40:00,65.98
2023-01-14 01:00:00,66.92
2023-01-14 02:10:00,67.91
2023-01-14 03:20:00,67.9
2023-01-14 04:30:00,68.22
2023-01-14 05:40:00,67.94
2023-01-14 06:50:00,67.46
2023-01-14 08:00:00,66.4
2023-01-14 09:10:00,60.83
2023-01-14 10:20:00,61.31
2023-01-14 11:30:00,61.87
2023-01-14 12:40:00,59.24
2023-01-14 13:50:00,61.3
2023-01-14 15:00:00,59.72
2023-01-14 16:10:00,59.72
2023-01-14 17:20:00,60.2
2023-01-14 18:30:00,60.39
2023-01-14 19:40:00,61.61
2023-01-14 20:50:00,60.34
2023-01-14 22:00:00,59.31
2023-01-14 23:10:00,57.34
2023-01-15 00:30:00,54.37
2023-01-15 01:40:00,53.67
2023-01-15 02:50:00,54.44
2023-01-15 04:00:00,54.79
2023-01-15 05:10:00,54.46
2023-01-15 06:20:00,54.39
2023-01-15 07:30:00,54.63
2023-01-15 08:40:00,54.03
2023-01-15 09:50:00,54.6
2023-01-15 11:00:00,59.49
2023-01-15 12:10:00,59.92
2023-01-15 13:20:00,59.48
2023-01-15 14:30:00,58.5
2023-01-15 15:40:00,59.93
2023-01-15 16:50:00,57.73
2023-01-15 18:00:00,57.42
2023-01-15 19:10:00,57.78
2023-01-15 20:20:00,56.96
2023-01-15 21:30:00,56.11
2023-01-15 22:40:00,56.1
2023-01-15 23:50:00,55.58
2023-01-16 01:10:00,57.39
2023-01-16 02:20:00,61.36
2023-01-16 03:30:00,58.95
2023-01-16 04:40:00,59.02
2023-01-16 05:50:00,59.57
2023-01-16 07:00:00,60.54
2023-01-16 08:10:00,60.74
2023-01-16 09:20:00,60.26
2023-01-16 10:30:00,62.22
2023-01-16 11:40:00,60.96
2023-01-16 12:50:00,59.73
2023-01-16 14:00:00,59.1
2023-01-16 15:10:00,60.51
2023-01-16 16:20:00,58.32
2023-01-16 17:30:00,57.14
2023-01-16 18:40:00,56.5
2023-01-16 19:50:00,56.5
2023-01-16 21:00:00,55.43
2023-01-16 22:10:00,55.97
2023-01-16 23:20:00,56.32
2023-01-17 00:40:00,57.53
2023-01-17 01:50:00,61.2
2023-01-17 03:00:00,60.25
2023-01-17 04:10:00,61.58
2023-01-17 05:20:00,60.91
2023-01-17 06:30:00,59.53
2023-01-17 07:40:00,58.97
2023-01-17 08:50:00,59.7
2023-01-17 10:00:00,58.9
2023-01-17 11:10:00,58.7
2023-01-17 12:20:00,60.73
2023-01-17 13:30:00,58.67
2023-01-17 14:40:00,57.17
2023-01-17 15:50:00,57.95
2023-01-17 17:00:00,56.43
2023-01-17 18:10:00,58.77
2023-01-17 19:20:00,59.39
2023-01-17 20:30:00,59.14
2023-01-17 21:40:00,61.57
2023-01-17 22:50:00,62.33
2023-01-18 00:10:00,60.95
2023-01-18 01:20:00,61.4
2023-01-18 02:30:00,60.47
2023-01-18 03:40:00,60.42
2023-01-18 04:50:00,60.64
2023-01-18 06:00:00,59.67
2023-01-18 07:10:00,60.84
2023-01-18 08:20:00,61
2023-01-18 09:30:00,60.8
2023-01-18 10:40:00,58.87
2023-01-18 11:50:00,56.36
2023-01-18 13:00:00,52.5
2023-01-18 14:10:00,50.88
2023-01-18 15:20:00,44.29
2023-01-18 16:30:00,44.63
2023-01-18 17:40:00,45.32
2023-01-18 18:50:00,47.39
2023-01-18 20:00:00,49.31
2023-01-18 21:10:00,52.09
2023-01-18 22:20:00,54.99
2023-01-18 23:30:00,57.71
2023-01-19 00:50:00,59.01
2023-01-19 02:00:00,59.66
2023-01-19 03:10:00,61.96
2023-01-19 04:20:00,63.78
2023-01-19 05:30:00,64.08
2023-01-19 06:40:00,63.85
2023-01-19 07:50:00,64.01
2023-01-19 09:00:00,62.67
2023-01-19 10:10:00,60.31
2023-01-19 11:20:00,55.89
2023-01-19 12:30:00,51.75
2023-01-19 13:40:00,44.59
2023-01-19 14:50:00,36.4
2023-01-19 16:00:00,34.74
2023-01-19 17:10:00,32.45
2023-01-19 18:20:00,40.27
2023-01-19 19:30:00,48.1
2023-01-19 20:40:00,52.81
2023-01-19 21:50:00,56.29
2023-01-19 23:00:00,58.51
2023-01-20 00:20:00,60.97
2023-01-20 01:30:00,62.6
2023-01-20 02:40:00,63.59
2023-01-20 03:50:00,62.91
2023-01-20 05:00:00,64.49
2023-01-20 06:10:00,64.59
2023-01-20 07:20:00,64.55
2023-01-20 08:30:00,62.86
2023-01-20 09:40:00,60.97
2023-01-20 10:50:00,58.33
2023-01-20 12:00:00,55.74
2023-01-20 13:10:00,55.53
2023-01-20 14:20:00,54.65
2023-01-20 15:30:00,56.11
2023-01-20 16:40:00,55.51
2023-01-20 17:50:00,55
2023-01-20 19:00:00,56.13
2023-01-20 20:10:00,56.91
2023-01-20 21:20:00,56.58
2023-01-20 22:30:00,57.14
2023-01-20 23:40:00,58.09
2023-01-21 01:00:00,60.42
2023-01-21 02:10:00,61.31
2023-01-21 03:20:00,60.46
2023-01-21 04:30:00,61.39
2023-01-21 05:40:00,60.44
2023-01-21 06:50:00,60.14
2023-01-21 08:00:00,60.84
2023-01-21 09:10:00,60.94
2023-01-21 10:20:00,60.03
2023-01-21 11:30:00,58.9
2023-01-21 12:40:00,56.13
2023-01-21 13:50:00,56.82
2023-01-21 15:00:00,55.64
2023-01-21 16:10:00,52.71
2023-01-21 17:20:00,44.38
2023-01-21 18:30:00,46.76
2023-01-21 19:40:00,44.9
2023-01-21 20:50:00,49.77
2023-01-21 22:00:00,53.44
2023-01-21 23:10:00,52.14
2023-01-22 00:30:00,54.33
2023-01-22 01:40:00,56.46
2023-01-22 02:50:00,55.64
2023-01-22 04:00:00,56.68
2023-01-22 05:10:00,59.41
2023-01-22 06:20:00,59.39
2023-01-22 07:30:00,58.51
2023-01-22 08:40:00,58.99
2023-01-22 09:50:00,58.59
2023-01-22 11:00:00,55.97
2023-01-22 12:10:00,53.54
2023-01-22 13:20:00,50.87
2023-01-22 14:30:00,47.76
2023-01-22 15:40:00,45.87
2023-01-22 16:50:00,43.37
2023-01-22 18:00:00,45.61
2023-01-22 19:10:00,45.89
2023-01-22 20:20:00,46.3
2023-01-22 21:30:00,50.48
2023-01-22 22:40:00,53.3
2023-01-22 23:50:00,55.22
2023-01-23 01:10:00,56
2023-01-23 02:20:00,56.09
2023-01-23 03:30:00,56.56
2023-01-23 04:40:00,57.98
2023-01-23 05:50:00,57.86
2023-01-23 07:00:00,57.71
2023-01-23 08:10:00,56.89
2023-01-23 09:20:00,58.04
2023-01-23 10:30:00,56.26
2023-01-23 11:40:00,56.51
2023-01-23 12:50:00,53.65
2023-01-23 14:00:00,48.06
2023-01-23 15:10:00,51.33
2023-01-23 16:20:00,51.08
2023-01-23 17:30:00,52.41
2023-01-23 18:40:00,53.12
2023-01-23 19:50:00,54.04
2023-01-23 21:00:00,55.68
2023-01-23 22:10:00,54.96
2023-01-23 23:20:00,56.47
2023-01-24 00:40:00,60.69
2023-01-24 01:50:00,57.4
2023-01-24 03:00:00,52.23
2023-01-24 04:10:00,56.17
2023-01-24 05:20:00,58.51
2023-01-24 06:30:00,60.02
2023-01-24 07:40:00,57.16
2023-01-24 08:50:00,56.25
2023-01-24 10:00:00,46.13
2023-01-24 11:10:00,34.59
2023-01-24 12:20:00,30.55
2023-01-24 13:30:00,29.59
2023-01-24 14:40:00,33.13
2023-01-24 15:50:00,37.81
2023-01-24 17:00:00,38.85
2023-01-24 18:10:00,43.21
2023-01-24 19:20:00,40.82
2023-01-24 20:30:00,45.15
2023-01-24 21:40:00,50.49
2023-01-24 22:50:00,53.74
2023-01-25 00:10:00,57.14
2023-01-25 01:20:00,58.63
2023-01-25 02:30:00,59.67
2023-01-25 03:40:00,61.02
2023-01-25 04:50:00,61.85
2023-01-25 06:00:00,59.97
2023-01-25 07:10:00,57.53
2023-01-25 08:20:00,54.57
2023-01-25 09:30:00,50.71
2023-01-25 10:40:00,48.36
2023-01-25 11:50:00,44.66
2023-01-25 13:00:00,40.87
2023-01-25 14:10:00,37.64
2023-01-25 15:20:00,34.69
2023-01-25 16:30:00,34.38
2023-01-25 17:40:00,33.65
2023-01-25 18:50:00,35.2
2023-01-25 20:00:00,43.32
2023-01-25 21:10:00,46.46
2023-01-25 22:20:00,49.27
2023-01-25 23:30:00,53.52
2023-01-26 00:50:00,54.85
2023-01-26 02:00:00,54.26
2023-01-26 03:10:00,56.19
2023-01-26 04:20:00,55.89
2023-01-26 05:30:00,55.5
2023-01-26 06:40:00,53.05
2023-01-26 07:50:00,53.67
2023-01-26 09:00:00,53.05
2023-01-26 10:10:00,52.1
2023-01-26 11:20:00,50.32
2023-01-26 12:30:00,49.13
2023-01-26 13:40:00,45.37
2023-01-26 14:50:00,44.27
2023-01-26 16:00:00,43.78
2023-01-26 17:10:00,42.98
2023-01-26 18:20:00,43.13
2023-01-26 19:30:00,42.8
2023-01-26 20:40:00,47.7
2023-01-26 21:50:00,49.7
2023-01-26 23:00:00,51.48
2023-01-27 00:20:00,52.76
2023-01-27 01:30:00,56.35
2023-01-27 02:40:00,58.73
2023-01-27 03:50:00,59.57
2023-01-27 05:00:00,60.84
2023-01-27 06:10:00,62.24
2023-01-27 07:20:00,62.59
2023-01-27 08:30:00,62.23
2023-01-27 09:40:00,59.87
2023-01-27 10:50:00,54.15
2023-01-27 12:00:00,50.59
2023-01-27 13:10:00,39.46
2023-01-27 14:20:00,21.93
2023-01-27 15:30:00,20.33
2023-01-27 16:40:00,21.56
2023-01-27 17:50:00,23.01
2023-01-27 19:00:00,33.88
2023-01-27 20:10:00,38.29
2023-01-27 21:20:00,41.11
2023-01-27 22:30:00,45.57
2023-01-27 23:40:00,44.49
2023-01-28 01:00:00,54.46
2023-01-28 02:10:00,55.19
2023-01-28 03:20:00,55.81
2023-01-28 04:30:00,57.29
2023-01-28 05:40:00,58.33
2023-01-28 06:50:00,60.57
2023-01-28 08:00:00,60.03
2023-01-28 09:10:00,56.9
2023-01-28 10:20:00,50.78
2023-01-28 11:30:00,36.45
2023-01-28 12:40:00,43.11
2023-01-28 13:50:00,34.49
2023-01-28 15:00:00,29.19
2023-01-28 16:10:00,26.02
2023-01-28 17:20:00,25.96
2023-01-28 18:30:00,29.85
2023-01-28 19:40:00,38.54
2023-01-28 20:50:00,40.82
2023-01-28 22:00:00,45.79
2023-01-28 23:10:00,46.44
2023-01-29 00:30:00,50.03
2023-01-29 01:40:00,52.03
2023-01-29 02:50:00,55.82
2023-01-29 04:00:00,56.06
2023-01-29 05:10:00,58.92
2023-01-29 06:20:00,59.44
2023-01-29 07:30:00,60.02
2023-01-29 08:40:00,59.64
2023-01-29 09:50:00,59.37
2023-01-29 11:00:00,53.35
2023-01-29 12:10:00,38.17
2023-01-29 13:20:00,38.79
2023-01-29 14:30:00,25.33
2023-01-29 15:40:00,26.81
2023-01-29 16:50:00,25.81
2023-01-29 18:00:00,29.75
2023-01-29 19:10:00,39.66
2023-01-29 20:20:00,45.71
2023-01-29 21:30:00,48.62
2023-01-29 22:40:00,51.7
2023-01-29 23:50:00,54.79
2023-01-30 01:20:00,56.33
2023-01-30 02:30:00,57.91
2023-01-30 03:40:00,57.61
2023-01-30 04:50:00,57.76
2023-01-30 06:00:00,59.58
2023-01-30 07:10:00,61.11
2023-01-30 08:20:00,59.63
2023-01-30 09:30:00,57.28
2023-01-30 10:40:00,50.04
2023-01-30 11:50:00,39.17
2023-01-30 13:00:00,32.95
2023-01-30 14:10:00,27.7
2023-01-30 15:20:00,23.81
2023-01-30 16:30:00,22.09
2023-01-30 17:40:00,24
2023-01-30 18:50:00,29.13
2023-01-30 20:00:00,38.89
2023-01-30 21:10:00,42.48
2023-01-30 22:20:00,47.52
2023-01-30 23:30:00,51.53
2023-01-31 00:50:00,51.33
2023-01-31 02:00:00,52.53
2023-01-31 03:10:00,54.13
2023-01-31 04:20:00,54.73
2023-01-31 05:30:00,55.84
2023-01-31 06:40:00,57.44
2023-01-31 07:50:00,58.07
2023-01-31 09:00:00,55.96
2023-01-31 10:10:00,49.55
2023-01-31 11:20:00,47.71
2023-01-31 12:30:00,36.61
2023-01-31 13:40:00,32.4
2023-01-31 14:50:00,27.63
2023-01-31 16:00:00,27.09
2023-01-31 17:10:00,27.5
2023-01-31 18:20:00,34.7
2023-01-31 19:30:00,41.16
2023-01-31 20:40:00,47.08
2023-01-31 21:50:00,47.24
2023-01-31 23:00:00,53.45
2023-02-01 00:20:00,57.03
2023-02-01 01:30:00,58.19
2023-02-01 02:40:00,57.53
2023-02-01 03:50:00,58.72
2023-02-01 05:00:00,58.23
2023-02-01 06:10:00,59.18
2023-02-01 07:20:00,59.63
2023-02-01 08:30:00,58.22
2023-02-01 09:40:00,56.45
2023-02-01 10:50:00,55.23
2023-02-01 12:00:00,57.69
2023-02-01 13:10:00,53.49
2023-02-01 14:20:00,48.46
2023-02-01 15:30:00,47.81
2023-02-01 16:40:00,48.4
2023-02-01 17:50:00,50.21
2023-02-01 19:00:00,53.94
2023-02-01 20:10:00,53.12
2023-02-01 21:20:00,44.78
2023-02-01 22:30:00,34.91
2023-02-01 23:40:00,33.99
2023-02-02 01:00:00,29.82
2023-02-02 02:10:00,28.55
2023-02-02 03:20:00,27.39
2023-02-02 04:30:00,33.57
2023-02-02 05:40:00,33.66
2023-02-02 06:50:00,33.11
2023-02-02 08:00:00,35.69
2023-02-02 09:10:00,38.69
2023-02-02 10:20:00,35.76
2023-02-02 11:30:00,40.52
2023-02-02 12:40:00,37.97
2023-02-02 13:50:00,41.3
2023-02-02 15:00:00,40.36
2023-02-02 16:10:00,41.63
2023-02-02 17:20:00,40.94
2023-02-02 18:30:00,42.31
2023-02-02 19:40:00,41.34
2023-02-02 20:50:00,49.22
2023-02-02 22:00:00,49.77
2023-02-02 23:10:00,52.07
2023-02-03 00:30:00,54.33
2023-02-03 01:40:00,55.49
2023-02-03 02:50:00,54.7
2023-02-03 04:00:00,51.06
2023-02-03 05:10:00,47.07
2023-02-03 06:20:00,49.69
2023-02-03 07:30:00,47.89
2023-02-03 08:40:00,51.21
2023-02-03 09:50:00,51.48
2023-02-03 11:00:00,44.93
2023-02-03 12:10:00,43.19
2023-02-03 13:20:00,38.24
2023-02-03 14:30:00,35.68
2023-02-03 15:40:00,33.91
2023-02-03 16:50:00,34.88
2023-02-03 18:00:00,36.73
2023-02-03 19:10:00,43.65
2023-02-03 20:20:00,49.82
2023-02-03 21:30:00,53.89
2023-02-03 22:40:00,56.01
2023-02-03 23:50:00,57.77
2023-02-04 01:10:00,58.04
2023-02-04 02:20:00,57.78
2023-02-04 03:30:00,52.45
2023-02-04 04:40:00,55.36
2023-02-04 05:50:00,56.25
2023-02-04 07:00:00,56.98
2023-02-04 08:10:00,57.36
2023-02-04 09:20:00,57.57
2023-02-04 10:30:00,56.43
2023-02-04 11:40:00,56.77
2023-02-04 12:50:00,57.46
2023-02-04 14:00:00,57.55
2023-02-04 15:10:00,50.77
2023-02-04 16:20:00,46.19
2023-02-04 17:30:00,47.89
2023-02-04 18:40:00,48.87
2023-02-04 19:50:00,52.32
2023-02-04 21:00:00,54.75
2023-02-04 22:10:00,54.17
2023-02-04 23:20:00,57.47
2023-02-05 00:40:00,58.83
2023-02-05 01:50:00,57.9
2023-02-05 03:00:00,56.97
2023-02-05 04:10:00,56.36
2023-02-05 05:20:00,56.08
2023-02-05 06:30:00,58.57
2023-02-05 07:40:00,60.43
2023-02-05 08:50:00,58.35
2023-02-05 10:00:00,56.2
2023-02-05 11:10:00,53.2
2023-02-05 12:20:00,48.55
2023-02-05 13:30:00,43.85
2023-02-05 14:40:00,43.95
2023-02-05 15:50:00,39.7
2023-02-05 17:00:00,38.07
2023-02-05 18:10:00,42.61
2023-02-05 19:20:00,47.59
2023-02-05 20:30:00,53.41
2023-02-05 21:40:00,56.67
2023-02-05 22:50:00,58.01
2023-02-06 00:10:00,60.24
2023-02-06 01:30:00,61.74
2023-02-06 02:40:00,62
2023-02-06 03:50:00,62.67
2023-02-06 05:00:00,62.69
2023-02-06 06:10:00,63.35
2023-02-06 07:20:00,63.77
2023-02-06 08:30:00,62.93
2023-02-06 09:40:00,59.81
2023-02-06 10:50:00,52.55
2023-02-06 12:00:00,41.99
2023-02-06 13:10:00,44.51
2023-02-06 14:20:00,43
2023-02-06 15:30:00,40.56
2023-02-06 16:40:00,39.1
2023-02-06 17:50:00,39.96
2023-02-06 19:00:00,46.31
2023-02-06 20:10:00,52.76
2023-02-06 21:20:00,53.37
2023-02-06 22:30:00,56.39
2023-02-06 23:40:00,59.46
2023-02-07 01:00:00,61.49
2023-02-07 02:10:00,62.27
2023-02-07 03:20:00,63.59
2023-02-07 04:30:00,63.18
2023-02-07 05:40:00,63.66
2023-02-07 06:50:00,61.51
2023-02-07 08:00:00,62.61
2023-02-07 09:10:00,61.18
2023-02-07 10:20:00,59.91
2023-02-07 11:30:00,57.73
2023-02-07 12:40:00,53.13
2023-02-07 13:50:00,48.81
2023-02-07 15:00:00,53.39
2023-02-07 16:10:00,53.6
2023-02-07 17:20:00,53.04
2023-02-07 18:30:00,53.46
2023-02-07 19:40:00,56.28
2023-02-07 20:50:00,58.63
2023-02-07 22:00:00,59.78
2023-02-07 23:10:00,59.03
2023-02-08 00:30:00,61.79
2023-02-08 01:40:00,62.23
2023-02-08 02:50:00,62.61
2023-02-08 04:00:00,63.85
2023-02-08 05:10:00,64.08
2023-02-08 06:20:00,64.45
2023-02-08 07:30:00,64.47
2023-02-08 08:40:00,62.17
2023-02-08 09:50:00,62.42
2023-02-08 11:00:00,60.16
2023-02-08 12:10:00,50.31
2023-02-08 13:20:00,47.23
2023-02-08 14:30:00,46.07
2023-02-08 15:40:00,45.21
2023-02-08 16:50:00,44.72
2023-02-08 18:00:00,44.52
2023-02-08 19:10:00,44.46
2023-02-08 20:20:00,44.17
2023-02-08 21:30:00,43.58
2023-02-08 22:40:00,45.29
2023-02-08 23:50:00,49.32
2023-02-09 01:10:00,47.14
2023-02-09 02:20:00,49.76
2023-02-09 03:30:00,49.98
2023-02-09 04:40:00,56.68
2023-02-09 05:50:00,57.46
2023-02-09 07:00:00,61.21
2023-02-09 08:10:00,61.56
2023-02-09 09:20:00,59.98
2023-02-09 10:30:00,56.56
2023-02-09 11:40:00,57.16
2023-02-09 12:50:00,59.46
2023-02-09 14:00:00,61.83
2023-02-09 15:10:00,52.04
2023-02-09 16:20:00,48.07
2023-02-09 17:30:00,49.37
2023-02-09 18:40:00,52.44
2023-02-09 19:50:00,55.08
2023-02-09 21:00:00,57.24
2023-02-09 22:10:00,59.58
2023-02-09 23:20:00,59.85
2023-02-10 00:40:00,61.7
2023-02-10 01:50:00,62.7
2023-02-10 03:00:00,62.21
2023-02-10 04:10:00,63.82
2023-02-10 05:20:00,62.53
2023-02-10 06:30:00,62.58
2023-02-10 07:40:00,63.09
2023-02-10 08:50:00,62.19
2023-02-10 10:00:00,62.31
2023-02-10 11:10:00,58.29
2023-02-10 12:20:00,51.29
2023-02-10 13:30:00,49.02
2023-02-10 14:40:00,43.11
2023-02-10 15:50:00,40.77
2023-02-10 17:00:00,40.35
2023-02-10 18:10:00,40.17
2023-02-10 19:20:00,40.95
2023-02-10 20:30:00,42.38
2023-02-10 21:40:00,45.67
2023-02-10 22:50:00,47.53
2023-02-11 00:10:00,49.06
2023-02-11 01:20:00,48.89
2023-02-11 02:30:00,51.69
2023-02-11 03:40:00,54.74
2023-02-11 04:50:00,53.12
2023-02-11 06:00:00,51.84
2023-02-11 07:10:00,50.36
2023-02-11 08:20:00,51.96
2023-02-11 09:30:00,52.19
2023-02-11 10:40:00,50.37
2023-02-11 11:50:00,46.34
2023-02-11 13:00:00,44.19
2023-02-11 14:10:00,41.84
2023-02-11 15:20:00,40.33
2023-02-11 16:30:00,39.96
2023-02-11 17:40:00,40.17
2023-02-11 18:50:00,41.31
2023-02-11 20:00:00,42.19
2023-02-11 21:10:00,44.99
2023-02-11 22:20:00,47.09
2023-02-11 23:30:00,49.39
2023-02-12 00:50:00,49.75
2023-02-12 02:00:00,47.76
2023-02-12 03:10:00,46.97
2023-02-12 04:20:00,50.84
2023-02-12 05:30:00,52.36
2023-02-12 06:40:00,55.79
2023-02-12 07:50:00,55.7
2023-02-12 09:00:00,56.7
2023-02-12 10:10:00,55.25
2023-02-12 11:20:00,54.86
2023-02-12 12:30:00,50.67
2023-02-12 13:40:00,50.6
2023-02-12 14:50:00,63.08
2023-02-12 16:00:00,63.94
2023-02-12 17:10:00,64.89
2023-02-12 18:20:00,65.39
2023-02-12 19:30:00,65.43
2023-02-12 20:40:00,62.56
2023-02-12 21:50:00,57.8
2023-02-12 23:00:00,53.47
2023-02-13 00:20:00,51.55
2023-02-13 01:30:00,53.9
2023-02-13 02:40:00,48.93
2023-02-13 03:50:00,47.87
2023-02-13 05:00:00,50.16
2023-02-13 06:10:00,47.62
2023-02-13 07:20:00,46.22
2023-02-13 08:30:00,50.37
2023-02-13 09:40:00,44.78
2023-02-13 10:50:00,42.81
2023-02-13 12:00:00,42.28
2023-02-13 13:10:00,43.31
2023-02-13 14:20:00,44.22
2023-02-13 15:30:00,46.88
2023-02-13 16:40:00,50.71
2023-02-13 17:50:00,53.07
2023-02-13 19:00:00,56.14
2023-02-13 20:10:00,57.45
2023-02-13 21:20:00,57.81
2023-02-13 22:30:00,61.77
2023-02-13 23:40:00,61.55
2023-02-14 01:00:00,62.89
2023-02-14 02:10:00,61.34
2023-02-14 03:20:00,60.86
2023-02-14 04:30:00,63.26
2023-02-14 05:40:00,64.35
2023-02-14 06:50:00,64.06
2023-02-14 08:00:00,60.99
2023-02-14 09:10:00,58.54
2023-02-14 10:20:00,57.3
2023-02-14 11:30:00,57.92
2023-02-14 12:40:00,59.2
2023-02-14 13:50:00,57.68
2023-02-14 15:00:00,58.19
2023-02-14 16:10:00,56.24
2023-02-14 17:20:00,54.85
2023-02-14 18:30:00,53.96
2023-02-14 19:40:00,54.68
2023-02-14 20:50:00,58.11
2023-02-14 22:00:00,57.92
2023-02-14 23:10:00,59.31
2023-02-15 00:30:00,61.18
2023-02-15 01:40:00,60.98
2023-02-15 02:50:00,60.85
2023-02-15 04:00:00,60.58
2023-02-15 05:10:00,58.41
2023-02-15 06:20:00,59.5
2023-02-15 07:30:00,59.05
2023-02-15 08:40:00,57.09
2023-02-15 09:50:00,52.81
2023-02-15 11:00:00,51.06
2023-02-15 12:10:00,49.76
2023-02-15 13:20:00,46.43
2023-02-15 14:30:00,43.33
2023-02-15 15:40:00,42.11
2023-02-15 16:50:00,41.82
2023-02-15 18:00:00,42.04
2023-02-15 19:10:00,43.04
2023-02-15 20:20:00,42.67
2023-02-15 21:30:00,47.86
2023-02-15 22:40:00,52.67
2023-02-15 23:50:00,53.97
2023-02-16 01:10:00,55.42
2023-02-16 02:20:00,55.97
2023-02-16 03:30:00,55.79
2023-02-16 04:40:00,56.04
2023-02-16 05:50:00,58.21
2023-02-16 07:00:00,56.8
2023-02-16 08:10:00,58.1
2023-02-16 09:20:00,57.51
2023-02-16 10:30:00,56.9
2023-02-16 11:40:00,55.32
2023-02-16 12:50:00,56.33
2023-02-16 14:00:00,59.49
2023-02-16 15:10:00,53.54
2023-02-16 16:20:00,49.85
2023-02-16 17:30:00,49.68
2023-02-16 18:40:00,51.35
2023-02-16 19:50:00,54.8
2023-02-16 21:00:00,56.8
2023-02-16 22:10:00,60.37
2023-02-16 23:20:00,62.25
2023-02-17 00:40:00,63.4
2023-02-17 01:50:00,64.63
2023-02-17 03:00:00,64.02
2023-02-17 04:10:00,64.03
2023-02-17 05:20:00,64
2023-02-17 06:30:00,63.01
2023-02-17 07:40:00,61.65
2023-02-17 08:50:00,60.82
2023-02-17 10:00:00,59.82
2023-02-17 11:10:00,58.8
2023-02-17 12:20:00,56.13
2023-02-17 13:30:00,50.88
2023-02-17 14:40:00,47.16
2023-02-17 15:50:00,46.24
2023-02-17 17:00:00,46.52
2023-02-17 18:10:00,44.65
2023-02-17 19:20:00,46.62
2023-02-17 20:30:00,49.32
2023-02-17 21:40:00,50.66
2023-02-17 22:50:00,51.46
2023-02-18 00:10:00,54
2023-02-18 01:20:00,54.92
2023-02-18 02:30:00,56.2
2023-02-18 03:40:00,56.38
2023-02-18 04:50:00,57.6
2023-02-18 06:00:00,57.02
2023-02-18 07:10:00,57.26
2023-02-18 08:20:00,55.32
2023-02-18 09:30:00,55.39
2023-02-18 10:40:00,55.61
2023-02-18 11:50:00,54.95
2023-02-18 13:00:00,54.19
2023-02-18 14:10:00,52.57
2023-02-18 15:20:00,58.6
2023-02-18 16:30:00,58.78
2023-02-18 17:40:00,60.15
2023-02-18 18:50:00,60.58
2023-02-18 20:00:00,60.31
2023-02-18 21:10:00,60.37
2023-02-18 22:20:00,61.66
2023-02-18 23:30:00,61.95
2023-02-19 00:50:00,62.26
2023-02-19 02:00:00,62.72
2023-02-19 03:10:00,63.18
2023-02-19 04:20:00,63.47
2023-02-19 05:30:00,63.61
2023-02-19 06:40:00,63.48
2023-02-19 07:50:00,62.83
2023-02-19 09:00:00,62.1
2023-02-19 10:10:00,62.87
2023-02-19 11:20:00,62.06
2023-02-19 12:30:00,64.62
2023-02-19 13:40:00,62.4
2023-02-19 14:50:00,55.6
2023-02-19 16:00:00,54.73
2023-02-19 17:10:00,52.38
2023-02-19 18:20:00,53.61
2023-02-19 19:30:00,56.35
2023-02-19 20:40:00,58.63
2023-02-19 21:50:00,58.43
2023-02-19 23:00:00,60.13
2023-02-20 00:20:00,61.72
2023-02-20 01:30:00,62.73
2023-02-20 02:40:00,62.93
2023-02-20 03:50:00,63.12
2023-02-20 05:00:00,63.29
2023-02-20 06:10:00,63
2023-02-20 07:20:00,63.03
2023-02-20 08:30:00,61.76
2023-02-20 09:40:00,61.89
2023-02-20 10:50:00,64.26
2023-02-20 12:00:00,63.76
2023-02-20 13:10:00,62.3
2023-02-20 14:20:00,61.63
2023-02-20 15:30:00,61.15
2023-02-20 16:40:00,60.71
2023-02-20 17:50:00,57.57
2023-02-20 19:00:00,53.05
2023-02-20 20:10:00,54.76
2023-02-20 21:20:00,53
2023-02-20 22:30:00,57.03
2023-02-20 23:40:00,59.46
2023-02-21 01:00:00,56.51
2023-02-21 02:10:00,53.75
2023-02-21 03:20:00,52.41
2023-02-21 04:30:00,54.14
2023-02-21 05:40:00,54.68
2023-02-21 06:50:00,57.83
2023-02-21 08:00:00,58.89
2023-02-21 09:10:00,58.13
2023-02-21 10:20:00,56.79
2023-02-21 11:30:00,55.45
2023-02-21 12:40:00,54.07
2023-02-21 14:00:00,52.22
2023-02-21 15:10:00,50.83
2023-02-21 16:20:00,50.21
2023-02-21 17:30:00,50.52
2023-02-21 18:40:00,50.77
2023-02-21 19:50:00,49.53
2023-02-21 21:00:00,52.39
2023-02-21 22:10:00,55.04
2023-02-21 23:20:00,60.08
2023-02-22 00:40:00,63.22
2023-02-22 01:50:00,63.47
2023-02-22 03:00:00,61.9
2023-02-22 04:10:00,58.55
2023-02-22 05:20:00,57.74
2023-02-22 06:30:00,60.25
2023-02-22 07:40:00,59.71
2023-02-22 08:50:00,57.59
2023-02-22 10:00:00,56.28
2023-02-22 11:10:00,54
2023-02-22 12:20:00,51.94
2023-02-22 13:30:00,49.22
2023-02-22 14:40:00,42.25
2023-02-22 15:50:00,44.86
2023-02-22 17:00:00,48.86
2023-02-22 18:10:00,50.2
2023-02-22 19:20:00,50.33
2023-02-22 20:30:00,51.69
2023-02-22 21:40:00,52.34
2023-02-22 22:50:00,55.8
2023-02-23 00:10:00,57.38
2023-02-23 01:20:00,61.12
2023-02-23 02:30:00,62.73
2023-02-23 03:40:00,65.04
2023-02-23 04:50:00,64.31
2023-02-23 06:00:00,65.5
2023-02-23 07:10:00,61.34
2023-02-23 08:20:00,60.93
2023-02-23 09:30:00,59.33
2023-02-23 10:40:00,58.19
2023-02-23 11:50:00,54.37
2023-02-23 13:00:00,52.67
2023-02-23 14:10:00,45.4
2023-02-23 15:20:00,50.97
2023-02-23 16:30:00,51.59
2023-02-23 17:40:00,51.62
2023-02-23 18:50:00,53.11
2023-02-23 20:00:00,55.29
2023-02-23 21:10:00,55.73
2023-02-23 22:20:00,56.83
2023-02-23 23:30:00,56.61
2023-02-24 00:50:00,58.86
2023-02-24 02:00:00,60.06
2023-02-24 03:10:00,61.27
2023-02-24 04:20:00,61.43
2023-02-24 05:30:00,61.78
2023-02-24 06:40:00,62.04
2023-02-24 07:50:00,61.73
2023-02-24 09:00:00,59.5
2023-02-24 10:10:00,55.1
2023-02-24 11:20:00,46.5
2023-02-24 12:30:00,33.15
2023-02-24 13:40:00,35.59
2023-02-24 14:50:00,33.27
2023-02-24 16:00:00,30.11
2023-02-24 17:10:00,28.82
2023-02-24 18:20:00,32.75
2023-02-24 19:30:00,43.71
2023-02-24 20:40:00,49.19
2023-02-24 21:50:00,49.6
2023-02-24 23:00:00,57.34
2023-02-25 00:20:00,59.67
2023-02-25 01:30:00,61.72
2023-02-25 02:40:00,63.01
2023-02-25 03:50:00,64.22
2023-02-25 05:00:00,64.72
2023-02-25 06:10:00,64.79
2023-02-25 07:20:00,64.74
2023-02-25 08:30:00,63.92
2023-02-25 09:40:00,61.82
2023-02-25 10:50:00,56.54
2023-02-25 12:00:00,48.31
2023-02-25 13:10:00,43.39
2023-02-25 14:20:00,34.16
2023-02-25 15:30:00,34.1
2023-02-25 16:40:00,31.24
2023-02-25 17:50:00,32
2023-02-25 19:00:00,40.26
2023-02-25 20:10:00,42.95
2023-02-25 21:20:00,46.17
2023-02-25 22:30:00,50.88
2023-02-25 23:40:00,53.68
2023-02-26 01:00:00,56.45
2023-02-26 02:10:00,58.71
2023-02-26 03:20:00,59.17
2023-02-26 04:30:00,60.97
2023-02-26 05:40:00,60.97
2023-02-26 06:50:00,61.4
2023-02-26 08:00:00,60.53
2023-02-26 09:10:00,58.84
2023-02-26 10:20:00,51.67
2023-02-26 11:30:00,38.74
2023-02-26 12:40:00,29.86
2023-02-26 13:50:00,29.74
2023-02-26 15:00:00,27.81
2023-02-26 16:10:00,24.96
2023-02-26 17:20:00,23.84
2023-02-26 18:30:00,26.88
2023-02-26 19:40:00,34.37
2023-02-26 20:50:00,39.63
2023-02-26 22:00:00,46.03
2023-02-26 23:10:00,49.99
2023-02-27 00:30:00,51.8
2023-02-27 01:50:00,55.34
2023-02-27 03:00:00,54.86
2023-02-27 04:10:00,55.4
2023-02-27 05:20:00,56.17
2023-02-27 06:30:00,55.66
2023-02-27 07:40:00,56.49
2023-02-27 08:50:00,54.57
2023-02-27 10:00:00,46.71
2023-02-27 11:10:00,36.74
2023-02-27 12:20:00,33.25
2023-02-27 13:30:00,29.94
2023-02-27 14:40:00,28.36
2023-02-27 15:50:00,26.97
2023-02-27 17:00:00,26.74
2023-02-27 18:10:00,28.54
2023-02-27 19:20:00,31.5
2023-02-27 20:30:00,37.29
2023-02-27 21:40:00,39.36
2023-02-27 22:50:00,43.53
2023-02-28 00:10:00,42.37
2023-02-28 01:20:00,48.84
2023-02-28 02:30:00,49.06
2023-02-28 03:40:00,51.38
2023-02-28 04:50:00,58.15
2023-02-28 06:00:00,57.21
2023-02-28 07:10:00,58.58
2023-02-28 08:20:00,61.02
2023-02-28 09:30:00,59.17
2023-02-28 10:40:00,59.19
2023-02-28 11:50:00,54.25
2023-02-28 13:00:00,48.6
2023-02-28 14:10:00,45.41
2023-02-28 15:20:00,47.9
2023-02-28 16:30:00,46.52
2023-02-28 17:40:00,48.56
2023-02-28 18:50:00,50.04
2023-02-28 20:00:00,49.65
2023-02-28 21:10:00,52.9
2023-02-28 22:20:00,55.13
2023-02-28 23:30:00,55.56
2023-03-01 00:50:00,59.98
2023-03-01 02:00:00,57.15
2023-03-01 03:10:00,58.95
2023-03-01 04:20:00,61.61
2023-03-01 05:30:00,62.07
2023-03-01 06:40:00,62.91
2023-03-01 07:50:00,63.55
2023-03-01 09:00:00,64.72
2023-03-01 10:10:00,63.05
2023-03-01 11:20:00,62.82
2023-03-01 12:30:00,63.58
2023-03-01 13:40:00,62.11
2023-03-01 14:50:00,61.08
2023-03-01 16:00:00,59.09
2023-03-01 17:10:00,59.05
2023-03-01 18:20:00,60.23
2023-03-01 19:30:00,63.18
2023-03-01 20:40:00,61.35
2023-03-01 21:50:00,63.96
2023-03-01 23:00:00,64.99
2023-03-02 00:20:00,65.61
2023-03-02 01:30:00,65.76
2023-03-02 02:40:00,65.83
2023-03-02 03:50:00,66.25
2023-03-02 05:00:00,65.39
2023-03-02 06:10:00,65.35
2023-03-02 07:20:00,65.06
2023-03-02 08:30:00,64.07
2023-03-02 09:40:00,63.31
2023-03-02 10:50:00,61.08
2023-03-02 12:00:00,56.56
2023-03-02 13:10:00,54.1
2023-03-02 14:20:00,51.96
2023-03-02 15:30:00,49.57
2023-03-02 16:40:00,49.64
2023-03-02 17:50:00,47.95
2023-03-02 19:00:00,47.82
2023-03-02 20:10:00,51.68
2023-03-02 21:20:00,53.98
2023-03-02 22:30:00,57.63
2023-03-02 23:40:00,58.95
2023-03-03 01:00:00,61.1
2023-03-03 02:10:00,62.01
2023-03-03 03:20:00,62.62
2023-03-03 04:30:00,62.95
2023-03-03 05:40:00,63.04
2023-03-03 06:50:00,63.54
2023-03-03 08:00:00,62.52
2023-03-03 09:10:00,62.48
2023-03-03 10:20:00,62.08
2023-03-03 11:30:00,54.64
2023-03-03 12:40:00,42.45
2023-03-03 13:50:00,39.73
2023-03-03 15:00:00,38.47
2023-03-03 16:10:00,35.94
2023-03-03 17:20:00,35.91
2023-03-03 18:30:00,36.91
2023-03-03 19:40:00,39.67
2023-03-03 20:50:00,46.71
2023-03-03 22:00:00,50.34
2023-03-03 23:10:00,55.74
2023-03-04 00:30:00,55.85
2023-03-04 01:40:00,59.36
2023-03-04 02:50:00,61.07
2023-03-04 04:00:00,63.61
2023-03-04 05:10:00,65.06
2023-03-04 06:20:00,65.05
2023-03-04 07:30:00,64.72
2023-03-04 08:40:00,62.25
2023-03-04 09:50:00,61.59
2023-03-04 11:00:00,52.51
2023-03-04 12:10:00,47.33
2023-03-04 13:20:00,37.29
2023-03-04 14:30:00,26.79
2023-03-04 15:40:00,26.08
2023-03-04 16:50:00,19.16
2023-03-04 18:00:00,21.11
2023-03-04 19:10:00,29.97
2023-03-04 20:20:00,38.93
2023-03-04 21:30:00,43.66
2023-03-04 22:40:00,51.82
2023-03-04 23:50:00,51.09
2023-03-05 01:10:00,56.3
2023-03-05 02:20:00,58.55
2023-03-05 03:30:00,58.57
2023-03-05 04:40:00,59.03
2023-03-05 05:50:00,58.75
2023-03-05 07:00:00,59.2
2023-03-05 08:10:00,58.84
2023-03-05 09:20:00,55.06
2023-03-05 10:30:00,43.14
2023-03-05 11:40:00,34.44
2023-03-05 12:50:00,29.44
2023-03-05 14:00:00,23.67
2023-03-05 15:10:00,18.44
2023-03-05 16:20:00,18.54
2023-03-05 17:30:00,21.45
2023-03-05 18:40:00,27.04
2023-03-05 19:50:00,32.35
2023-03-05 21:00:00,37.62
2023-03-05 22:10:00,42.76
2023-03-05 23:20:00,46.96
2023-03-06 00:40:00,48.74
2023-03-06 02:00:00,49.95
2023-03-06 03:10:00,47.41
2023-03-06 04:20:00,52.8
2023-03-06 05:30:00,52.06
2023-03-06 06:40:00,53.16
2023-03-06 07:50:00,50.71
2023-03-06 09:00:00,48.99
2023-03-06 10:10:00,45.2
2023-03-06 11:20:00,44.21
2023-03-06 12:30:00,41.31
2023-03-06 13:40:00,51.57
2023-03-06 14:50:00,59.19
2023-03-06 16:00:00,64.26
2023-03-06 17:10:00,65.4
2023-03-06 18:20:00,64.71
2023-03-06 19:30:00,65.64
2023-03-06 20:40:00,63.75
2023-03-06 21:50:00,64.92
2023-03-06 23:00:00,65
2023-03-07 00:20:00,66.66
2023-03-07 01:30:00,65.89
2023-03-07 02:40:00,66.45
2023-03-07 03:50:00,65.91
2023-03-07 05:00:00,66.4
2023-03-07 06:10:00,66.1
2023-03-07 07:20:00,66.15
2023-03-07 08:30:00,65.17
2023-03-07 09:40:00,64.61
2023-03-07 10:50:00,64.13
2023-03-07 12:00:00,60.5
2023-03-07 13:10:00,57.38
2023-03-07 14:20:00,56.45
2023-03-07 15:30:00,51.92
2023-03-07 16:40:00,58.61
2023-03-07 17:50:00,60.26
2023-03-07 19:00:00,60.37
2023-03-07 20:10:00,62.23
2023-03-07 21:20:00,63.12
2023-03-07 22:30:00,63.7
2023-03-07 23:40:00,64.64
2023-03-08 01:00:00,64.78
2023-03-08 02:10:00,65.54
2023-03-08 03:20:00,66.23
2023-03-08 04:30:00,65.51
2023-03-08 05:40:00,65
2023-03-08 06:50:00,65.21
2023-03-08 08:00:00,64.18
2023-03-08 09:10:00,63.19
2023-03-08 10:20:00,59.86
2023-03-08 11:30:00,56.2
2023-03-08 12:40:00,52.23
2023-03-08 13:50:00,51
2023-03-08 15:00:00,51.34
2023-03-08 16:10:00,50.9
2023-03-08 17:20:00,51.6
2023-03-08 18:30:00,54.93
2023-03-08 19:40:00,53.26
2023-03-08 20:50:00,55.88
2023-03-08 22:00:00,60.54
2023-03-08 23:10:00,63.28
2023-03-09 00:30:00,65.06
2023-03-09 01:40:00,66.2
2023-03-09 02:50:00,65.8
2023-03-09 04:00:00,66
2023-03-09 05:10:00,66.07
2023-03-09 06:20:00,66.83
2023-03-09 07:30:00,66.51
2023-03-09 08:40:00,64.75
2023-03-09 09:50:00,60.51
2023-03-09 11:00:00,53.81
2023-03-09 12:10:00,43.55
2023-03-09 13:20:00,39.61
2023-03-09 14:30:00,37.39
2023-03-09 15:40:00,31.52
2023-03-09 16:50:00,32.29
2023-03-09 18:00:00,33.31
2023-03-09 19:10:00,37.71
2023-03-09 20:20:00,47.4
2023-03-09 21:30:00,50.27
2023-03-09 22:40:00,52.5
2023-03-09 23:50:00,55
2023-03-10 01:10:00,56.46
2023-03-10 02:20:00,59.61
2023-03-10 03:30:00,60.51
2023-03-10 04:40:00,60.92
2023-03-10 05:50:00,59.83
2023-03-10 07:00:00,59.93
2023-03-10 08:10:00,60.76
2023-03-10 09:20:00,62.64
2023-03-10 11:10:00,65.5
2023-03-10 12:20:00,63.14
2023-03-10 13:30:00,62.75
2023-03-10 14:40:00,57.54
2023-03-10 15:50:00,57.71
2023-03-10 17:00:00,53.96
2023-03-10 18:10:00,53.6
2023-03-10 19:20:00,57.62
2023-03-10 20:30:00,59.88
2023-03-10 21:40:00,61.34
2023-03-10 22:50:00,64
2023-03-11 00:10:00,65.57
2023-03-11 01:20:00,66.71
2023-03-11 02:30:00,65.84
2023-03-11 03:40:00,67.18
2023-03-11 04:50:00,67.6
2023-03-11 06:00:00,67.84
2023-03-11 07:10:00,67.52
2023-03-11 08:20:00,66.35
2023-03-11 09:30:00,63.76
2023-03-11 10:40:00,59.48
2023-03-11 11:50:00,57.15
2023-03-11 13:00:00,46.1
2023-03-11 14:10:00,42.18
2023-03-11 15:20:00,39.76
2023-03-11 16:30:00,39.86
2023-03-11 17:40:00,38.96
2023-03-11 18:50:00,45.11
2023-03-11 20:00:00,49
2023-03-11 21:10:00,53.8
2023-03-11 22:20:00,56.6
2023-03-11 23:30:00,52.4
2023-03-12 00:50:00,35.34
2023-03-12 02:00:00,41.01
2023-03-12 03:10:00,39.87
2023-03-12 04:20:00,39.93
2023-03-12 05:30:00,45.69
2023-03-12 06:40:00,54.18
2023-03-12 07:50:00,53.8
2023-03-12 09:00:00,54.18
2023-03-12 10:10:00,55.63
2023-03-12 11:20:00,50.92
2023-03-12 12:30:00,43.54
2023-03-12 13:40:00,41.61
2023-03-12 14:50:00,41.84
2023-03-12 16:00:00,37.73
2023-03-12 17:10:00,37.1
2023-03-12 18:20:00,38.22
2023-03-12 19:30:00,53.89
2023-03-12 20:40:00,57.78
2023-03-12 21:50:00,60.81
2023-03-12 23:00:00,61.1
2023-03-13 00:20:00,60.9
2023-03-13 01:30:00,57.07
2023-03-13 02:40:00,58.28
2023-03-13 03:50:00,60.64
2023-03-13 05:00:00,59.1
2023-03-13 06:10:00,58.58
2023-03-13 07:20:00,58.42
2023-03-13 08:30:00,55.72
2023-03-13 09:40:00,53.55
2023-03-13 10:50:00,43.33
2023-03-13 12:00:00,38.59
2023-03-13 13:10:00,31.43
2023-03-13 14:20:00,34.57
2023-03-13 15:30:00,31.64
2023-03-13 16:40:00,31.19
2023-03-13 17:50:00,32.77
2023-03-13 19:00:00,35.63
2023-03-13 20:10:00,43.42
2023-03-13 21:20:00,49.34
2023-03-13 22:30:00,53.45
2023-03-13 23:40:00,57.27
2023-03-14 01:00:00,59.8
2023-03-14 02:10:00,61.17
2023-03-14 03:20:00,61.97
2023-03-14 04:30:00,62.01
2023-03-14 05:40:00,62.67
2023-03-14 06:50:00,62.72
2023-03-14 08:00:00,61.14
2023-03-14 09:10:00,56.55
2023-03-14 10:20:00,47.17
2023-03-14 11:30:00,40.12
2023-03-14 12:40:00,32.84
2023-03-14 13:50:00,26.06
2023-03-14 15:00:00,21.18
2023-03-14 16:10:00,23.35
2023-03-14 17:20:00,26.37
2023-03-14 18:30:00,27.54
2023-03-14 19:40:00,35.19
2023-03-14 20:50:00,41.38
2023-03-14 22:00:00,44.83
2023-03-14 23:10:00,48.63
2023-03-15 00:30:00,55.3
2023-03-15 01:40:00,57.53
2023-03-15 02:50:00,60.83
2023-03-15 04:00:00,61.3
2023-03-15 05:10:00,62.35
2023-03-15 06:20:00,62.64
2023-03-15 07:30:00,62.65
2023-03-15 08:40:00,60.12
2023-03-15 09:50:00,50.91
2023-03-15 11:00:00,39.85
2023-03-15 12:10:00,34.17
2023-03-15 13:20:00,27.11
2023-03-15 14:30:00,23.15
2023-03-15 15:40:00,20.86
2023-03-15 16:50:00,19.63
2023-03-15 18:00:00,20.02
2023-03-15 19:10:00,30.77
2023-03-15 20:20:00,33.17
2023-03-15 21:30:00,36.7
2023-03-15 22:40:00,39.3
2023-03-15 23:50:00,40.14
2023-03-16 01:10:00,39.11
2023-03-16 02:20:00,47.07
2023-03-16 03:30:00,46.44
2023-03-16 04:40:00,46.36
2023-03-16 05:50:00,48.51
2023-03-16 07:00:00,46.45
2023-03-16 08:10:00,46.46
2023-03-16 09:20:00,44.97
2023-03-16 10:30:00,45.34
2023-03-16 11:40:00,54.6
2023-03-16 12:50:00,61.93
2023-03-16 14:00:00,63.9
2023-03-16 15:10:00,66.32
2023-03-16 16:20:00,66.42
2023-03-16 17:30:00,66.1
2023-03-16 18:40:00,65.42
2023-03-16 19:50:00,65.62
2023-03-16 21:00:00,63.79
2023-03-16 22:10:00,62.71
2023-03-16 23:20:00,60.05
2023-03-17 00:40:00,55.91
2023-03-17 01:50:00,54.1
2023-03-17 03:00:00,53.1
2023-03-17 04:10:00,53.22
2023-03-17 05:20:00,50.34
2023-03-17 06:30:00,50.65
2023-03-17 07:40:00,48.24
2023-03-17 08:50:00,46.52
2023-03-17 10:00:00,44.49
2023-03-17 11:10:00,43.49
2023-03-17 12:20:00,42.15
2023-03-17 13:30:00,41.66
2023-03-17 14:40:00,39.35
2023-03-17 15:50:00,38.92
2023-03-17 17:00:00,40.36
2023-03-17 18:10:00,44.97
2023-03-17 19:20:00,43.99
2023-03-17 20:30:00,47.92
2023-03-17 21:40:00,55.24
2023-03-17 22:50:00,55.49
2023-03-18 00:10:00,53.48
2023-03-18 01:20:00,52.32
2023-03-18 02:30:00,52.67
2023-03-18 03:40:00,52.78
2023-03-18 04:50:00,58.62
2023-03-18 06:00:00,59.4
2023-03-18 07:10:00,59.58
2023-03-18 08:20:00,55.88
2023-03-18 09:30:00,57.24
2023-03-18 10:40:00,55.13
2023-03-18 11:50:00,55.45
2023-03-18 13:00:00,59.36
2023-03-18 14:10:00,58.49
2023-03-18 15:20:00,56.16
2023-03-18 16:30:00,54.15
2023-03-18 17:40:00,53.39
2023-03-18 18:50:00,50.72
2023-03-18 20:00:00,50.72
2023-03-18 21:10:00,48.43
2023-03-18 22:20:00,47.75
2023-03-18 23:30:00,47.8
2023-03-19 00:50:00,48.75
2023-03-19 02:00:00,49.22
2023-03-19 03:10:00,48.12
2023-03-19 04:20:00,52.94
2023-03-19 05:30:00,59.81
2023-03-19 06:40:00,59.33
2023-03-19 07:50:00,60.84
2023-03-19 09:00:00,56.94
2023-03-19 10:10:00,56.61
2023-03-19 11:20:00,55.1
2023-03-19 12:30:00,52.78
2023-03-19 13:40:00,51.01
2023-03-19 14:50:00,48.3
2023-03-19 16:00:00,51.22
2023-03-19 17:10:00,48.63
2023-03-19 18:20:00,48.47
2023-03-19 19:30:00,50.35
2023-03-19 20:40:00,52.6
2023-03-19 21:50:00,54.85
2023-03-19 23:00:00,60.37
2023-03-20 00:20:00,62.36
2023-03-20 01:40:00,63.88
2023-03-20 02:50:00,63.21
2023-03-20 04:00:00,61.16
2023-03-20 05:10:00,61.4
2023-03-20 06:20:00,61.01
2023-03-20 07:30:00,59.76
2023-03-20 08:40:00,56.63
2023-03-20 09:50:00,56.33
2023-03-20 11:00:00,51.03
2023-03-20 12:10:00,45.64
2023-03-20 13:20:00,41.75
2023-03-20 14:30:00,38.52
2023-03-20 15:40:00,37.37
2023-03-20 16:50:00,37.61
2023-03-20 18:00:00,39.04
2023-03-20 19:10:00,43.53
2023-03-20 20:20:00,49.53
2023-03-20 21:30:00,53.42
2023-03-20 22:40:00,56.73
2023-03-20 23:50:00,58.02
2023-03-21 01:10:00,59.44
2023-03-21 02:20:00,60.31
2023-03-21 03:30:00,61.1
2023-03-21 04:40:00,62.44
2023-03-21 05:50:00,61.94
2023-03-21 07:00:00,61.84
2023-03-21 08:10:00,60.64
2023-03-21 09:20:00,51.87
2023-03-21 10:30:00,41.39
2023-03-21 11:40:00,36.25
2023-03-21 12:50:00,35.91
2023-03-21 14:00:00,29.89
2023-03-21 15:10:00,27.52
2023-03-21 16:20:00,28.85
2023-03-21 17:30:00,31.7
2023-03-21 18:40:00,37.54
2023-03-21 19:50:00,40.34
2023-03-21 21:00:00,45.48
2023-03-21 22:10:00,49.51
2023-03-21 23:20:00,52.37
2023-03-22 00:40:00,57.02
2023-03-22 01:50:00,58.23
2023-03-22 03:00:00,57.45
2023-03-22 04:10:00,60.3
2023-03-22 05:20:00,60.08
2023-03-22 06:30:00,61.53
2023-03-22 07:40:00,59.56
2023-03-22 08:50:00,60.55
2023-03-22 10:00:00,58.1
2023-03-22 11:10:00,58.39
2023-03-22 12:20:00,61.34
2023-03-22 13:30:00,64.75
2023-03-22 14:40:00,65.05
2023-03-22 15:50:00,65.33
2023-03-22 17:00:00,64.4
2023-03-22 18:10:00,62.91
2023-03-22 19:20:00,62.69
2023-03-22 20:30:00,62.9
2023-03-22 21:40:00,64.68
2023-03-22 22:50:00,64.33
2023-03-23 00:10:00,63.85
2023-03-23 01:20:00,63
2023-03-23 02:30:00,63.1
2023-03-23 03:40:00,60.08
2023-03-23 04:50:00,59.89
2023-03-23 06:00:00,60.26
2023-03-23 07:10:00,56.22
2023-03-23 08:20:00,49.81
2023-03-23 09:30:00,48.38
2023-03-23 10:40:00,51.95
2023-03-23 11:50:00,53.51
2023-03-23 13:00:00,54.16
2023-03-23 14:10:00,56.42
2023-03-23 15:20:00,56.79
2023-03-23 16:30:00,61.69
2023-03-23 17:40:00,58.43
2023-03-23 18:50:00,56.92
2023-03-23 20:00:00,59.77
2023-03-23 21:10:00,61.74
2023-03-23 22:20:00,60.94
2023-03-23 23:30:00,61.66
2023-03-24 00:50:00,62.04
2023-03-24 02:00:00,63.31
2023-03-24 03:10:00,65.24
2023-03-24 04:20:00,64.73
2023-03-24 05:30:00,65.16
2023-03-24 06:40:00,62.57
2023-03-24 07:50:00,60.82
2023-03-24 09:00:00,60.91
2023-03-24 10:10:00,61.22
2023-03-24 11:20:00,60.69
2023-03-24 12:30:00,60.14
2023-03-24 13:40:00,60.75
2023-03-24 14:50:00,60.87
2023-03-24 16:00:00,61.2
2023-03-24 17:10:00,59.9
2023-03-24 18:20:00,56.94
2023-03-24 19:30:00,55.93
2023-03-24 20:40:00,55.33
2023-03-24 21:50:00,53.54
2023-03-24 23:00:00,52.13
2023-03-25 00:20:00,51.43
2023-03-25 01:30:00,51.47
2023-03-25 02:40:00,54.44
2023-03-25 03:50:00,51.31
2023-03-25 05:00:00,51.57
2023-03-25 06:10:00,50.93
2023-03-25 07:20:00,50
2023-03-25 08:30:00,49.97
2023-03-25 09:40:00,50.4
2023-03-25 10:50:00,51.19
2023-03-25 12:00:00,51.01
2023-03-25 13:10:00,52.13
2023-03-25 14:20:00,56.77
2023-03-25 15:30:00,56.76
2023-03-25 16:40:00,55.35
2023-03-25 17:50:00,54.14
2023-03-25 19:00:00,54.78
2023-03-25 20:10:00,56.45
2023-03-25 21:20:00,56.46
2023-03-25 22:30:00,57.51
2023-03-25 23:40:00,60.14
2023-03-26 01:00:00,60.99
2023-03-26 02:10:00,61.45
2023-03-26 03:20:00,63.54
2023-03-26 04:30:00,63.17
2023-03-26 05:40:00,61.83
2023-03-26 06:50:00,59.98
2023-03-26 08:00:00,61.14
2023-03-26 09:10:00,50.39
2023-03-26 10:20:00,46.85
2023-03-26 11:30:00,44.49
2023-03-26 12:40:00,43.49
2023-03-26 13:50:00,42.26
2023-03-26 15:00:00,39.92
2023-03-26 16:10:00,39.71
2023-03-26 17:20:00,39.59
2023-03-26 18:30:00,40.33
2023-03-26 19:40:00,46.48
2023-03-26 20:50:00,51.92
2023-03-26 22:00:00,53.22
2023-03-26 23:10:00,55.99
2023-03-27 00:30:00,56.98
2023-03-27 01:40:00,58.55
2023-03-27 02:50:00,59.13
2023-03-27 04:00:00,59.54
2023-03-27 05:10:00,60.53
2023-03-27 06:20:00,61.52
2023-03-27 07:30:00,58.4
2023-03-27 08:40:00,58.77
2023-03-27 09:50:00,52.86
2023-03-27 11:00:00,45.19
2023-03-27 12:10:00,36.7
2023-03-27 13:20:00,31.87
2023-03-27 14:30:00,34.45
2023-03-27 15:40:00,40.79
2023-03-27 16:50:00,40.81
2023-03-27 18:00:00,39.48
2023-03-27 19:10:00,42.06
2023-03-27 20:20:00,44.55
2023-03-27 21:30:00,52.03
2023-03-27 22:40:00,51.89
2023-03-27 23:50:00,56.54
2023-03-28 01:10:00,58.91
2023-03-28 02:20:00,58.85
2023-03-28 03:30:00,60.1
2023-03-28 04:40:00,61.99
2023-03-28 05:50:00,62.86
2023-03-28 07:00:00,63.62
2023-03-28 08:10:00,62.34
2023-03-28 09:20:00,60.88
2023-03-28 10:30:00,56.34
2023-03-28 11:40:00,56.43
2023-03-28 12:50:00,45.56
2023-03-28 14:00:00,38.7
2023-03-28 15:10:00,36.05
2023-03-28 16:20:00,35.8
2023-03-28 17:30:00,35.29
2023-03-28 18:40:00,34.36
2023-03-28 19:50:00,33.09
2023-03-28 21:00:00,39.96
2023-03-28 22:10:00,38.9
2023-03-28 23:20:00,43.98
2023-03-29 00:40:00,48.54
2023-03-29 01:50:00,49.87
2023-03-29 03:00:00,53.26
2023-03-29 04:10:00,52.49
2023-03-29 05:20:00,55.33
2023-03-29 06:30:00,56.22
2023-03-29 07:40:00,54.57
2023-03-29 08:50:00,56.56
2023-03-29 10:00:00,53.17
2023-03-29 11:10:00,42.79
2023-03-29 12:20:00,36.61
2023-03-29 13:30:00,36.95
2023-03-29 14:40:00,35.42
2023-03-29 15:50:00,32.31
2023-03-29 17:00:00,31.17
2023-03-29 18:10:00,32.32
2023-03-29 19:20:00,44.9
2023-03-29 20:30:00,47.4
2023-03-29 21:40:00,50.89
2023-03-29 22:50:00,49.23
2023-03-30 00:10:00,57.05
2023-03-30 01:20:00,59.34
2023-03-30 02:30:00,60.12
2023-03-30 03:40:00,60.76
2023-03-30 04:50:00,61.71
2023-03-30 06:00:00,62.4
2023-03-30 07:10:00,61.94
2023-03-30 08:20:00,61.28
2023-03-30 09:30:00,52.85
2023-03-30 10:40:00,47.4
2023-03-30 11:50:00,38.4
2023-03-30 13:00:00,31.74
2023-03-30 14:10:00,25.71
2023-03-30 15:20:00,26.26
2023-03-30 16:30:00,24.31
2023-03-30 17:40:00,25.95
2023-03-30 18:50:00,29.46
2023-03-30 20:00:00,37.44
2023-03-30 21:10:00,42.41
2023-03-30 22:20:00,45.65
2023-03-30 23:30:00,50.56
2023-03-31 00:50:00,53.28
2023-03-31 02:00:00,53.48
2023-03-31 03:10:00,57.27
2023-03-31 04:20:00,57.61
2023-03-31 05:30:00,59.33
2023-03-31 06:40:00,58.89
2023-03-31 07:50:00,57.34
2023-03-31 09:00:00,56.8
2023-03-31 10:10:00,48.3
2023-03-31 11:20:00,41.03
2023-03-31 12:30:00,31.56
2023-03-31 13:40:00,28.33
2023-03-31 14:50:00,25.63
2023-03-31 16:00:00,25.27
2023-03-31 17:10:00,26.51
2023-03-31 18:20:00,32.87
2023-03-31 19:30:00,35.98
2023-03-31 20:40:00,43.25
2023-03-31 21:50:00,46.46
2023-03-31 23:00:00,46.27
2023-04-01 00:20:00,53.45
2023-04-01 01:30:00,54.38
2023-04-01 02:40:00,58.38
2023-04-01 03:50:00,61.09
2023-04-01 05:00:00,59.12
2023-04-01 06:10:00,63.45
2023-04-01 07:20:00,62.21
2023-04-01 08:30:00,57.08
2023-04-01 09:40:00,50.11
2023-04-01 10:50:00,40.19
2023-04-01 12:00:00,37.82
2023-04-01 13:10:00,28.89
2023-04-01 14:20:00,28.85
2023-04-01 15:30:00,27.21
2023-04-01 16:40:00,25.51
2023-04-01 17:50:00,27.63
2023-04-01 19:00:00,29.97
2023-04-01 20:10:00,31.53
2023-04-01 21:20:00,32.34
2023-04-01 22:30:00,39.38
2023-04-01 23:40:00,45.1
2023-04-02 01:00:00,49.48
2023-04-02 02:10:00,50.71
2023-04-02 03:20:00,51.39
2023-04-02 04:30:00,53.31
2023-04-02 05:40:00,52.42
2023-04-02 06:50:00,48.87
2023-04-02 08:00:00,49.32
2023-04-02 09:10:00,48.36
2023-04-02 10:20:00,41.86
2023-04-02 12:10:00,35.41
2023-04-02 13:20:00,33.07
2023-04-02 14:30:00,33.04
2023-04-02 15:40:00,31.97
2023-04-02 16:50:00,32.28
2023-04-02 18:00:00,32.97
2023-04-02 19:10:00,35.55
2023-04-02 20:20:00,38.42
2023-04-02 21:30:00,39.27
2023-04-02 22:40:00,42.31
2023-04-02 23:50:00,44.15
2023-04-03 01:20:00,46.56
2023-04-03 02:30:00,61.93
2023-04-03 03:40:00,60.86
2023-04-03 04:50:00,60.37
2023-04-03 06:00:00,60.69
2023-04-03 07:10:00,61.88
2023-04-03 08:20:00,60.35
2023-04-03 09:30:00,53.94
2023-04-03 10:40:00,47.63
2023-04-03 11:50:00,45.51
2023-04-03 13:00:00,50.9
2023-04-03 14:10:00,53.44
2023-04-03 15:20:00,48.73
2023-04-03 16:30:00,44.74
2023-04-03 17:40:00,49.74
2023-04-03 18:50:00,51.23
2023-04-03 20:00:00,52.1
2023-04-03 21:10:00,53.51
2023-04-03 22:20:00,58.19
2023-04-03 23:30:00,58.68
2023-04-04 00:50:00,61.2
2023-04-04 02:00:00,63.35
2023-04-04 03:10:00,60.71
2023-04-04 04:20:00,58.89
2023-04-04 05:30:00,57.36
2023-04-04 06:40:00,59.63
2023-04-04 07:50:00,65.42
2023-04-04 09:00:00,65.53
2023-04-04 10:10:00,66.06
2023-04-04 11:20:00,62.21
2023-04-04 12:30:00,66.22
2023-04-04 13:40:00,67.24
2023-04-04 14:50:00,64.42
2023-04-04 16:00:00,63.46
2023-04-04 17:10:00,61.8
2023-04-04 18:20:00,60.44
2023-04-04 19:30:00,61.35
2023-04-04 20:40:00,59.9
2023-04-04 21:50:00,59.31
2023-04-04 23:00:00,57.4
2023-04-05 00:20:00,56.55
2023-04-05 01:30:00,55.63
2023-04-05 02:40:00,55.55
2023-04-05 03:50:00,51
2023-04-05 05:00:00,48.23
2023-04-05 06:10:00,44.6
2023-04-05 07:20:00,42.49
2023-04-05 08:30:00,40.95
2023-04-05 09:40:00,41.1
2023-04-05 10:50:00,41.42
2023-04-05 12:00:00,40.24
2023-04-05 13:10:00,54.86
2023-04-05 14:20:00,62.41
2023-04-05 15:30:00,61.23
2023-04-05 16:40:00,60
2023-04-05 17:50:00,56.35
2023-04-05 19:00:00,53.67
2023-04-05 20:10:00,51.69
2023-04-05 21:20:00,54.1
2023-04-05 22:30:00,54.05
2023-04-05 23:40:00,58.28
2023-04-06 01:00:00,62.91
2023-04-06 02:10:00,65.47
2023-04-06 03:20:00,64.94
2023-04-06 04:30:00,64.28
2023-04-06 05:40:00,62.96
2023-04-06 06:50:00,64.98
2023-04-06 08:00:00,60.77
2023-04-06 09:10:00,53.97
2023-04-06 10:20:00,46.57
2023-04-06 11:30:00,31.29
2023-04-06 12:40:00,28.39
2023-04-06 13:50:00,28.47
2023-04-06 15:00:00,31.21
2023-04-06 16:10:00,30.39
2023-04-06 17:20:00,31.67
2023-04-06 18:30:00,33.77
2023-04-06 19:40:00,37.55
2023-04-06 20:50:00,43.65
2023-04-06 22:00:00,49.37
2023-04-06 23:10:00,54.13
2023-04-07 00:30:00,51.56
2023-04-07 01:40:00,56.03
2023-04-07 02:50:00,58.58
2023-04-07 04:00:00,60.2
2023-04-07 05:10:00,63.75
2023-04-07 06:20:00,64.79
2023-04-07 07:30:00,63.77
2023-04-07 08:40:00,59.77
2023-04-07 09:50:00,59.62
2023-04-07 11:00:00,57.19
2023-04-07 12:10:00,54.4
2023-04-07 13:20:00,51.17
2023-04-07 14:30:00,46.32
2023-04-07 15:40:00,43.27
2023-04-07 16:50:00,42.58
2023-04-07 18:00:00,42.17
2023-04-07 19:10:00,42.79
2023-04-07 20:20:00,52.69
2023-04-07 21:30:00,53.62
2023-04-07 22:40:00,53.7
2023-04-07 23:50:00,57.46
2023-04-08 01:10:00,58.34
2023-04-08 02:20:00,59.52
2023-04-08 03:30:00,60.19
2023-04-08 04:40:00,62.51
2023-04-08 05:50:00,61.36
2023-04-08 07:00:00,62.11
2023-04-08 08:10:00,58.03
2023-04-08 09:20:00,57.9
2023-04-08 10:30:00,53.35
2023-04-08 11:40:00,52.49
2023-04-08 12:50:00,47.34
2023-04-08 14:00:00,33.24
2023-04-08 15:10:00,23.89
2023-04-08 16:20:00,23.73
2023-04-08 17:30:00,23.64
2023-04-08 18:40:00,27.39
2023-04-08 19:50:00,37.55
2023-04-08 21:00:00,43.06
2023-04-08 22:10:00,47.91
2023-04-08 23:20:00,49.67
2023-04-09 00:40:00,52.81
2023-04-09 01:50:00,56.2
2023-04-09 03:00:00,57.17
2023-04-09 04:10:00,56.87
2023-04-09 05:20:00,54.95
2023-04-09 06:30:00,56.14
2023-04-09 07:40:00,53.47
2023-04-09 08:50:00,48.46
2023-04-09 10:00:00,41.35
2023-04-09 11:10:00,33.47
2023-04-09 12:20:00,24.36
2023-04-09 13:30:00,23.89
2023-04-09 14:40:00,22.37
2023-04-09 15:50:00,23.66
2023-04-09 17:00:00,26.6
2023-04-09 18:10:00,28.26
2023-04-09 19:20:00,29.68
2023-04-09 20:30:00,33.46
2023-04-09 21:40:00,37.95
2023-04-09 22:50:00,43.4
2023-04-10 00:10:00,48.05
2023-04-10 01:20:00,50.77
2023-04-10 02:30:00,49.91
2023-04-10 03:40:00,54.04
2023-04-10 04:50:00,57.41
2023-04-10 06:00:00,57.54
2023-04-10 07:10:00,58.05
2023-04-10 08:20:00,54.25
2023-04-10 09:30:00,47.82
2023-04-10 10:40:00,40.15
2023-04-10 11:50:00,35.25
2023-04-10 13:00:00,30.7
2023-04-10 14:10:00,28.08
2023-04-10 15:20:00,26.81
2023-04-10 16:30:00,27.41
2023-04-10 17:40:00,25.42
2023-04-10 18:50:00,32.71
2023-04-10 20:00:00,37.93
2023-04-10 21:10:00,44.27
2023-04-10 22:20:00,47.79
2023-04-10 23:30:00,50.47
2023-04-11 00:50:00,51.85
2023-04-11 02:00:00,53.49
2023-04-11 03:10:00,56.48
2023-04-11 04:20:00,57.22
2023-04-11 05:30:00,54.96
2023-04-11 06:40:00,58.33
2023-04-11 07:50:00,53.66
2023-04-11 09:00:00,51.33
2023-04-11 10:10:00,47.87
2023-04-11 11:20:00,39.65
2023-04-11 12:30:00,36.08
2023-04-11 13:40:00,27.55
2023-04-11 14:50:00,25.38
2023-04-11 16:00:00,21.83
2023-04-11 17:10:00,20.87
2023-04-11 18:20:00,23.82
2023-04-11 19:30:00,33.03
2023-04-11 20:40:00,35.77
2023-04-11 21:50:00,42.4
2023-04-11 23:00:00,45.1
2023-04-12 00:20:00,47.99
2023-04-12 01:30:00,54.02
2023-04-12 02:40:00,50.6
2023-04-12 03:50:00,54.57
2023-04-12 05:00:00,54.01
2023-04-12 06:10:00,56.38
2023-04-12 07:20:00,53.64
2023-04-12 08:30:00,52.62
2023-04-12 09:40:00,41.11
2023-04-12 10:50:00,38.35
2023-04-12 12:00:00,37.7
2023-04-12 13:10:00,51.14
2023-04-12 14:20:00,61.5
2023-04-12 15:30:00,60.27
2023-04-12 16:40:00,55.62
2023-04-12 17:50:00,57.54
2023-04-12 19:00:00,57.84
2023-04-12 20:10:00,59.42
2023-04-12 21:20:00,60.09
2023-04-12 22:30:00,64.72
2023-04-12 23:40:00,66.06
2023-04-13 01:00:00,65.08
2023-04-13 02:10:00,66.02
2023-04-13 03:20:00,66.36
2023-04-13 04:30:00,66.63
2023-04-13 05:40:00,65.49
2023-04-13 06:50:00,66.33
2023-04-13 08:00:00,64.36
2023-04-13 09:10:00,61.76
2023-04-13 10:20:00,57.87
2023-04-13 11:30:00,53.16
2023-04-13 12:40:00,58.66
2023-04-13 13:50:00,60.96
2023-04-13 15:00:00,61.08
2023-04-13 16:10:00,61.39
2023-04-13 17:20:00,59.28
2023-04-13 18:30:00,61.81
2023-04-13 19:40:00,62.38
2023-04-13 20:50:00,62.61
2023-04-13 22:00:00,64.72
2023-04-13 23:10:00,65.8
2023-04-14 00:30:00,66.89
2023-04-14 01:40:00,66.91
2023-04-14 02:50:00,67.04
2023-04-14 04:00:00,67.85
2023-04-14 05:10:00,68.11
2023-04-14 06:20:00,68.27
2023-04-14 07:30:00,67.94
2023-04-14 08:40:00,66.79
2023-04-14 09:50:00,66.57
2023-04-14 11:00:00,62.78
2023-04-14 12:10:00,64.1
2023-04-14 13:20:00,47.99
2023-04-14 14:30:00,40.53
2023-04-14 15:40:00,37.04
2023-04-14 16:50:00,36.26
2023-04-14 18:00:00,36.36
2023-04-14 19:10:00,41.47
2023-04-14 20:30:00,48.33
2023-04-14 21:40:00,54.32
2023-04-14 22:50:00,55.66
2023-04-15 00:10:00,58.77
2023-04-15 01:20:00,60.14
2023-04-15 02:30:00,62.63
2023-04-15 03:40:00,63.67
2023-04-15 04:50:00,64.5
2023-04-15 06:00:00,64.27
2023-04-15 07:10:00,64.74
2023-04-15 08:20:00,60.64
2023-04-15 09:30:00,55.69
2023-04-15 10:40:00,47.95
2023-04-15 11:50:00,34.53
2023-04-15 13:00:00,36.06
2023-04-15 14:10:00,33.52
2023-04-15 15:30:00,30.72
2023-04-15 16:40:00,28.44
2023-04-15 17:50:00,27.22
2023-04-15 19:00:00,29.52
2023-04-15 20:10:00,37.6
2023-04-15 21:20:00,42.13
2023-04-15 22:30:00,48.87
2023-04-15 23:40:00,50.09
2023-04-16 01:00:00,54.38
2023-04-16 02:10:00,55.91
2023-04-16 03:20:00,59.19
2023-04-16 04:30:00,60.85
2023-04-16 05:40:00,62.14
2023-04-16 06:50:00,62.78
2023-04-16 08:00:00,58.16
2023-04-16 09:10:00,51.73
2023-04-16 10:20:00,42.31
2023-04-16 11:30:00,34.68
2023-04-16 12:40:00,27.21
2023-04-16 13:50:00,21.07
2023-04-16 15:00:00,17.78
2023-04-16 16:10:00,18.85
2023-04-16 17:20:00,18.28
2023-04-16 18:30:00,23.53
2023-04-16 19:40:00,32.96
2023-04-16 20:50:00,37.93
2023-04-16 22:00:00,41.88
2023-04-16 23:10:00,43.26
2023-04-17 00:30:00,47.96
2023-04-17 01:40:00,48.79
2023-04-17 02:50:00,51.46
2023-04-17 04:00:00,52.85
2023-04-17 05:10:00,51.76
2023-04-17 06:20:00,53.73
2023-04-17 07:30:00,52.68
2023-04-17 08:40:00,49.3
2023-04-17 09:50:00,44.12
2023-04-17 11:00:00,37.88
2023-04-17 12:10:00,33.07
2023-04-17 13:20:00,29.51
2023-04-17 14:30:00,26.55
2023-04-17 15:40:00,25.36
2023-04-17 16:50:00,24.63
2023-04-17 18:00:00,25.63
2023-04-17 19:10:00,29.78
2023-04-17 20:20:00,31.31
2023-04-17 21:30:00,36.25
2023-04-17 22:40:00,40.48
2023-04-17 23:50:00,40.76
2023-04-18 01:10:00,39.29
2023-04-18 02:20:00,35.03
2023-04-18 03:30:00,37
2023-04-18 04:40:00,42.26
2023-04-18 05:50:00,46.82
2023-04-18 07:00:00,49.3
2023-04-18 08:10:00,50.33
2023-04-18 09:20:00,49.09
2023-04-18 10:30:00,47.58
2023-04-18 11:40:00,44.86
2023-04-18 12:50:00,49.09
2023-04-18 14:00:00,43.52
2023-04-18 15:10:00,46.92
2023-04-18 16:20:00,49.38
2023-04-18 17:30:00,55.24
2023-04-18 18:40:00,57.94
2023-04-18 19:50:00,58.89
2023-04-18 21:00:00,57.96
2023-04-18 22:10:00,60.76
2023-04-18 23:20:00,60.76
2023-04-19 00:40:00,61.78
2023-04-19 01:50:00,63.33
2023-04-19 03:00:00,63.32
2023-04-19 04:10:00,63.33
2023-04-19 05:20:00,63.88
2023-04-19 06:30:00,64.34
2023-04-19 07:40:00,61.88
2023-04-19 08:50:00,58.8
2023-04-19 10:30:00,47.61
2023-04-19 11:40:00,41.97
2023-04-19 12:50:00,36.15
2023-04-19 14:00:00,31.13
2023-04-19 15:10:00,25.93
2023-04-19 16:20:00,22.89
2023-04-19 17:30:00,34.1
2023-04-19 18:40:00,40.29
2023-04-19 19:50:00,42.06
2023-04-19 21:00:00,46.91
2023-04-19 22:10:00,49.95
2023-04-19 23:20:00,53.7
2023-04-20 00:40:00,53.07
2023-04-20 01:50:00,57.13
2023-04-20 03:00:00,59.41
2023-04-20 04:10:00,58.67
2023-04-20 05:20:00,57.4
2023-04-20 06:30:00,60.66
2023-04-20 07:40:00,58.88
2023-04-20 08:50:00,54.07
2023-04-20 10:00:00,46.87
2023-04-20 11:10:00,38.73
2023-04-20 12:20:00,33.18
2023-04-20 13:30:00,29.48
2023-04-20 14:40:00,26.6
2023-04-20 15:50:00,23.92
2023-04-20 17:00:00,28.95
2023-04-20 18:10:00,33.88
2023-04-20 19:20:00,37.4
2023-04-20 20:30:00,41.51
2023-04-20 21:40:00,44.7
2023-04-20 22:50:00,46.95
2023-04-21 00:10:00,48.91
2023-04-21 01:20:00,50.66
2023-04-21 02:30:00,54.59
2023-04-21 03:40:00,48.66
2023-04-21 04:50:00,47.21
2023-04-21 06:00:00,46.21
2023-04-21 07:10:00,44.86
2023-04-21 08:20:00,44.73
2023-04-21 09:30:00,44.4
