时间,索力值(kN)
2023-01-01 01:10:00,3505.872
2023-01-01 02:20:00,3505.224
2023-01-01 03:30:00,3504.92
2023-01-01 04:40:00,3504.776
2023-01-01 05:50:00,3504.632
2023-01-01 07:00:00,3504.736
2023-01-01 08:10:00,3504.696
2023-01-01 09:20:00,3504.72
2023-01-01 10:30:00,3505.104
2023-01-01 11:40:00,3505.336
2023-01-01 12:50:00,3505.488
2023-01-01 14:00:00,3505.576
2023-01-01 15:10:00,3505.648
2023-01-01 16:20:00,3505.736
2023-01-01 17:30:00,3505.768
2023-01-01 18:40:00,3505.656
2023-01-01 19:50:00,3505.736
2023-01-01 21:00:00,3505.6
2023-01-01 22:10:00,3505.4
2023-01-01 23:20:00,3505.368
2023-01-02 00:40:00,3505.368
2023-01-02 02:00:00,3505.2
2023-01-02 03:10:00,3504.904
2023-01-02 04:20:00,3504.808
2023-01-02 05:30:00,3504.784
2023-01-02 06:40:00,3504.72
2023-01-02 07:50:00,3504.792
2023-01-02 09:00:00,3504.96
2023-01-02 10:10:00,3505.184
2023-01-02 11:30:00,3505.336
2023-01-02 12:40:00,3505.648
2023-01-02 13:50:00,3506.04
2023-01-02 15:00:00,3505.688
2023-01-02 16:10:00,3505.784
2023-01-02 17:20:00,3505.848
2023-01-02 18:30:00,3505.496
2023-01-02 19:40:00,3505.376
2023-01-02 20:50:00,3505.056
2023-01-02 22:00:00,3504.904
2023-01-02 23:10:00,3504.792
2023-01-03 00:30:00,3504.648
2023-01-03 01:40:00,3504.456
2023-01-03 02:50:00,3504.544
2023-01-03 04:00:00,3504.4
2023-01-03 05:10:00,3504.376
2023-01-03 06:20:00,3504.536
2023-01-03 07:30:00,3504.616
2023-01-03 08:40:00,3504.648
2023-01-03 09:50:00,3505.032
2023-01-03 11:00:00,3505.096
2023-01-03 12:10:00,3505.64
2023-01-03 13:20:00,3505.952
2023-01-03 14:30:00,3506.2
2023-01-03 15:40:00,3506.392
2023-01-03 16:50:00,3506.368
2023-01-03 18:00:00,3506.288
2023-01-03 19:10:00,3506.2
2023-01-03 20:20:00,3506.112
2023-01-03 21:30:00,3505.848
2023-01-03 22:40:00,3505.728
2023-01-03 23:50:00,3505.528
2023-01-04 01:10:00,3505.336
2023-01-04 02:20:00,3505.208
2023-01-04 03:30:00,3505.16
2023-01-04 04:40:00,3505.048
2023-01-04 05:50:00,3505.08
2023-01-04 07:00:00,3505.128
2023-01-04 08:10:00,3505.192
2023-01-04 09:20:00,3505.264
2023-01-04 10:30:00,3505.568
2023-01-04 11:40:00,3505.688
2023-01-04 12:50:00,3505.848
2023-01-04 14:00:00,3506.264
2023-01-04 15:10:00,3506.424
2023-01-04 16:20:00,3506.496
2023-01-04 17:30:00,3506.56
2023-01-04 18:40:00,3506.52
2023-01-04 19:50:00,3506.376
2023-01-04 21:00:00,3506.2
2023-01-04 22:10:00,3505.952
2023-01-04 23:20:00,3505.816
2023-01-05 00:40:00,3505.672
2023-01-05 01:50:00,3505.488
2023-01-05 03:00:00,3505.504
2023-01-05 04:10:00,3505.352
2023-01-05 05:20:00,3505.416
2023-01-05 06:30:00,3505.352
2023-01-05 07:40:00,3505.472
2023-01-05 08:50:00,3505.744
2023-01-05 10:00:00,3505.848
2023-01-05 11:10:00,3506.168
2023-01-05 12:20:00,3506.104
2023-01-05 13:30:00,3506.296
2023-01-05 14:40:00,3506.616
2023-01-05 15:50:00,3506.84
2023-01-05 17:00:00,3507.08
2023-01-05 18:10:00,3507.352
2023-01-05 19:20:00,3506.888
2023-01-05 20:30:00,3506.808
2023-01-05 21:40:00,3505.896
2023-01-05 22:50:00,3505.224
2023-01-06 00:10:00,3504.84
2023-01-06 01:20:00,3504.52
2023-01-06 02:30:00,3504.344
2023-01-06 03:40:00,3503.968
2023-01-06 04:50:00,3503.936
2023-01-06 06:00:00,3503.816
2023-01-06 07:10:00,3503.976
2023-01-06 08:20:00,3503.96
2023-01-06 09:30:00,3503.816
2023-01-06 10:40:00,3504.256
2023-01-06 11:50:00,3504.768
2023-01-06 13:00:00,3505.224
2023-01-06 14:10:00,3505.624
2023-01-06 15:20:00,3505.784
2023-01-06 16:30:00,3506.504
2023-01-06 17:40:00,3506.376
2023-01-06 18:50:00,3506.424
2023-01-06 20:00:00,3505.848
2023-01-06 21:10:00,3505.288
2023-01-06 22:20:00,3504.776
2023-01-06 23:30:00,3504.232
2023-01-07 00:50:00,3503.968
2023-01-07 02:00:00,3503.648
2023-01-07 03:10:00,3503.448
2023-01-07 04:20:00,3503.088
2023-01-07 05:30:00,3502.984
2023-01-07 06:40:00,3503.256
2023-01-07 07:50:00,3503.528
2023-01-07 09:00:00,3502.792
2023-01-07 10:10:00,3503.704
2023-01-07 11:20:00,3505.624
2023-01-07 12:30:00,3506.992
2023-01-07 13:40:00,3508.264
2023-01-07 14:50:00,3509.528
2023-01-07 16:00:00,3508.936
2023-01-07 17:20:00,3508.184
2023-01-07 18:30:00,3507.32
2023-01-07 19:40:00,3506.44
2023-01-07 20:50:00,3505.816
2023-01-07 22:00:00,3505.128
2023-01-07 23:10:00,3504.568
2023-01-08 00:30:00,3504.088
2023-01-08 01:40:00,3503.704
2023-01-08 02:50:00,3503.608
2023-01-08 04:00:00,3503.432
2023-01-08 05:10:00,3503.384
2023-01-08 06:20:00,3503.472
2023-01-08 07:30:00,3503.368
2023-01-08 08:40:00,3503.112
2023-01-08 09:50:00,3503.208
2023-01-08 11:00:00,3503.576
2023-01-08 12:10:00,3504.232
2023-01-08 13:20:00,3504.856
2023-01-08 14:30:00,3505.656
2023-01-08 15:40:00,3506.984
2023-01-08 16:50:00,3506.312
2023-01-08 18:00:00,3506
2023-01-08 19:10:00,3505.528
2023-01-08 20:20:00,3505.144
2023-01-08 21:30:00,3504.632
2023-01-08 22:40:00,3504.304
2023-01-08 23:50:00,3504.04
2023-01-09 01:10:00,3504.056
2023-01-09 02:20:00,3503.824
2023-01-09 03:30:00,3503.824
2023-01-09 04:40:00,3503.464
2023-01-09 05:50:00,3503.568
2023-01-09 07:00:00,3503.272
2023-01-09 08:10:00,3503.328
2023-01-09 09:20:00,3503.632
2023-01-09 10:30:00,3504.024
2023-01-09 11:40:00,3504.152
2023-01-09 12:50:00,3504.68
2023-01-09 14:00:00,3505.672
2023-01-09 15:10:00,3506.192
2023-01-09 16:20:00,3506.128
2023-01-09 17:30:00,3505.864
2023-01-09 18:40:00,3505.384
2023-01-09 19:50:00,3505.016
2023-01-09 21:00:00,3504.752
2023-01-09 22:10:00,3504.616
2023-01-09 23:20:00,3504.688
2023-01-10 00:40:00,3504.392
2023-01-10 01:50:00,3504.208
2023-01-10 03:00:00,3504.04
2023-01-10 04:10:00,3503.984
2023-01-10 05:20:00,3503.688
2023-01-10 06:30:00,3503.72
2023-01-10 07:40:00,3503.72
2023-01-10 08:50:00,3503.816
2023-01-10 10:00:00,3503.976
2023-01-10 11:10:00,3504.328
2023-01-10 12:20:00,3504.824
2023-01-10 13:30:00,3505.672
2023-01-10 14:40:00,3506.768
2023-01-10 15:50:00,3506.136
2023-01-10 17:00:00,3505.888
2023-01-10 18:10:00,3505.688
2023-01-10 19:20:00,3505.32
2023-01-10 20:30:00,3505.104
2023-01-10 21:40:00,3504.928
2023-01-10 22:50:00,3504.92
2023-01-11 00:10:00,3504.584
2023-01-11 01:20:00,3504.424
2023-01-11 02:30:00,3504.128
2023-01-11 03:40:00,3504.024
2023-01-11 04:50:00,3504.008
2023-01-11 06:00:00,3503.864
2023-01-11 07:10:00,3503.824
2023-01-11 08:20:00,3503.968
2023-01-11 09:30:00,3504.104
2023-01-11 10:40:00,3504.76
2023-01-11 11:50:00,3505.336
2023-01-11 13:00:00,3506.352
2023-01-11 14:10:00,3508.528
2023-01-11 15:20:00,3510.136
2023-01-11 16:30:00,3510.296
2023-01-11 17:40:00,3509.88
2023-01-11 18:50:00,3508.456
2023-01-11 20:00:00,3507.464
2023-01-11 21:10:00,3507.408
2023-01-11 22:20:00,3506.488
2023-01-11 23:30:00,3506.512
2023-01-12 00:50:00,3506.472
2023-01-12 02:00:00,3506.68
2023-01-12 03:10:00,3506.848
2023-01-12 04:20:00,3506.632
2023-01-12 05:30:00,3506.968
2023-01-12 06:40:00,3507.232
2023-01-12 07:50:00,3507.272
2023-01-12 09:00:00,3507.352
2023-01-12 10:10:00,3507.6
2023-01-12 11:20:00,3507.72
2023-01-12 12:30:00,3507.832
2023-01-12 13:40:00,3508.28
2023-01-12 14:50:00,3508.488
2023-01-12 16:00:00,3508.808
2023-01-12 17:10:00,3508.576
2023-01-12 18:20:00,3508.064
2023-01-12 19:30:00,3507.176
2023-01-12 20:40:00,3506.488
2023-01-12 21:50:00,3505.936
2023-01-12 23:00:00,3505.632
2023-01-13 00:20:00,3505.448
2023-01-13 01:30:00,3505.6
2023-01-13 02:40:00,3505.192
2023-01-13 03:50:00,3505.32
2023-01-13 05:00:00,3504.824
2023-01-13 06:10:00,3505.32
2023-01-13 07:20:00,3505.44
2023-01-13 08:30:00,3505.64
2023-01-13 09:40:00,3505.976
2023-01-13 10:50:00,3506.448
2023-01-13 12:00:00,3506.424
2023-01-13 13:10:00,3506.64
2023-01-13 14:20:00,3507.144
2023-01-13 15:30:00,3507.448
2023-01-13 16:40:00,3507.624
2023-01-13 17:50:00,3507.672
2023-01-13 19:00:00,3507.44
2023-01-13 20:10:00,3507.2
2023-01-13 21:20:00,3507.304
2023-01-13 22:30:00,3507.424
2023-01-13 23:40:00,3506.728
2023-01-14 01:00:00,3506.664
2023-01-14 02:10:00,3506.432
2023-01-14 03:20:00,3506.52
2023-01-14 04:30:00,3506.264
2023-01-14 05:40:00,3506.376
2023-01-14 06:50:00,3506.52
2023-01-14 08:00:00,3506.568
2023-01-14 09:10:00,3506.112
2023-01-14 10:20:00,3505.768
2023-01-14 11:30:00,3505.456
2023-01-14 12:40:00,3505.32
2023-01-14 13:50:00,3504.84
2023-01-14 15:00:00,3504.792
2023-01-14 16:10:00,3504.408
2023-01-14 17:20:00,3504.024
2023-01-14 18:30:00,3503.736
2023-01-14 19:40:00,3503.544
2023-01-14 20:50:00,3503.392
2023-01-14 22:00:00,3503.32
2023-01-14 23:10:00,3503.048
2023-01-15 00:30:00,3503.016
2023-01-15 01:40:00,3502.784
2023-01-15 02:50:00,3502.016
2023-01-15 04:00:00,3501.4
2023-01-15 05:10:00,3501.056
2023-01-15 06:20:00,3501.08
2023-01-15 07:30:00,3500.936
2023-01-15 08:40:00,3500.76
2023-01-15 09:50:00,3500.616
2023-01-15 11:00:00,3500.6
2023-01-15 12:10:00,3500.44
2023-01-15 13:20:00,3500.504
2023-01-15 14:30:00,3500.616
2023-01-15 15:40:00,3500.672
2023-01-15 16:50:00,3500.976
2023-01-15 18:00:00,3501.2
2023-01-15 19:10:00,3501.152
2023-01-15 20:20:00,3501.208
2023-01-15 21:30:00,3501.336
2023-01-15 22:40:00,3501.28
2023-01-15 23:50:00,3501.208
2023-01-16 01:10:00,3501.168
2023-01-16 02:20:00,3500.984
2023-01-16 03:30:00,3500.76
2023-01-16 04:40:00,3500.816
2023-01-16 05:50:00,3500.632
2023-01-16 07:00:00,3500.696
2023-01-16 08:10:00,3500.976
2023-01-16 09:20:00,3501.176
2023-01-16 10:30:00,3500.728
2023-01-16 11:40:00,3500.744
2023-01-16 12:50:00,3501.064
2023-01-16 14:00:00,3501.168
2023-01-16 15:10:00,3501.352
2023-01-16 16:20:00,3501.496
2023-01-16 17:30:00,3501.656
2023-01-16 18:40:00,3501.696
2023-01-16 19:50:00,3501.736
2023-01-16 21:00:00,3501.768
2023-01-16 22:10:00,3501.704
2023-01-16 23:20:00,3501.64
2023-01-17 00:40:00,3501.432
2023-01-17 01:50:00,3501.128
2023-01-17 03:00:00,3500.808
2023-01-17 04:10:00,3500.848
2023-01-17 05:20:00,3500.936
2023-01-17 06:30:00,3500.96
2023-01-17 07:40:00,3501.072
2023-01-17 08:50:00,3501.384
2023-01-17 10:00:00,3501.496
2023-01-17 11:10:00,3501.56
2023-01-17 12:20:00,3501.424
2023-01-17 13:30:00,3501.816
2023-01-17 14:40:00,3502.504
2023-01-17 15:50:00,3502.32
2023-01-17 17:00:00,3502.192
2023-01-17 18:10:00,3502.104
2023-01-17 19:20:00,3501.912
2023-01-17 20:30:00,3501.896
2023-01-17 21:40:00,3501.784
2023-01-17 22:50:00,3501.592
2023-01-18 00:10:00,3501.64
2023-01-18 01:20:00,3501.464
2023-01-18 02:30:00,3501.52
2023-01-18 03:40:00,3501.544
2023-01-18 04:50:00,3501.48
2023-01-18 06:00:00,3501.256
2023-01-18 07:10:00,3501.24
2023-01-18 08:20:00,3501.272
2023-01-18 09:30:00,3501.152
2023-01-18 10:40:00,3501.864
2023-01-18 11:50:00,3502.344
2023-01-18 13:00:00,3502.952
2023-01-18 14:10:00,3503.352
2023-01-18 15:20:00,3503.776
2023-01-18 16:30:00,3503.816
2023-01-18 17:40:00,3503.96
2023-01-18 18:50:00,3503.608
2023-01-18 20:00:00,3503.56
2023-01-18 21:10:00,3503.32
2023-01-18 22:20:00,3502.752
2023-01-18 23:30:00,3502.632
2023-01-19 00:50:00,3502.424
2023-01-19 02:00:00,3502.184
2023-01-19 03:10:00,3501.704
2023-01-19 04:20:00,3501.128
2023-01-19 05:30:00,3501.128
2023-01-19 06:40:00,3501.048
2023-01-19 07:50:00,3500.824
2023-01-19 09:00:00,3500.856
2023-01-19 10:10:00,3501.704
2023-01-19 11:20:00,3502.664
2023-01-19 12:30:00,3503.936
2023-01-19 13:40:00,3505.432
2023-01-19 14:50:00,3506.744
2023-01-19 16:00:00,3506.528
2023-01-19 17:10:00,3506.44
2023-01-19 18:20:00,3505.6
2023-01-19 19:30:00,3504.44
2023-01-19 20:40:00,3503.336
2023-01-19 21:50:00,3502.808
2023-01-19 23:00:00,3502.504
2023-01-20 00:20:00,3501.928
2023-01-20 01:30:00,3501.72
2023-01-20 02:40:00,3501.176
2023-01-20 03:50:00,3501.112
2023-01-20 05:00:00,3500.872
2023-01-20 06:10:00,3500.616
2023-01-20 07:20:00,3500.776
2023-01-20 08:30:00,3500.968
2023-01-20 09:40:00,3501.368
2023-01-20 10:50:00,3501.96
2023-01-20 12:00:00,3502.52
2023-01-20 13:10:00,3502.76
2023-01-20 14:20:00,3503.144
2023-01-20 15:30:00,3503.176
2023-01-20 16:40:00,3503.416
2023-01-20 17:50:00,3503.528
2023-01-20 19:00:00,3503.328
2023-01-20 20:10:00,3503.48
2023-01-20 21:20:00,3503.264
2023-01-20 22:30:00,3502.976
2023-01-20 23:40:00,3502.76
2023-01-21 01:00:00,3502.848
2023-01-21 02:10:00,3502.744
2023-01-21 03:20:00,3502.456
2023-01-21 04:30:00,3502.448
2023-01-21 05:40:00,3502.416
2023-01-21 06:50:00,3502.384
2023-01-21 08:00:00,3502.56
2023-01-21 09:10:00,3502.776
2023-01-21 10:20:00,3502.952
2023-01-21 11:30:00,3503.272
2023-01-21 12:40:00,3503.56
2023-01-21 13:50:00,3503.72
2023-01-21 15:00:00,3503.96
2023-01-21 16:10:00,3504.288
2023-01-21 17:20:00,3504.168
2023-01-21 18:30:00,3504.04
2023-01-21 19:40:00,3504.248
2023-01-21 20:50:00,3504.24
2023-01-21 22:00:00,3503.896
2023-01-21 23:10:00,3503.608
2023-01-22 00:30:00,3503.392
2023-01-22 01:40:00,3503.496
2023-01-22 02:50:00,3503.256
2023-01-22 04:00:00,3503.096
2023-01-22 05:10:00,3502.84
2023-01-22 06:20:00,3502.712
2023-01-22 07:30:00,3502.768
2023-01-22 08:40:00,3502.744
2023-01-22 09:50:00,3503.064
2023-01-22 11:00:00,3503.608
2023-01-22 12:10:00,3504.088
2023-01-22 13:20:00,3504.488
2023-01-22 14:30:00,3505.064
2023-01-22 15:40:00,3505
2023-01-22 16:50:00,3505.128
2023-01-22 18:00:00,3505.136
2023-01-22 19:10:00,3505.048
2023-01-22 20:20:00,3504.928
2023-01-22 21:30:00,3504.808
2023-01-22 22:40:00,3504.512
2023-01-22 23:50:00,3504.056
2023-01-23 01:10:00,3503.848
2023-01-23 02:20:00,3503.912
2023-01-23 03:30:00,3503.816
2023-01-23 04:40:00,3503.752
2023-01-23 05:50:00,3503.656
2023-01-23 07:00:00,3503.608
2023-01-23 08:10:00,3503.64
2023-01-23 09:20:00,3503.704
2023-01-23 10:30:00,3504.328
2023-01-23 11:40:00,3504.472
2023-01-23 12:50:00,3505.112
2023-01-23 14:00:00,3506.28
2023-01-23 15:10:00,3505.664
2023-01-23 16:20:00,3505.608
2023-01-23 17:30:00,3505.72
2023-01-23 18:40:00,3505.568
2023-01-23 19:50:00,3505.424
2023-01-23 21:00:00,3505.232
2023-01-23 22:10:00,3505.04
2023-01-23 23:20:00,3504.728
2023-01-24 00:40:00,3503.912
2023-01-24 01:50:00,3503.336
2023-01-24 03:00:00,3502.84
2023-01-24 04:10:00,3502.76
2023-01-24 05:20:00,3502.952
2023-01-24 06:30:00,3502.616
2023-01-24 07:40:00,3502.2
2023-01-24 08:50:00,3502.2
2023-01-24 10:00:00,3502.904
2023-01-24 11:10:00,3503.664
2023-01-24 12:20:00,3504.584
2023-01-24 13:30:00,3506.024
2023-01-24 14:40:00,3505.64
2023-01-24 15:50:00,3505.128
2023-01-24 17:00:00,3505.048
2023-01-24 18:10:00,3504.776
2023-01-24 19:20:00,3504.68
2023-01-24 20:30:00,3504.416
2023-01-24 21:40:00,3503.896
2023-01-24 22:50:00,3503.296
2023-01-25 00:10:00,3502.68
2023-01-25 01:20:00,3502.264
2023-01-25 02:30:00,3501.784
2023-01-25 03:40:00,3501.448
2023-01-25 04:50:00,3501.144
2023-01-25 06:00:00,3501.272
2023-01-25 07:10:00,3501.496
2023-01-25 08:20:00,3501.904
2023-01-25 09:30:00,3502.112
2023-01-25 10:40:00,3502.6
2023-01-25 11:50:00,3502.92
2023-01-25 13:00:00,3503.352
2023-01-25 14:10:00,3504.312
2023-01-25 15:20:00,3504.76
2023-01-25 16:30:00,3505.08
2023-01-25 17:40:00,3505.056
2023-01-25 18:50:00,3504.552
2023-01-25 20:00:00,3503.744
2023-01-25 21:10:00,3502.84
2023-01-25 22:20:00,3502.504
2023-01-25 23:30:00,3501.768
2023-01-26 00:50:00,3501.336
2023-01-26 02:00:00,3501.24
2023-01-26 03:10:00,3501.512
2023-01-26 04:20:00,3501.656
2023-01-26 05:30:00,3501.744
2023-01-26 06:40:00,3501.896
2023-01-26 07:50:00,3501.888
2023-01-26 09:00:00,3502.168
2023-01-26 10:10:00,3502.68
2023-01-26 11:20:00,3502.888
2023-01-26 12:30:00,3503.384
2023-01-26 13:40:00,3503.696
2023-01-26 14:50:00,3504.144
2023-01-26 16:00:00,3504.44
2023-01-26 17:10:00,3504.472
2023-01-26 18:20:00,3504.568
2023-01-26 19:30:00,3504.488
2023-01-26 20:40:00,3504.376
2023-01-26 21:50:00,3503.928
2023-01-26 23:00:00,3503.736
2023-01-27 00:20:00,3503.312
2023-01-27 01:30:00,3502.696
2023-01-27 02:40:00,3502.024
2023-01-27 03:50:00,3501.368
2023-01-27 05:00:00,3500.848
2023-01-27 06:10:00,3500.632
2023-01-27 07:20:00,3500.376
2023-01-27 08:30:00,3500.44
2023-01-27 09:40:00,3501.464
2023-01-27 10:50:00,3502.848
2023-01-27 12:00:00,3504.24
2023-01-27 13:10:00,3506.68
2023-01-27 14:20:00,3507.896
2023-01-27 15:30:00,3509.144
2023-01-27 16:40:00,3508.568
2023-01-27 17:50:00,3507.6
2023-01-27 19:00:00,3505.912
2023-01-27 20:10:00,3504.68
2023-01-27 21:20:00,3503.728
2023-01-27 22:30:00,3503.136
2023-01-27 23:40:00,3502.488
2023-01-28 01:00:00,3502.208
2023-01-28 02:10:00,3501.912
2023-01-28 03:20:00,3501.752
2023-01-28 04:30:00,3501.432
2023-01-28 05:40:00,3501.24
2023-01-28 06:50:00,3500.888
2023-01-28 08:00:00,3500.784
2023-01-28 09:10:00,3501.408
2023-01-28 10:20:00,3503.048
2023-01-28 11:30:00,3505.04
2023-01-28 12:40:00,3505.672
2023-01-28 13:50:00,3506.872
2023-01-28 15:00:00,3507.768
2023-01-28 16:10:00,3508.152
2023-01-28 17:20:00,3508.24
2023-01-28 18:30:00,3507.664
2023-01-28 19:40:00,3505.712
2023-01-28 20:50:00,3504.72
2023-01-28 22:00:00,3503.608
2023-01-28 23:10:00,3503.04
2023-01-29 00:30:00,3502.48
2023-01-29 01:40:00,3501.928
2023-01-29 02:50:00,3501.528
2023-01-29 04:00:00,3501.056
2023-01-29 05:10:00,3500.8
2023-01-29 06:20:00,3500.52
2023-01-29 07:30:00,3500.36
2023-01-29 08:40:00,3500.784
2023-01-29 09:50:00,3501.464
2023-01-29 11:00:00,3503.416
2023-01-29 12:10:00,3506.728
2023-01-29 13:20:00,3506.4
2023-01-29 14:30:00,3508.184
2023-01-29 15:40:00,3508.904
2023-01-29 16:50:00,3509.16
2023-01-29 18:00:00,3508.76
2023-01-29 19:10:00,3506.84
2023-01-29 20:20:00,3505.72
2023-01-29 21:30:00,3504.744
2023-01-29 22:40:00,3503.904
2023-01-29 23:50:00,3503.16
2023-01-30 01:20:00,3502.632
2023-01-30 02:30:00,3502.208
2023-01-30 03:40:00,3502.016
2023-01-30 04:50:00,3501.816
2023-01-30 06:00:00,3501.208
2023-01-30 07:10:00,3501.016
2023-01-30 08:20:00,3501.256
2023-01-30 09:30:00,3501.872
2023-01-30 10:40:00,3503.528
2023-01-30 11:50:00,3505.608
2023-01-30 13:00:00,3507.768
2023-01-30 14:10:00,3510.144
2023-01-30 15:20:00,3511.336
2023-01-30 16:30:00,3512.064
2023-01-30 17:40:00,3511.624
2023-01-30 18:50:00,3509.744
2023-01-30 20:00:00,3508.112
2023-01-30 21:10:00,3507
2023-01-30 22:20:00,3506.04
2023-01-30 23:30:00,3505.288
2023-01-31 00:50:00,3504.632
2023-01-31 02:00:00,3504.408
2023-01-31 03:10:00,3504.16
2023-01-31 04:20:00,3503.88
2023-01-31 05:30:00,3503.312
2023-01-31 06:40:00,3503.096
2023-01-31 07:50:00,3502.88
2023-01-31 09:00:00,3504.112
2023-01-31 10:10:00,3505.824
2023-01-31 11:20:00,3506.024
2023-01-31 12:30:00,3508.056
2023-01-31 13:40:00,3510.168
2023-01-31 14:50:00,3510.888
2023-01-31 16:00:00,3512.08
2023-01-31 17:10:00,3512.104
2023-01-31 18:20:00,3510.672
2023-01-31 19:30:00,3509.008
2023-01-31 20:40:00,3507.808
2023-01-31 21:50:00,3506.92
2023-01-31 23:00:00,3506.2
2023-02-01 00:20:00,3505.512
2023-02-01 01:30:00,3505.176
2023-02-01 02:40:00,3505.016
2023-02-01 03:50:00,3504.84
2023-02-01 05:00:00,3504.792
2023-02-01 06:10:00,3504.608
2023-02-01 07:20:00,3504.312
2023-02-01 08:30:00,3504.552
2023-02-01 09:40:00,3504.928
2023-02-01 10:50:00,3505.752
2023-02-01 12:00:00,3505.696
2023-02-01 13:10:00,3506.176
2023-02-01 14:20:00,3507
2023-02-01 15:30:00,3507.544
2023-02-01 16:40:00,3508.152
2023-02-01 17:50:00,3507.936
2023-02-01 19:00:00,3507.576
2023-02-01 20:10:00,3507.4
2023-02-01 21:20:00,3508.248
2023-02-01 22:30:00,3509.568
2023-02-01 23:40:00,3508.824
2023-02-02 01:00:00,3509.472
2023-02-02 02:10:00,3509.384
2023-02-02 03:20:00,3509.336
2023-02-02 04:30:00,3508.616
2023-02-02 05:40:00,3508.224
2023-02-02 06:50:00,3508.224
2023-02-02 08:00:00,3508.328
2023-02-02 09:10:00,3507.944
2023-02-02 10:20:00,3508.264
2023-02-02 11:30:00,3507.864
2023-02-02 12:40:00,3508.072
2023-02-02 13:50:00,3507.832
2023-02-02 15:00:00,3507.872
2023-02-02 16:10:00,3507.64
2023-02-02 17:20:00,3507.768
2023-02-02 18:30:00,3507.432
2023-02-02 19:40:00,3506.92
2023-02-02 20:50:00,3506.2
2023-02-02 22:00:00,3505.64
2023-02-02 23:10:00,3505.048
2023-02-03 00:30:00,3504.424
2023-02-03 01:40:00,3504.44
2023-02-03 02:50:00,3504.416
2023-02-03 04:00:00,3504.792
2023-02-03 05:10:00,3505.144
2023-02-03 06:20:00,3505.064
2023-02-03 07:30:00,3504.84
2023-02-03 08:40:00,3504.696
2023-02-03 09:50:00,3504.904
2023-02-03 11:00:00,3505.608
2023-02-03 12:10:00,3506.312
2023-02-03 13:20:00,3508.136
2023-02-03 14:30:00,3509.64
2023-02-03 15:40:00,3510.912
2023-02-03 16:50:00,3510.552
2023-02-03 18:00:00,3509.688
2023-02-03 19:10:00,3508.408
2023-02-03 20:20:00,3507.256
2023-02-03 21:30:00,3506.488
2023-02-03 22:40:00,3505.712
2023-02-03 23:50:00,3505.336
2023-02-04 01:10:00,3505.256
2023-02-04 02:20:00,3505.432
2023-02-04 03:30:00,3506.024
2023-02-04 04:40:00,3505.8
2023-02-04 05:50:00,3505.592
2023-02-04 07:00:00,3505.592
2023-02-04 08:10:00,3505.984
2023-02-04 09:20:00,3506.072
2023-02-04 10:30:00,3506.368
2023-02-04 11:40:00,3506.528
2023-02-04 12:50:00,3506.448
2023-02-04 14:00:00,3506.216
2023-02-04 15:10:00,3506.336
2023-02-04 16:20:00,3506.704
2023-02-04 17:30:00,3506.784
2023-02-04 18:40:00,3506.664
2023-02-04 19:50:00,3506.328
2023-02-04 21:00:00,3505.752
2023-02-04 22:10:00,3505.336
2023-02-04 23:20:00,3504.944
2023-02-05 00:40:00,3504.344
2023-02-05 01:50:00,3503.96
2023-02-05 03:00:00,3503.696
2023-02-05 04:10:00,3503.496
2023-02-05 05:20:00,3503.24
2023-02-05 06:30:00,3502.696
2023-02-05 07:40:00,3502.632
2023-02-05 08:50:00,3502.92
2023-02-05 10:00:00,3503.464
2023-02-05 11:10:00,3504.152
2023-02-05 12:20:00,3504.928
2023-02-05 13:30:00,3505.896
2023-02-05 14:40:00,3506.864
2023-02-05 15:50:00,3507.848
2023-02-05 17:00:00,3508.256
2023-02-05 18:10:00,3507.68
2023-02-05 19:20:00,3506.784
2023-02-05 20:30:00,3505.736
2023-02-05 21:40:00,3505.128
2023-02-05 22:50:00,3504.328
2023-02-06 00:10:00,3503.88
2023-02-06 01:30:00,3503.384
2023-02-06 02:40:00,3503.064
2023-02-06 03:50:00,3502.808
2023-02-06 05:00:00,3502.584
2023-02-06 06:10:00,3502.504
2023-02-06 07:20:00,3502.456
2023-02-06 08:30:00,3502.528
2023-02-06 09:40:00,3503.224
2023-02-06 10:50:00,3504.616
2023-02-06 12:00:00,3508.2
2023-02-06 13:10:00,3507.272
2023-02-06 14:20:00,3508.104
2023-02-06 15:30:00,3509.048
2023-02-06 16:40:00,3509.512
2023-02-06 17:50:00,3509.272
2023-02-06 19:00:00,3508.384
2023-02-06 20:10:00,3506.904
2023-02-06 21:20:00,3506.304
2023-02-06 22:30:00,3505.656
2023-02-06 23:40:00,3505.144
2023-02-07 01:00:00,3504.632
2023-02-07 02:10:00,3504.264
2023-02-07 03:20:00,3504.008
2023-02-07 04:30:00,3503.744
2023-02-07 05:40:00,3503.888
2023-02-07 06:50:00,3504.08
2023-02-07 08:00:00,3504.392
2023-02-07 09:10:00,3504.712
2023-02-07 10:20:00,3505.256
2023-02-07 11:30:00,3506.04
2023-02-07 12:40:00,3507.224
2023-02-07 13:50:00,3507.856
2023-02-07 15:00:00,3507.176
2023-02-07 16:10:00,3507.32
2023-02-07 17:20:00,3507.568
2023-02-07 18:30:00,3507.832
2023-02-07 19:40:00,3507.56
2023-02-07 20:50:00,3507.272
2023-02-07 22:00:00,3507.032
2023-02-07 23:10:00,3506.68
2023-02-08 00:30:00,3506.472
2023-02-08 01:40:00,3506.104
2023-02-08 02:50:00,3506
2023-02-08 04:00:00,3505.96
2023-02-08 05:10:00,3506.04
2023-02-08 06:20:00,3505.88
2023-02-08 07:30:00,3506.088
2023-02-08 08:40:00,3506.344
2023-02-08 09:50:00,3506.408
2023-02-08 11:00:00,3506.76
2023-02-08 12:10:00,3507.728
2023-02-08 13:20:00,3508
2023-02-08 14:30:00,3507.896
2023-02-08 15:40:00,3507.776
2023-02-08 16:50:00,3507.704
2023-02-08 18:00:00,3507.736
2023-02-08 19:10:00,3507.64
2023-02-08 20:20:00,3507.656
2023-02-08 21:30:00,3507.592
2023-02-08 22:40:00,3507.448
2023-02-08 23:50:00,3507.224
2023-02-09 01:10:00,3506.968
2023-02-09 02:20:00,3506.744
2023-02-09 03:30:00,3506.576
2023-02-09 04:40:00,3506.048
2023-02-09 05:50:00,3505.688
2023-02-09 07:00:00,3505.528
2023-02-09 08:10:00,3505.752
2023-02-09 09:20:00,3505.952
2023-02-09 10:30:00,3506.472
2023-02-09 11:40:00,3506.408
2023-02-09 12:50:00,3506.136
2023-02-09 14:00:00,3505.88
2023-02-09 15:10:00,3507.768
2023-02-09 16:20:00,3508.328
2023-02-09 17:30:00,3508.392
2023-02-09 18:40:00,3507.8
2023-02-09 19:50:00,3507.256
2023-02-09 21:00:00,3506.904
2023-02-09 22:10:00,3506.144
2023-02-09 23:20:00,3505.992
2023-02-10 00:40:00,3505.704
2023-02-10 01:50:00,3505.664
2023-02-10 03:00:00,3505.536
2023-02-10 04:10:00,3505.352
2023-02-10 05:20:00,3505.448
2023-02-10 06:30:00,3505.464
2023-02-10 07:40:00,3505.64
2023-02-10 08:50:00,3505.72
2023-02-10 10:00:00,3505.928
2023-02-10 11:10:00,3506.584
2023-02-10 12:20:00,3507.552
2023-02-10 13:30:00,3508.2
2023-02-10 14:40:00,3509.32
2023-02-10 15:50:00,3509.928
2023-02-10 17:00:00,3509.848
2023-02-10 18:10:00,3509.808
2023-02-10 19:20:00,3509.424
2023-02-10 20:30:00,3509.208
2023-02-10 21:40:00,3508.68
2023-02-10 22:50:00,3508.192
2023-02-11 00:10:00,3507.96
2023-02-11 01:20:00,3507.672
2023-02-11 02:30:00,3507.304
2023-02-11 03:40:00,3507.016
2023-02-11 04:50:00,3506.856
2023-02-11 06:00:00,3506.96
2023-02-11 07:10:00,3507.088
2023-02-11 08:20:00,3506.968
2023-02-11 09:30:00,3506.984
2023-02-11 10:40:00,3507.512
2023-02-11 11:50:00,3508.152
2023-02-11 13:00:00,3508.88
2023-02-11 14:10:00,3509.624
2023-02-11 15:20:00,3510.44
2023-02-11 16:30:00,3510.8
2023-02-11 17:40:00,3510.936
2023-02-11 18:50:00,3510.584
2023-02-11 20:00:00,3510.312
2023-02-11 21:10:00,3509.768
2023-02-11 22:20:00,3509.264
2023-02-11 23:30:00,3508.632
2023-02-12 00:50:00,3508.488
2023-02-12 02:00:00,3508.816
2023-02-12 03:10:00,3508.864
2023-02-12 04:20:00,3508.216
2023-02-12 05:30:00,3507.968
2023-02-12 06:40:00,3507.848
2023-02-12 07:50:00,3507.896
2023-02-12 09:00:00,3507.944
2023-02-12 10:10:00,3508.24
2023-02-12 11:20:00,3508.376
2023-02-12 12:30:00,3508.472
2023-02-12 13:40:00,3508.392
2023-02-12 14:50:00,3506.584
2023-02-12 16:00:00,3506.328
2023-02-12 17:10:00,3506.072
2023-02-12 18:20:00,3505.848
2023-02-12 19:30:00,3505.624
2023-02-12 20:40:00,3505.832
2023-02-12 21:50:00,3506.24
2023-02-12 23:00:00,3506.448
2023-02-13 00:20:00,3506.504
2023-02-13 01:30:00,3506.512
2023-02-13 02:40:00,3506.6
2023-02-13 03:50:00,3506.632
2023-02-13 05:00:00,3506.552
2023-02-13 06:10:00,3506.664
2023-02-13 07:20:00,3506.536
2023-02-13 08:30:00,3506.272
2023-02-13 09:40:00,3506.576
2023-02-13 10:50:00,3506.624
2023-02-13 12:00:00,3506.712
2023-02-13 13:10:00,3506.776
2023-02-13 14:20:00,3506.648
2023-02-13 15:30:00,3506.168
2023-02-13 16:40:00,3505.696
2023-02-13 17:50:00,3505.464
2023-02-13 19:00:00,3505.16
2023-02-13 20:10:00,3504.944
2023-02-13 21:20:00,3504.848
2023-02-13 22:30:00,3504.552
2023-02-13 23:40:00,3504.472
2023-02-14 01:00:00,3504.408
2023-02-14 02:10:00,3504.248
2023-02-14 03:20:00,3504.248
2023-02-14 04:30:00,3503.944
2023-02-14 05:40:00,3503.8
2023-02-14 06:50:00,3503.696
2023-02-14 08:00:00,3503.88
2023-02-14 09:10:00,3503.992
2023-02-14 10:20:00,3503.912
2023-02-14 11:30:00,3503.928
2023-02-14 12:40:00,3503.744
2023-02-14 13:50:00,3504.04
2023-02-14 15:00:00,3504.208
2023-02-14 16:10:00,3504.76
2023-02-14 17:20:00,3505
2023-02-14 18:30:00,3505
2023-02-14 19:40:00,3504.984
2023-02-14 20:50:00,3504.776
2023-02-14 22:00:00,3504.648
2023-02-14 23:10:00,3504.56
2023-02-15 00:30:00,3504.416
2023-02-15 01:40:00,3504.336
2023-02-15 02:50:00,3504.28
2023-02-15 04:00:00,3504.296
2023-02-15 05:10:00,3504.248
2023-02-15 06:20:00,3504.408
2023-02-15 07:30:00,3504.424
2023-02-15 08:40:00,3504.52
2023-02-15 09:50:00,3504.848
2023-02-15 11:00:00,3505.16
2023-02-15 12:10:00,3505.816
2023-02-15 13:20:00,3506.064
2023-02-15 14:30:00,3506.512
2023-02-15 15:40:00,3506.952
2023-02-15 16:50:00,3506.888
2023-02-15 18:00:00,3507.072
2023-02-15 19:10:00,3506.648
2023-02-15 20:20:00,3506.528
2023-02-15 21:30:00,3506.2
2023-02-15 22:40:00,3505.784
2023-02-15 23:50:00,3505.488
2023-02-16 01:10:00,3505.304
2023-02-16 02:20:00,3505.128
2023-02-16 03:30:00,3505.088
2023-02-16 04:40:00,3504.888
2023-02-16 05:50:00,3504.744
2023-02-16 07:00:00,3504.824
2023-02-16 08:10:00,3504.952
2023-02-16 09:20:00,3505.312
2023-02-16 10:30:00,3505.208
2023-02-16 11:40:00,3505.376
2023-02-16 12:50:00,3504.8
2023-02-16 14:00:00,3504.512
2023-02-16 15:10:00,3505.104
2023-02-16 16:20:00,3506.328
2023-02-16 17:30:00,3506.2
2023-02-16 18:40:00,3506.176
2023-02-16 19:50:00,3505.624
2023-02-16 21:00:00,3504.856
2023-02-16 22:10:00,3504.168
2023-02-16 23:20:00,3503.592
2023-02-17 00:40:00,3503.192
2023-02-17 01:50:00,3502.944
2023-02-17 03:00:00,3503.016
2023-02-17 04:10:00,3503.128
2023-02-17 05:20:00,3503.224
2023-02-17 06:30:00,3503.36
2023-02-17 07:40:00,3503.832
2023-02-17 08:50:00,3503.976
2023-02-17 10:00:00,3504.232
2023-02-17 11:10:00,3504.776
2023-02-17 12:20:00,3505.48
2023-02-17 13:30:00,3506.32
2023-02-17 14:40:00,3506.984
2023-02-17 15:50:00,3507.44
2023-02-17 17:00:00,3507.608
2023-02-17 18:10:00,3507.752
2023-02-17 19:20:00,3507.592
2023-02-17 20:30:00,3507.504
2023-02-17 21:40:00,3507.088
2023-02-17 22:50:00,3507.064
2023-02-18 00:10:00,3506.648
2023-02-18 01:20:00,3506.68
2023-02-18 02:30:00,3506.536
2023-02-18 03:40:00,3506.32
2023-02-18 04:50:00,3506.368
2023-02-18 06:00:00,3506.512
2023-02-18 07:10:00,3506.4
2023-02-18 08:20:00,3506.496
2023-02-18 09:30:00,3506.792
2023-02-18 10:40:00,3506.904
2023-02-18 11:50:00,3507.176
2023-02-18 13:00:00,3507.28
2023-02-18 14:10:00,3507.416
2023-02-18 15:20:00,3506.896
2023-02-18 16:30:00,3506.864
2023-02-18 17:40:00,3506.744
2023-02-18 18:50:00,3506.76
2023-02-18 20:00:00,3506.72
2023-02-18 21:10:00,3506.776
2023-02-18 22:20:00,3506.696
2023-02-18 23:30:00,3506.528
2023-02-19 00:50:00,3506.472
2023-02-19 02:00:00,3506.408
2023-02-19 03:10:00,3506.28
2023-02-19 04:20:00,3506.248
2023-02-19 05:30:00,3506.192
2023-02-19 06:40:00,3506.176
2023-02-19 07:50:00,3506.464
2023-02-19 09:00:00,3506.68
2023-02-19 10:10:00,3506.424
2023-02-19 11:20:00,3506.68
2023-02-19 12:30:00,3506.296
2023-02-19 13:40:00,3506.472
2023-02-19 14:50:00,3507.496
2023-02-19 16:00:00,3508.288
2023-02-19 17:10:00,3508.416
2023-02-19 18:20:00,3508.32
2023-02-19 19:30:00,3508.064
2023-02-19 20:40:00,3507.736
2023-02-19 21:50:00,3507.528
2023-02-19 23:00:00,3507.24
2023-02-20 00:20:00,3507.008
2023-02-20 01:30:00,3506.744
2023-02-20 02:40:00,3506.632
2023-02-20 03:50:00,3506.536
2023-02-20 05:00:00,3506.504
2023-02-20 06:10:00,3506.392
2023-02-20 07:20:00,3506.552
2023-02-20 08:30:00,3506.664
2023-02-20 09:40:00,3506.568
2023-02-20 10:50:00,3506.376
2023-02-20 12:00:00,3506.536
2023-02-20 13:10:00,3506.8
2023-02-20 14:20:00,3506.96
2023-02-20 15:30:00,3507.056
2023-02-20 16:40:00,3507.152
2023-02-20 17:50:00,3507.528
2023-02-20 19:00:00,3507.248
2023-02-20 20:10:00,3506.824
2023-02-20 21:20:00,3506.504
2023-02-20 22:30:00,3506.208
2023-02-20 23:40:00,3505.896
2023-02-21 01:00:00,3505.92
2023-02-21 02:10:00,3505.608
2023-02-21 03:20:00,3504.984
2023-02-21 04:30:00,3504.552
2023-02-21 05:40:00,3504.248
2023-02-21 06:50:00,3503.872
2023-02-21 08:00:00,3503.912
2023-02-21 09:10:00,3504.104
2023-02-21 10:20:00,3504.296
2023-02-21 11:30:00,3504.496
2023-02-21 12:40:00,3504.824
2023-02-21 14:00:00,3505.088
2023-02-21 15:10:00,3505.096
2023-02-21 16:20:00,3505.272
2023-02-21 17:30:00,3505.08
2023-02-21 18:40:00,3504.96
2023-02-21 19:50:00,3504.872
2023-02-21 21:00:00,3504.648
2023-02-21 22:10:00,3504.2
2023-02-21 23:20:00,3503.768
2023-02-22 00:40:00,3503.512
2023-02-22 01:50:00,3503.304
2023-02-22 03:00:00,3503.096
2023-02-22 04:10:00,3503.24
2023-02-22 05:20:00,3503.136
2023-02-22 06:30:00,3503.112
2023-02-22 07:40:00,3503.288
2023-02-22 08:50:00,3503.496
2023-02-22 10:00:00,3503.864
2023-02-22 11:10:00,3504.456
2023-02-22 12:20:00,3505.008
2023-02-22 13:30:00,3505.88
2023-02-22 14:40:00,3506.952
2023-02-22 15:50:00,3506.472
2023-02-22 17:00:00,3506.232
2023-02-22 18:10:00,3506.168
2023-02-22 19:20:00,3506.04
2023-02-22 20:30:00,3505.976
2023-02-22 21:40:00,3505.84
2023-02-22 22:50:00,3505.64
2023-02-23 00:10:00,3505.32
2023-02-23 01:20:00,3504.976
2023-02-23 02:30:00,3504.68
2023-02-23 03:40:00,3504.488
2023-02-23 04:50:00,3504.392
2023-02-23 06:00:00,3504.408
2023-02-23 07:10:00,3504.52
2023-02-23 08:20:00,3504.632
2023-02-23 09:30:00,3504.68
2023-02-23 10:40:00,3505.056
2023-02-23 11:50:00,3505.472
2023-02-23 13:00:00,3506.12
2023-02-23 14:10:00,3507.6
2023-02-23 15:20:00,3506.488
2023-02-23 16:30:00,3506.616
2023-02-23 17:40:00,3506.664
2023-02-23 18:50:00,3506.712
2023-02-23 20:00:00,3506.584
2023-02-23 21:10:00,3506.44
2023-02-23 22:20:00,3506.472
2023-02-23 23:30:00,3506.192
2023-02-24 00:50:00,3506.008
2023-02-24 02:00:00,3505.96
2023-02-24 03:10:00,3505.832
2023-02-24 04:20:00,3505.68
2023-02-24 05:30:00,3505.512
2023-02-24 06:40:00,3505.416
2023-02-24 07:50:00,3505.416
2023-02-24 09:00:00,3506.024
2023-02-24 10:10:00,3507.048
2023-02-24 11:20:00,3509.432
2023-02-24 12:30:00,3511.864
2023-02-24 13:40:00,3511.432
2023-02-24 14:50:00,3511.984
2023-02-24 16:00:00,3512.808
2023-02-24 17:10:00,3512.44
2023-02-24 18:20:00,3511.08
2023-02-24 19:30:00,3509.864
2023-02-24 20:40:00,3508.024
2023-02-24 21:50:00,3507.336
2023-02-24 23:00:00,3506.688
2023-02-25 00:20:00,3506.008
2023-02-25 01:30:00,3505.392
2023-02-25 02:40:00,3505
2023-02-25 03:50:00,3504.664
2023-02-25 05:00:00,3504.32
2023-02-25 06:10:00,3504.184
2023-02-25 07:20:00,3504.192
2023-02-25 08:30:00,3504.4
2023-02-25 09:40:00,3504.952
2023-02-25 10:50:00,3506.48
2023-02-25 12:00:00,3508.28
2023-02-25 13:10:00,3509.752
2023-02-25 14:20:00,3511.312
2023-02-25 15:30:00,3512.2
2023-02-25 16:40:00,3512.624
2023-02-25 17:50:00,3511.808
2023-02-25 19:00:00,3510.608
2023-02-25 20:10:00,3509.8
2023-02-25 21:20:00,3508.992
2023-02-25 22:30:00,3508.136
2023-02-25 23:40:00,3507.512
2023-02-26 01:00:00,3506.76
2023-02-26 02:10:00,3506.008
2023-02-26 03:20:00,3505.64
2023-02-26 04:30:00,3505.232
2023-02-26 05:40:00,3504.872
2023-02-26 06:50:00,3504.72
2023-02-26 08:00:00,3504.76
2023-02-26 09:10:00,3505.288
2023-02-26 10:20:00,3506.84
2023-02-26 11:30:00,3509.032
2023-02-26 12:40:00,3510.6
2023-02-26 13:50:00,3511.576
2023-02-26 15:00:00,3512.304
2023-02-26 16:10:00,3512.728
2023-02-26 17:20:00,3512.984
2023-02-26 18:30:00,3512.44
2023-02-26 19:40:00,3510.624
2023-02-26 20:50:00,3508.984
2023-02-26 22:00:00,3508.008
2023-02-26 23:10:00,3507.096
2023-02-27 00:30:00,3506.464
2023-02-27 01:50:00,3505.592
2023-02-27 03:00:00,3505.208
2023-02-27 04:10:00,3504.84
2023-02-27 05:20:00,3504.776
2023-02-27 06:30:00,3504.688
2023-02-27 07:40:00,3504.456
2023-02-27 08:50:00,3504.904
2023-02-27 10:00:00,3506.296
2023-02-27 11:10:00,3508.432
2023-02-27 12:20:00,3509.408
2023-02-27 13:30:00,3510.568
2023-02-27 14:40:00,3511.56
2023-02-27 15:50:00,3511.904
2023-02-27 17:00:00,3512.088
2023-02-27 18:10:00,3511.728
2023-02-27 19:20:00,3510.96
2023-02-27 20:30:00,3510.432
2023-02-27 21:40:00,3509.824
2023-02-27 22:50:00,3509.128
2023-02-28 00:10:00,3509
2023-02-28 01:20:00,3508.392
2023-02-28 02:30:00,3508.048
2023-02-28 03:40:00,3507.848
2023-02-28 04:50:00,3506.936
2023-02-28 06:00:00,3506.84
2023-02-28 07:10:00,3506.76
2023-02-28 08:20:00,3506.744
2023-02-28 09:30:00,3506.976
2023-02-28 10:40:00,3507.232
2023-02-28 11:50:00,3508.008
2023-02-28 13:00:00,3508.784
2023-02-28 14:10:00,3509.544
2023-02-28 15:20:00,3508.904
2023-02-28 16:30:00,3509.256
2023-02-28 17:40:00,3509.32
2023-02-28 18:50:00,3509.128
2023-02-28 20:00:00,3508.896
2023-02-28 21:10:00,3508.616
2023-02-28 22:20:00,3508.264
2023-02-28 23:30:00,3508.064
2023-03-01 00:50:00,3507.64
2023-03-01 02:00:00,3507.728
2023-03-01 03:10:00,3507.416
2023-03-01 04:20:00,3507.232
2023-03-01 05:30:00,3507
2023-03-01 06:40:00,3507.016
2023-03-01 07:50:00,3507.112
2023-03-01 09:00:00,3506.872
2023-03-01 10:10:00,3507.256
2023-03-01 11:20:00,3507.504
2023-03-01 12:30:00,3507.44
2023-03-01 13:40:00,3507.584
2023-03-01 14:50:00,3507.768
2023-03-01 16:00:00,3507.712
2023-03-01 17:10:00,3507.808
2023-03-01 18:20:00,3507.592
2023-03-01 19:30:00,3507.224
2023-03-01 20:40:00,3507.304
2023-03-01 21:50:00,3507.064
2023-03-01 23:00:00,3506.944
2023-03-02 00:20:00,3506.824
2023-03-02 01:30:00,3506.712
2023-03-02 02:40:00,3506.624
2023-03-02 03:50:00,3506.512
2023-03-02 05:00:00,3506.584
2023-03-02 06:10:00,3506.6
2023-03-02 07:20:00,3506.584
2023-03-02 08:30:00,3506.824
2023-03-02 09:40:00,3506.96
2023-03-02 10:50:00,3507.368
2023-03-02 12:00:00,3508.168
2023-03-02 13:10:00,3508.952
2023-03-02 14:20:00,3509.464
2023-03-02 15:30:00,3509.816
2023-03-02 16:40:00,3509.936
2023-03-02 17:50:00,3510.088
2023-03-02 19:00:00,3509.864
2023-03-02 20:10:00,3509.256
2023-03-02 21:20:00,3508.704
2023-03-02 22:30:00,3508.136
2023-03-02 23:40:00,3507.456
2023-03-03 01:00:00,3507.24
2023-03-03 02:10:00,3506.936
2023-03-03 03:20:00,3506.72
2023-03-03 04:30:00,3506.624
2023-03-03 05:40:00,3506.376
2023-03-03 06:50:00,3506.152
2023-03-03 08:00:00,3506.152
2023-03-03 09:10:00,3506.336
2023-03-03 10:20:00,3506.6
2023-03-03 11:30:00,3508.392
2023-03-03 12:40:00,3510.928
2023-03-03 13:50:00,3511.264
2023-03-03 15:00:00,3511.976
2023-03-03 16:10:00,3512.656
2023-03-03 17:20:00,3512.8
2023-03-03 18:30:00,3512.328
2023-03-03 19:40:00,3511.52
2023-03-03 20:50:00,3510.024
2023-03-03 22:00:00,3509.024
2023-03-03 23:10:00,3508.2
2023-03-04 00:30:00,3507.376
2023-03-04 01:40:00,3506.68
2023-03-04 02:50:00,3506.352
2023-03-04 04:00:00,3506.072
2023-03-04 05:10:00,3505.92
2023-03-04 06:20:00,3505.624
2023-03-04 07:30:00,3505.576
2023-03-04 08:40:00,3506.152
2023-03-04 09:50:00,3506.568
2023-03-04 11:00:00,3509.392
2023-03-04 12:10:00,3510.216
2023-03-04 13:20:00,3512.472
2023-03-04 14:30:00,3514.528
2023-03-04 15:40:00,3515.008
2023-03-04 16:50:00,3516.192
2023-03-04 18:00:00,3515.12
2023-03-04 19:10:00,3512.696
2023-03-04 20:20:00,3510.92
2023-03-04 21:30:00,3509.816
2023-03-04 22:40:00,3508.568
2023-03-04 23:50:00,3507.912
2023-03-05 01:10:00,3507.096
2023-03-05 02:20:00,3506.44
2023-03-05 03:30:00,3505.992
2023-03-05 04:40:00,3505.744
2023-03-05 05:50:00,3505.528
2023-03-05 07:00:00,3505.288
2023-03-05 08:10:00,3505.384
2023-03-05 09:20:00,3506.432
2023-03-05 10:30:00,3508.536
2023-03-05 11:40:00,3511.36
2023-03-05 12:50:00,3514.216
2023-03-05 14:00:00,3517.016
2023-03-05 15:10:00,3517.28
2023-03-05 16:20:00,3517.85599
2023-03-05 17:30:00,3517.024
2023-03-05 18:40:00,3514.76
2023-03-05 19:50:00,3513.368
2023-03-05 21:00:00,3511.728
2023-03-05 22:10:00,3510.28
2023-03-05 23:20:00,3509.432
2023-03-06 00:40:00,3508.76
2023-03-06 02:00:00,3508.12
2023-03-06 03:10:00,3508.256
2023-03-06 04:20:00,3507.768
2023-03-06 05:30:00,3507.592
2023-03-06 06:40:00,3507.448
2023-03-06 07:50:00,3507.784
2023-03-06 09:00:00,3508.256
2023-03-06 10:10:00,3508.864
2023-03-06 11:20:00,3509.36
2023-03-06 12:30:00,3509.872
2023-03-06 13:40:00,3508.936
2023-03-06 14:50:00,3507.816
2023-03-06 16:00:00,3507.352
2023-03-06 17:10:00,3507.336
2023-03-06 18:20:00,3507.688
2023-03-06 19:30:00,3507.712
2023-03-06 20:40:00,3508.04
2023-03-06 21:50:00,3507.896
2023-03-06 23:00:00,3507.848
2023-03-07 00:20:00,3507.568
2023-03-07 01:30:00,3507.768
2023-03-07 02:40:00,3507.4
2023-03-07 03:50:00,3507.408
2023-03-07 05:00:00,3507.128
2023-03-07 06:10:00,3507.176
2023-03-07 07:20:00,3507.064
2023-03-07 08:30:00,3507.328
2023-03-07 09:40:00,3507.648
2023-03-07 10:50:00,3507.8
2023-03-07 12:00:00,3508.808
2023-03-07 13:10:00,3509.44
2023-03-07 14:20:00,3509.64
2023-03-07 15:30:00,3510.648
2023-03-07 16:40:00,3509.64
2023-03-07 17:50:00,3509.592
2023-03-07 19:00:00,3509.48
2023-03-07 20:10:00,3509.256
2023-03-07 21:20:00,3509.2
2023-03-07 22:30:00,3509.128
2023-03-07 23:40:00,3508.952
2023-03-08 01:00:00,3508.92
2023-03-08 02:10:00,3508.744
2023-03-08 03:20:00,3508.656
2023-03-08 04:30:00,3508.832
2023-03-08 05:40:00,3508.896
2023-03-08 06:50:00,3508.976
2023-03-08 08:00:00,3509.256
2023-03-08 09:10:00,3509.44
2023-03-08 10:20:00,3510.336
2023-03-08 11:30:00,3510.92
2023-03-08 12:40:00,3511.832
2023-03-08 13:50:00,3512.488
2023-03-08 15:00:00,3512.432
2023-03-08 16:10:00,3512.544
2023-03-08 17:20:00,3512.504
2023-03-08 18:30:00,3511.752
2023-03-08 19:40:00,3512.208
2023-03-08 20:50:00,3511.608
2023-03-08 22:00:00,3510.272
2023-03-08 23:10:00,3509.336
2023-03-09 00:30:00,3508.728
2023-03-09 01:40:00,3508.2
2023-03-09 02:50:00,3508.12
2023-03-09 04:00:00,3508.312
2023-03-09 05:10:00,3508.12
2023-03-09 06:20:00,3508.024
2023-03-09 07:30:00,3508.152
2023-03-09 08:40:00,3508.528
2023-03-09 09:50:00,3509.664
2023-03-09 11:00:00,3511.736
2023-03-09 12:10:00,3513.76
2023-03-09 13:20:00,3515.424
2023-03-09 14:30:00,3516.272
2023-03-09 15:40:00,3518.34399
2023-03-09 16:50:00,3517.928
2023-03-09 18:00:00,3517.928
2023-03-09 19:10:00,3515.944
2023-03-09 20:20:00,3513.816
2023-03-09 21:30:00,3512.776
2023-03-09 22:40:00,3511.976
2023-03-09 23:50:00,3511.336
2023-03-10 01:10:00,3510.68
2023-03-10 02:20:00,3509.96
2023-03-10 03:30:00,3509.8
2023-03-10 04:40:00,3509.8
2023-03-10 05:50:00,3510.088
2023-03-10 07:00:00,3510.08
2023-03-10 08:10:00,3510.12
2023-03-10 09:20:00,3509.72
2023-03-10 11:10:00,3509.336
2023-03-10 12:20:00,3509.656
2023-03-10 13:30:00,3509.608
2023-03-10 14:40:00,3510.128
2023-03-10 15:50:00,3510.512
2023-03-10 17:00:00,3511.096
2023-03-10 18:10:00,3511.096
2023-03-10 19:20:00,3510.432
2023-03-10 20:30:00,3509.736
2023-03-10 21:40:00,3509.176
2023-03-10 22:50:00,3508.368
2023-03-11 00:10:00,3507.8
2023-03-11 01:20:00,3507.472
2023-03-11 02:30:00,3507.416
2023-03-11 03:40:00,3507.104
2023-03-11 04:50:00,3506.952
2023-03-11 06:00:00,3506.76
2023-03-11 07:10:00,3506.92
2023-03-11 08:20:00,3507.144
2023-03-11 09:30:00,3507.792
2023-03-11 10:40:00,3508.816
2023-03-11 11:50:00,3509.744
2023-03-11 13:00:00,3512.28
2023-03-11 14:10:00,3514.008
2023-03-11 15:20:00,3514.568
2023-03-11 16:30:00,3515.472
2023-03-11 17:40:00,3515.832
2023-03-11 18:50:00,3514.424
2023-03-11 20:00:00,3513.224
2023-03-11 21:10:00,3512.248
2023-03-11 22:20:00,3511.528
2023-03-11 23:30:00,3512.264
2023-03-12 00:50:00,3513.824
2023-03-12 02:00:00,3511.976
2023-03-12 03:10:00,3511.088
2023-03-12 04:20:00,3510.776
2023-03-12 05:30:00,3509.656
2023-03-12 06:40:00,3507.952
2023-03-12 07:50:00,3507.824
2023-03-12 09:00:00,3507.584
2023-03-12 10:10:00,3507.488
2023-03-12 11:20:00,3508.392
2023-03-12 12:30:00,3508.944
2023-03-12 13:40:00,3509.24
2023-03-12 14:50:00,3509.368
2023-03-12 16:00:00,3510.424
2023-03-12 17:10:00,3510.12
2023-03-12 18:20:00,3510.056
2023-03-12 19:30:00,3508.216
2023-03-12 20:40:00,3507.752
2023-03-12 21:50:00,3507.272
2023-03-12 23:00:00,3507.024
2023-03-13 00:20:00,3506.872
2023-03-13 01:30:00,3506.648
2023-03-13 02:40:00,3506.664
2023-03-13 03:50:00,3506.416
2023-03-13 05:00:00,3506.216
2023-03-13 06:10:00,3506.008
2023-03-13 07:20:00,3506.072
2023-03-13 08:30:00,3506.36
2023-03-13 09:40:00,3507.272
2023-03-13 10:50:00,3510.008
2023-03-13 12:00:00,3510.496
2023-03-13 13:10:00,3512.104
2023-03-13 14:20:00,3510.936
2023-03-13 15:30:00,3511.896
2023-03-13 16:40:00,3512.496
2023-03-13 17:50:00,3511.992
2023-03-13 19:00:00,3511.4
2023-03-13 20:10:00,3509.8
2023-03-13 21:20:00,3508.6
2023-03-13 22:30:00,3507.8
2023-03-13 23:40:00,3506.96
2023-03-14 01:00:00,3506.312
2023-03-14 02:10:00,3505.92
2023-03-14 03:20:00,3505.592
2023-03-14 04:30:00,3505.36
2023-03-14 05:40:00,3505.096
2023-03-14 06:50:00,3504.992
2023-03-14 08:00:00,3505.28
2023-03-14 09:10:00,3506.184
2023-03-14 10:20:00,3508.264
2023-03-14 11:30:00,3510.816
2023-03-14 12:40:00,3513.512
2023-03-14 13:50:00,3515.856
2023-03-14 15:00:00,3515.744
2023-03-14 16:10:00,3516.2
2023-03-14 17:20:00,3516.192
2023-03-14 18:30:00,3515.944
2023-03-14 19:40:00,3513.808
2023-03-14 20:50:00,3512.104
2023-03-14 22:00:00,3510.992
2023-03-14 23:10:00,3510.08
2023-03-15 00:30:00,3509.136
2023-03-15 01:40:00,3508.552
2023-03-15 02:50:00,3507.944
2023-03-15 04:00:00,3507.576
2023-03-15 05:10:00,3507.256
2023-03-15 06:20:00,3507.048
2023-03-15 07:30:00,3507.024
2023-03-15 08:40:00,3507.768
2023-03-15 09:50:00,3509.512
2023-03-15 11:00:00,3513.184
2023-03-15 12:10:00,3514.92
2023-03-15 13:20:00,3517.52
2023-03-15 14:30:00,3518.54399
2023-03-15 15:40:00,3519.79999
2023-03-15 16:50:00,3520.19999
2023-03-15 18:00:00,3520.232
2023-03-15 19:10:00,3516.28
2023-03-15 20:20:00,3515.384
2023-03-15 21:30:00,3514.376
2023-03-15 22:40:00,3513.416
2023-03-15 23:50:00,3513.256
2023-03-16 01:10:00,3513.336
2023-03-16 02:20:00,3512.224
2023-03-16 03:30:00,3512.056
2023-03-16 04:40:00,3511.52
2023-03-16 05:50:00,3510.848
2023-03-16 07:00:00,3510.952
2023-03-16 08:10:00,3511.128
2023-03-16 09:20:00,3511.44
2023-03-16 10:30:00,3511.44
2023-03-16 11:40:00,3509.784
2023-03-16 12:50:00,3508.68
2023-03-16 14:00:00,3508.424
2023-03-16 15:10:00,3508.248
2023-03-16 16:20:00,3508.416
2023-03-16 17:30:00,3508.512
2023-03-16 18:40:00,3508.432
2023-03-16 19:50:00,3508.344
2023-03-16 21:00:00,3508.52
2023-03-16 22:10:00,3508.744
2023-03-16 23:20:00,3508.92
2023-03-17 00:40:00,3508.8
2023-03-17 01:50:00,3508.616
2023-03-17 03:00:00,3508.544
2023-03-17 04:10:00,3508.352
2023-03-17 05:20:00,3508.264
2023-03-17 06:30:00,3508.168
2023-03-17 07:40:00,3508.232
2023-03-17 08:50:00,3508.408
2023-03-17 10:00:00,3508.744
2023-03-17 11:10:00,3509.208
2023-03-17 12:20:00,3509.664
2023-03-17 13:30:00,3510.152
2023-03-17 14:40:00,3511.576
2023-03-17 15:50:00,3511.8
2023-03-17 17:00:00,3511.848
2023-03-17 18:10:00,3511.512
2023-03-17 19:20:00,3511.368
2023-03-17 20:30:00,3510.616
2023-03-17 21:40:00,3509.496
2023-03-17 22:50:00,3509.032
2023-03-18 00:10:00,3508.984
2023-03-18 01:20:00,3509.152
2023-03-18 02:30:00,3508.624
2023-03-18 03:40:00,3508.76
2023-03-18 04:50:00,3508.192
2023-03-18 06:00:00,3507.72
2023-03-18 07:10:00,3507.72
2023-03-18 08:20:00,3507.992
2023-03-18 09:30:00,3508.048
2023-03-18 10:40:00,3508.112
2023-03-18 11:50:00,3507.976
2023-03-18 13:00:00,3507.496
2023-03-18 14:10:00,3507.896
2023-03-18 15:20:00,3508.504
2023-03-18 16:30:00,3508.888
2023-03-18 17:40:00,3508.904
2023-03-18 18:50:00,3508.888
2023-03-18 20:00:00,3508.888
2023-03-18 21:10:00,3508.856
2023-03-18 22:20:00,3508.76
2023-03-18 23:30:00,3508.584
2023-03-19 00:50:00,3508.296
2023-03-19 02:00:00,3508.008
2023-03-19 03:10:00,3507.944
2023-03-19 04:20:00,3507.848
2023-03-19 05:30:00,3506.984
2023-03-19 06:40:00,3506.856
2023-03-19 07:50:00,3506.792
2023-03-19 09:00:00,3507.096
2023-03-19 10:10:00,3507.304
2023-03-19 11:20:00,3507.656
2023-03-19 12:30:00,3508.216
2023-03-19 13:40:00,3508.648
2023-03-19 14:50:00,3509.368
2023-03-19 16:00:00,3509.456
2023-03-19 17:10:00,3509.848
2023-03-19 18:20:00,3510.04
2023-03-19 19:30:00,3509.352
2023-03-19 20:40:00,3508.736
2023-03-19 21:50:00,3508.128
2023-03-19 23:00:00,3507.296
2023-03-20 00:20:00,3506.808
2023-03-20 01:40:00,3506.424
2023-03-20 02:50:00,3506.184
2023-03-20 04:00:00,3506.6
2023-03-20 05:10:00,3506.464
2023-03-20 06:20:00,3506.744
2023-03-20 07:30:00,3507.048
2023-03-20 08:40:00,3507.464
2023-03-20 09:50:00,3507.864
2023-03-20 11:00:00,3508.672
2023-03-20 12:10:00,3510.288
2023-03-20 13:20:00,3511.6
2023-03-20 14:30:00,3513.016
2023-03-20 15:40:00,3513.088
2023-03-20 16:50:00,3513.248
2023-03-20 18:00:00,3513.192
2023-03-20 19:10:00,3512.248
2023-03-20 20:20:00,3510.792
2023-03-20 21:30:00,3509.792
2023-03-20 22:40:00,3509.056
2023-03-20 23:50:00,3508.584
2023-03-21 01:10:00,3508.208
2023-03-21 02:20:00,3507.856
2023-03-21 03:30:00,3507.648
2023-03-21 04:40:00,3507.496
2023-03-21 05:50:00,3507.432
2023-03-21 07:00:00,3507.552
2023-03-21 08:10:00,3507.816
2023-03-21 09:20:00,3509.848
2023-03-21 10:30:00,3512.728
2023-03-21 11:40:00,3514.768
2023-03-21 12:50:00,3514.936
2023-03-21 14:00:00,3516.576
2023-03-21 15:10:00,3517.248
2023-03-21 16:20:00,3517.16
2023-03-21 17:30:00,3515.672
2023-03-21 18:40:00,3514.624
2023-03-21 19:50:00,3513.976
2023-03-21 21:00:00,3513
2023-03-21 22:10:00,3512.12
2023-03-21 23:20:00,3511.768
2023-03-22 00:40:00,3510.68
2023-03-22 01:50:00,3510.336
2023-03-22 03:00:00,3510.568
2023-03-22 04:10:00,3509.848
2023-03-22 05:20:00,3510.216
2023-03-22 06:30:00,3509.72
2023-03-22 07:40:00,3510.056
2023-03-22 08:50:00,3509.88
2023-03-22 10:00:00,3510.184
2023-03-22 11:10:00,3510.568
2023-03-22 12:20:00,3510.424
2023-03-22 13:30:00,3510.04
2023-03-22 14:40:00,3510.184
2023-03-22 15:50:00,3510
2023-03-22 17:00:00,3510.28
2023-03-22 18:10:00,3510.472
2023-03-22 19:20:00,3510.504
2023-03-22 20:30:00,3510.4
2023-03-22 21:40:00,3510
2023-03-22 22:50:00,3509.944
2023-03-23 00:10:00,3509.848
2023-03-23 01:20:00,3509.904
2023-03-23 02:30:00,3509.72
2023-03-23 03:40:00,3509.928
2023-03-23 04:50:00,3509.928
2023-03-23 06:00:00,3509.896
2023-03-23 07:10:00,3510.232
2023-03-23 08:20:00,3510.912
2023-03-23 09:30:00,3511.128
2023-03-23 10:40:00,3510.84
2023-03-23 11:50:00,3509.856
2023-03-23 13:00:00,3510.056
2023-03-23 14:10:00,3509.704
2023-03-23 15:20:00,3509.912
2023-03-23 16:30:00,3509.504
2023-03-23 17:40:00,3509.944
2023-03-23 18:50:00,3509.856
2023-03-23 20:00:00,3509.464
2023-03-23 21:10:00,3509.056
2023-03-23 22:20:00,3509.144
2023-03-23 23:30:00,3509.128
2023-03-24 00:50:00,3508.968
2023-03-24 02:00:00,3508.888
2023-03-24 03:10:00,3508.68
2023-03-24 04:20:00,3508.696
2023-03-24 05:30:00,3508.248
2023-03-24 06:40:00,3507.88
2023-03-24 07:50:00,3507.728
2023-03-24 09:00:00,3507.496
2023-03-24 10:10:00,3507.352
2023-03-24 11:20:00,3507.352
2023-03-24 12:30:00,3507.344
2023-03-24 13:40:00,3507.336
2023-03-24 14:50:00,3507.352
2023-03-24 16:00:00,3507.352
2023-03-24 17:10:00,3507.544
2023-03-24 18:20:00,3507.672
2023-03-24 19:30:00,3507.72
2023-03-24 20:40:00,3507.752
2023-03-24 21:50:00,3507.768
2023-03-24 23:00:00,3507.768
2023-03-25 00:20:00,3507.712
2023-03-25 01:30:00,3507.688
2023-03-25 02:40:00,3507.352
2023-03-25 03:50:00,3507.48
2023-03-25 05:00:00,3507.304
2023-03-25 06:10:00,3507.32
2023-03-25 07:20:00,3507.424
2023-03-25 08:30:00,3507.608
2023-03-25 09:40:00,3507.768
2023-03-25 10:50:00,3507.944
2023-03-25 12:00:00,3507.992
2023-03-25 13:10:00,3507.864
2023-03-25 14:20:00,3507.512
2023-03-25 15:30:00,3507.864
2023-03-25 16:40:00,3508.248
2023-03-25 17:50:00,3508.656
2023-03-25 19:00:00,3508.76
2023-03-25 20:10:00,3508.552
2023-03-25 21:20:00,3508.528
2023-03-25 22:30:00,3508.368
2023-03-25 23:40:00,3508.256
2023-03-26 01:00:00,3508.088
2023-03-26 02:10:00,3507.96
2023-03-26 03:20:00,3507.848
2023-03-26 04:30:00,3507.768
2023-03-26 05:40:00,3507.824
2023-03-26 06:50:00,3508.176
2023-03-26 08:00:00,3508.104
2023-03-26 09:10:00,3509.016
2023-03-26 10:20:00,3509.408
2023-03-26 11:30:00,3510.04
2023-03-26 12:40:00,3510.496
2023-03-26 13:50:00,3510.888
2023-03-26 15:00:00,3511.2
2023-03-26 16:10:00,3511.224
2023-03-26 17:20:00,3511.4
2023-03-26 18:30:00,3511.32
2023-03-26 19:40:00,3510.776
2023-03-26 20:50:00,3509.992
2023-03-26 22:00:00,3509.512
2023-03-26 23:10:00,3509.104
2023-03-27 00:30:00,3508.704
2023-03-27 01:40:00,3508.4
2023-03-27 02:50:00,3508.176
2023-03-27 04:00:00,3508.088
2023-03-27 05:10:00,3508.112
2023-03-27 06:20:00,3507.832
2023-03-27 07:30:00,3508.152
2023-03-27 08:40:00,3508.024
2023-03-27 09:50:00,3509.304
2023-03-27 11:00:00,3510.76
2023-03-27 12:10:00,3512.336
2023-03-27 13:20:00,3513.36
2023-03-27 14:30:00,3512.784
2023-03-27 15:40:00,3511.624
2023-03-27 16:50:00,3511.768
2023-03-27 18:00:00,3511.792
2023-03-27 19:10:00,3511.432
2023-03-27 20:20:00,3510.92
2023-03-27 21:30:00,3509.688
2023-03-27 22:40:00,3509.24
2023-03-27 23:50:00,3508.616
2023-03-28 01:10:00,3508.376
2023-03-28 02:20:00,3508.28
2023-03-28 03:30:00,3508.232
2023-03-28 04:40:00,3508.12
2023-03-28 05:50:00,3507.936
2023-03-28 07:00:00,3508.016
2023-03-28 08:10:00,3508.144
2023-03-28 09:20:00,3508.32
2023-03-28 10:30:00,3508.92
2023-03-28 11:40:00,3509.464
2023-03-28 12:50:00,3511.016
2023-03-28 14:00:00,3512.24
2023-03-28 15:10:00,3513.064
2023-03-28 16:20:00,3513.24
2023-03-28 17:30:00,3513.104
2023-03-28 18:40:00,3512.568
2023-03-28 19:50:00,3512.064
2023-03-28 21:00:00,3511.24
2023-03-28 22:10:00,3510.856
2023-03-28 23:20:00,3510.264
2023-03-29 00:40:00,3509.584
2023-03-29 01:50:00,3509.272
2023-03-29 03:00:00,3508.76
2023-03-29 04:10:00,3508.648
2023-03-29 05:20:00,3508.408
2023-03-29 06:30:00,3508.088
2023-03-29 07:40:00,3508.128
2023-03-29 08:50:00,3508.296
2023-03-29 10:00:00,3509.016
2023-03-29 11:10:00,3510.696
2023-03-29 12:20:00,3512.04
2023-03-29 13:30:00,3512.36
2023-03-29 14:40:00,3512.424
2023-03-29 15:50:00,3512.984
2023-03-29 17:00:00,3513.136
2023-03-29 18:10:00,3513.272
2023-03-29 19:20:00,3511.624
2023-03-29 20:30:00,3511.328
2023-03-29 21:40:00,3510.488
2023-03-29 22:50:00,3509.992
2023-03-30 00:10:00,3508.952
2023-03-30 01:20:00,3508.504
2023-03-30 02:30:00,3508.12
2023-03-30 03:40:00,3507.824
2023-03-30 04:50:00,3507.528
2023-03-30 06:00:00,3507.08
2023-03-30 07:10:00,3507.072
2023-03-30 08:20:00,3507.272
2023-03-30 09:30:00,3509.624
2023-03-30 10:40:00,3510.632
2023-03-30 11:50:00,3513.04
2023-03-30 13:00:00,3515.232
2023-03-30 14:10:00,3516.504
2023-03-30 15:20:00,3516.424
2023-03-30 16:30:00,3516.896
2023-03-30 17:40:00,3516.496
2023-03-30 18:50:00,3515.84
2023-03-30 20:00:00,3513.256
2023-03-30 21:10:00,3512.072
2023-03-30 22:20:00,3511.32
2023-03-30 23:30:00,3510.504
2023-03-31 00:50:00,3509.808
2023-03-31 02:00:00,3509.664
2023-03-31 03:10:00,3509.272
2023-03-31 04:20:00,3509.128
2023-03-31 05:30:00,3508.864
2023-03-31 06:40:00,3508.768
2023-03-31 07:50:00,3508.992
2023-03-31 09:00:00,3509.416
2023-03-31 10:10:00,3510.968
2023-03-31 11:20:00,3513.464
2023-03-31 12:30:00,3515.688
2023-03-31 13:40:00,3517.096
2023-03-31 14:50:00,3518.14399
2023-03-31 16:00:00,3517.336
2023-03-31 17:10:00,3517.14399
2023-03-31 18:20:00,3515.88
2023-03-31 19:30:00,3515.272
2023-03-31 20:40:00,3513.528
2023-03-31 21:50:00,3512.816
2023-03-31 23:00:00,3512.6
2023-04-01 00:20:00,3511.536
2023-04-01 01:30:00,3511.112
2023-04-01 02:40:00,3510.392
2023-04-01 03:50:00,3509.648
2023-04-01 05:00:00,3509.56
2023-04-01 06:10:00,3509.08
2023-04-01 07:20:00,3509.016
2023-04-01 08:30:00,3510.248
2023-04-01 09:40:00,3512.2
2023-04-01 10:50:00,3515.352
2023-04-01 12:00:00,3515.352
2023-04-01 13:10:00,3518.44
2023-04-01 14:20:00,3518.616
2023-04-01 15:30:00,3519.56
2023-04-01 16:40:00,3520.59999
2023-04-01 17:50:00,3519.736
2023-04-01 19:00:00,3518.608
2023-04-01 20:10:00,3517.824
2023-04-01 21:20:00,3517.32
2023-04-01 22:30:00,3515.264
2023-04-01 23:40:00,3513.672
2023-04-02 01:00:00,3512.624
2023-04-02 02:10:00,3512.28
2023-04-02 03:20:00,3512.12
2023-04-02 04:30:00,3511.832
2023-04-02 05:40:00,3511.944
2023-04-02 06:50:00,3512.88
2023-04-02 08:00:00,3512.736
2023-04-02 09:10:00,3513.064
2023-04-02 10:20:00,3515.048
2023-04-02 12:10:00,3518.31199
2023-04-02 13:20:00,3519.48
2023-04-02 14:30:00,3519.76
2023-04-02 15:40:00,3519.992
2023-04-02 16:50:00,3519.94399
2023-04-02 18:00:00,3519.624
2023-04-02 19:10:00,3518.872
2023-04-02 20:20:00,3517.976
2023-04-02 21:30:00,3517.464
2023-04-02 22:40:00,3516.528
2023-04-02 23:50:00,3515.84
2023-04-03 01:20:00,3515.512
2023-04-03 02:30:00,3512.624
2023-04-03 03:40:00,3513.024
2023-04-03 04:50:00,3512.976
2023-04-03 06:00:00,3513.016
2023-04-03 07:10:00,3512.728
2023-04-03 08:20:00,3513.208
2023-04-03 09:30:00,3514.704
2023-04-03 10:40:00,3516.328
2023-04-03 11:50:00,3517.288
2023-04-03 13:00:00,3516.376
2023-04-03 14:10:00,3515.744
2023-04-03 15:20:00,3516.808
2023-04-03 16:30:00,3517.39999
2023-04-03 17:40:00,3516.36
2023-04-03 18:50:00,3515.848
2023-04-03 20:00:00,3515.336
2023-04-03 21:10:00,3514.92
2023-04-03 22:20:00,3513.752
2023-04-03 23:30:00,3513.648
2023-04-04 00:50:00,3513.064
2023-04-04 02:00:00,3512.304
2023-04-04 03:10:00,3512.744
2023-04-04 04:20:00,3512.92
2023-04-04 05:30:00,3513
2023-04-04 06:40:00,3512.608
2023-04-04 07:50:00,3511.992
2023-04-04 09:00:00,3511.848
2023-04-04 10:10:00,3511.632
2023-04-04 11:20:00,3511.736
2023-04-04 12:30:00,3510.896
2023-04-04 13:40:00,3510.752
2023-04-04 14:50:00,3511.176
2023-04-04 16:00:00,3511.624
2023-04-04 17:10:00,3511.784
2023-04-04 18:20:00,3511.728
2023-04-04 19:30:00,3511.136
2023-04-04 20:40:00,3511.408
2023-04-04 21:50:00,3511.272
2023-04-04 23:00:00,3511.24
2023-04-05 00:20:00,3511.056
2023-04-05 01:30:00,3510.888
2023-04-05 02:40:00,3510.952
2023-04-05 03:50:00,3511.224
2023-04-05 05:00:00,3511.408
2023-04-05 06:10:00,3511.592
2023-04-05 07:20:00,3511.672
2023-04-05 08:30:00,3511.8
2023-04-05 09:40:00,3511.864
2023-04-05 10:50:00,3511.864
2023-04-05 12:00:00,3511.8
2023-04-05 13:10:00,3509.416
2023-04-05 14:20:00,3508.408
2023-04-05 15:30:00,3508.912
2023-04-05 16:40:00,3509.432
2023-04-05 17:50:00,3509.936
2023-04-05 19:00:00,3510.184
2023-04-05 20:10:00,3510.344
2023-04-05 21:20:00,3510.144
2023-04-05 22:30:00,3510
2023-04-05 23:40:00,3509.632
2023-04-06 01:00:00,3508.64
2023-04-06 02:10:00,3508.352
2023-04-06 03:20:00,3508.36
2023-04-06 04:30:00,3508.36
2023-04-06 05:40:00,3508.328
2023-04-06 06:50:00,3508.232
2023-04-06 08:00:00,3508.832
2023-04-06 09:10:00,3509.544
2023-04-06 10:20:00,3511.448
2023-04-06 11:30:00,3513.608
2023-04-06 12:40:00,3514.2
2023-04-06 13:50:00,3514.616
2023-04-06 15:00:00,3513.664
2023-04-06 16:10:00,3514.664
2023-04-06 17:20:00,3514.344
2023-04-06 18:30:00,3514.08
2023-04-06 19:40:00,3513.384
2023-04-06 20:50:00,3512.344
2023-04-06 22:00:00,3511.408
2023-04-06 23:10:00,3510.504
2023-04-07 00:30:00,3509.544
2023-04-07 01:40:00,3509.08
2023-04-07 02:50:00,3508.552
2023-04-07 04:00:00,3508.128
2023-04-07 05:10:00,3507.672
2023-04-07 06:20:00,3507.4
2023-04-07 07:30:00,3507.648
2023-04-07 08:40:00,3508.224
2023-04-07 09:50:00,3508.632
2023-04-07 11:00:00,3509.288
2023-04-07 12:10:00,3509.952
2023-04-07 13:20:00,3510.728
2023-04-07 14:30:00,3511.784
2023-04-07 15:40:00,3512.68
2023-04-07 16:50:00,3512.568
2023-04-07 18:00:00,3512.72
2023-04-07 19:10:00,3512.536
2023-04-07 20:20:00,3511.704
2023-04-07 21:30:00,3511.12
2023-04-07 22:40:00,3510.696
2023-04-07 23:50:00,3510.392
2023-04-08 01:10:00,3509.912
2023-04-08 02:20:00,3509.624
2023-04-08 03:30:00,3509.48
2023-04-08 04:40:00,3509.416
2023-04-08 05:50:00,3509.224
2023-04-08 07:00:00,3509.208
2023-04-08 08:10:00,3509.44
2023-04-08 09:20:00,3510.04
2023-04-08 10:30:00,3510.576
2023-04-08 11:40:00,3511.248
2023-04-08 12:50:00,3512.344
2023-04-08 14:00:00,3514.48
2023-04-08 15:10:00,3515.544
2023-04-08 16:20:00,3516.344
2023-04-08 17:30:00,3516.72
2023-04-08 18:40:00,3515.616
2023-04-08 19:50:00,3513.664
2023-04-08 21:00:00,3512.264
2023-04-08 22:10:00,3511.16
2023-04-08 23:20:00,3510.416
2023-04-09 00:40:00,3509.68
2023-04-09 01:50:00,3509.256
2023-04-09 03:00:00,3509.2
2023-04-09 04:10:00,3509.04
2023-04-09 05:20:00,3509.088
2023-04-09 06:30:00,3508.952
2023-04-09 07:40:00,3509.384
2023-04-09 08:50:00,3510.296
2023-04-09 10:00:00,3512.224
2023-04-09 11:10:00,3514.512
2023-04-09 12:20:00,3517.45599
2023-04-09 13:30:00,3518.224
2023-04-09 14:40:00,3519.19999
2023-04-09 15:50:00,3518.488
2023-04-09 17:00:00,3518.104
2023-04-09 18:10:00,3517.25599
2023-04-09 19:20:00,3516.624
2023-04-09 20:30:00,3515.8
2023-04-09 21:40:00,3515.008
2023-04-09 22:50:00,3513.568
2023-04-10 00:10:00,3512.576
2023-04-10 01:20:00,3511.912
2023-04-10 02:30:00,3511.944
2023-04-10 03:40:00,3511.28
2023-04-10 04:50:00,3510.888
2023-04-10 06:00:00,3510.608
2023-04-10 07:10:00,3510.656
2023-04-10 08:20:00,3511.608
2023-04-10 09:30:00,3513.288
2023-04-10 10:40:00,3515.408
2023-04-10 11:50:00,3516.392
2023-04-10 13:00:00,3517.85599
2023-04-10 14:10:00,3519.928
2023-04-10 15:20:00,3520.704
2023-04-10 16:30:00,3520.448
2023-04-10 17:40:00,3521.816
2023-04-10 18:50:00,3518.736
2023-04-10 20:00:00,3517.368
2023-04-10 21:10:00,3515.64
2023-04-10 22:20:00,3514.4
2023-04-10 23:30:00,3513.592
2023-04-11 00:50:00,3512.944
2023-04-11 02:00:00,3512.488
2023-04-11 03:10:00,3511.96
2023-04-11 04:20:00,3511.712
2023-04-11 05:30:00,3512.168
2023-04-11 06:40:00,3511.632
2023-04-11 07:50:00,3512.584
2023-04-11 09:00:00,3513.264
2023-04-11 10:10:00,3514.28
2023-04-11 11:20:00,3516.776
2023-04-11 12:30:00,3518.632
2023-04-11 13:40:00,3521.304
2023-04-11 14:50:00,3522.416
2023-04-11 16:00:00,3524.008
2023-04-11 17:10:00,3524.576
2023-04-11 18:20:00,3522.504
2023-04-11 19:30:00,3519.496
2023-04-11 20:40:00,3518.552
2023-04-11 21:50:00,3517.14399
2023-04-11 23:00:00,3515.944
2023-04-12 00:20:00,3514.752
2023-04-12 01:30:00,3513.864
2023-04-12 02:40:00,3513.912
2023-04-12 03:50:00,3513.256
2023-04-12 05:00:00,3512.856
2023-04-12 06:10:00,3512.296
2023-04-12 07:20:00,3512.816
2023-04-12 08:30:00,3513.04
2023-04-12 09:40:00,3515.664
2023-04-12 10:50:00,3516.488
2023-04-12 12:00:00,3516.94399
2023-04-12 13:10:00,3514.536
2023-04-12 14:20:00,3513.352
2023-04-12 15:30:00,3513.336
2023-04-12 16:40:00,3514.184
2023-04-12 17:50:00,3513.992
2023-04-12 19:00:00,3513.632
2023-04-12 20:10:00,3513.216
2023-04-12 21:20:00,3512.96
2023-04-12 22:30:00,3511.752
2023-04-12 23:40:00,3511.28
2023-04-13 01:00:00,3511.488
2023-04-13 02:10:00,3511.256
2023-04-13 03:20:00,3511.144
2023-04-13 04:30:00,3511.176
2023-04-13 05:40:00,3511.432
2023-04-13 06:50:00,3511.152
2023-04-13 08:00:00,3511.64
2023-04-13 09:10:00,3512.296
2023-04-13 10:20:00,3513.336
2023-04-13 11:30:00,3514.544
2023-04-13 12:40:00,3513.592
2023-04-13 13:50:00,3513.664
2023-04-13 15:00:00,3513.864
2023-04-13 16:10:00,3514.008
2023-04-13 17:20:00,3514.52
2023-04-13 18:30:00,3514.016
2023-04-13 19:40:00,3513.88
2023-04-13 20:50:00,3513.936
2023-04-13 22:00:00,3513.4
2023-04-13 23:10:00,3513.072
2023-04-14 00:30:00,3512.792
2023-04-14 01:40:00,3512.952
2023-04-14 02:50:00,3512.608
2023-04-14 04:00:00,3512.392
2023-04-14 05:10:00,3512.36
2023-04-14 06:20:00,3512.488
2023-04-14 07:30:00,3512.672
2023-04-14 08:40:00,3512.856
2023-04-14 09:50:00,3513.016
2023-04-14 11:00:00,3512.768
2023-04-14 12:10:00,3513.048
2023-04-14 13:20:00,3514.864
2023-04-14 14:30:00,3516.216
2023-04-14 15:40:00,3517.104
2023-04-14 16:50:00,3517.552
2023-04-14 18:00:00,3517.12
2023-04-14 19:10:00,3515.92
2023-04-14 20:30:00,3514.808
2023-04-14 21:40:00,3513.44
2023-04-14 22:50:00,3512.728
2023-04-15 00:10:00,3512.096
2023-04-15 01:20:00,3511.568
2023-04-15 02:30:00,3510.888
2023-04-15 03:40:00,3510.552
2023-04-15 04:50:00,3510.336
2023-04-15 06:00:00,3510.248
2023-04-15 07:10:00,3510.288
2023-04-15 08:20:00,3511.128
2023-04-15 09:30:00,3512.376
2023-04-15 10:40:00,3514.84
2023-04-15 11:50:00,3518.288
2023-04-15 13:00:00,3518.104
2023-04-15 14:10:00,3519.088
2023-04-15 15:30:00,3520.264
2023-04-15 16:40:00,3520.784
2023-04-15 17:50:00,3521.11199
2023-04-15 19:00:00,3520.152
2023-04-15 20:10:00,3517.768
2023-04-15 21:20:00,3516.376
2023-04-15 22:30:00,3514.648
2023-04-15 23:40:00,3514.2
2023-04-16 01:00:00,3513.096
2023-04-16 02:10:00,3512.536
2023-04-16 03:20:00,3511.624
2023-04-16 04:30:00,3511.208
2023-04-16 05:40:00,3510.856
2023-04-16 06:50:00,3510.696
2023-04-16 08:00:00,3511.624
2023-04-16 09:10:00,3513.04
2023-04-16 10:20:00,3515.496
2023-04-16 11:30:00,3518.51199
2023-04-16 12:40:00,3521.168
2023-04-16 13:50:00,3522.88
2023-04-16 15:00:00,3523.976
2023-04-16 16:10:00,3525.216
2023-04-16 17:20:00,3525.488
2023-04-16 18:30:00,3522.992
2023-04-16 19:40:00,3520.34399
2023-04-16 20:50:00,3518.216
2023-04-16 22:00:00,3517.168
2023-04-16 23:10:00,3516.056
2023-04-17 00:30:00,3515.08
2023-04-17 01:40:00,3514.696
2023-04-17 02:50:00,3514.2
2023-04-17 04:00:00,3513.792
2023-04-17 05:10:00,3513.936
2023-04-17 06:20:00,3513.512
2023-04-17 07:30:00,3513.72
2023-04-17 08:40:00,3514.552
2023-04-17 09:50:00,3516.08
2023-04-17 11:00:00,3518.04
2023-04-17 12:10:00,3519.984
2023-04-17 13:20:00,3522.25599
2023-04-17 14:30:00,3523.648
2023-04-17 15:40:00,3524.408
2023-04-17 16:50:00,3525.224
2023-04-17 18:00:00,3524.45599
2023-04-17 19:10:00,3522.664
2023-04-17 20:20:00,3521.768
2023-04-17 21:30:00,3519.64
2023-04-17 22:40:00,3518.776
2023-04-17 23:50:00,3518.304
2023-04-18 01:10:00,3518.472
2023-04-18 02:20:00,3519.528
2023-04-18 03:30:00,3518.92
2023-04-18 04:40:00,3517.408
2023-04-18 05:50:00,3516.464
2023-04-18 07:00:00,3515.912
2023-04-18 08:10:00,3515.768
2023-04-18 09:20:00,3516.192
2023-04-18 10:30:00,3516.616
2023-04-18 11:40:00,3517.584
2023-04-18 12:50:00,3516.792
2023-04-18 14:00:00,3518.392
2023-04-18 15:10:00,3518.424
2023-04-18 16:20:00,3517.96
2023-04-18 17:30:00,3516.624
2023-04-18 18:40:00,3516
2023-04-18 19:50:00,3515.52
2023-04-18 21:00:00,3515.696
2023-04-18 22:10:00,3515.056
2023-04-18 23:20:00,3515.048
2023-04-19 00:40:00,3514.848
2023-04-19 01:50:00,3514.48
2023-04-19 03:00:00,3514.504
2023-04-19 04:10:00,3514.496
2023-04-19 05:20:00,3514.352
2023-04-19 06:30:00,3514.208
2023-04-19 07:40:00,3514.872
2023-04-19 08:50:00,3515.688
2023-04-19 10:30:00,3518.52
2023-04-19 11:40:00,3519.976
2023-04-19 12:50:00,3521.928
2023-04-19 14:00:00,3522.968
2023-04-19 15:10:00,3524.104
2023-04-19 16:20:00,3525.28
2023-04-19 17:30:00,3522.216
2023-04-19 18:40:00,3521.136
2023-04-19 19:50:00,3520.632
2023-04-19 21:00:00,3519.36
2023-04-19 22:10:00,3518.352
2023-04-19 23:20:00,3517.16
2023-04-20 00:40:00,3516.936
2023-04-20 01:50:00,3515.768
2023-04-20 03:00:00,3514.68
2023-04-20 04:10:00,3515.24
2023-04-20 05:20:00,3515.136
2023-04-20 06:30:00,3513.92
2023-04-20 07:40:00,3514.096
2023-04-20 08:50:00,3515.128
2023-04-20 10:00:00,3517.28
2023-04-20 11:10:00,3520.048
2023-04-20 12:20:00,3521.672
2023-04-20 13:30:00,3522.928
2023-04-20 14:40:00,3524.152
2023-04-20 15:50:00,3525.272
2023-04-20 17:00:00,3522.784
2023-04-20 18:10:00,3520.92
2023-04-20 19:20:00,3519.664
2023-04-20 20:30:00,3518.54399
2023-04-20 21:40:00,3517.816
2023-04-20 22:50:00,3517.696
2023-04-21 00:10:00,3517.088
2023-04-21 01:20:00,3516.6
2023-04-21 02:30:00,3515.448
2023-04-21 03:40:00,3516.704
2023-04-21 04:50:00,3516.792
2023-04-21 06:00:00,3516.648
2023-04-21 07:10:00,3517.024
2023-04-21 08:20:00,3517.016
2023-04-21 09:30:00,3517.04
