时间,风速(m/s)
2023-01-01 01:19:00,2.19
2023-01-01 02:38:00,3.92
2023-01-01 03:57:00,2.12
2023-01-01 05:15:00,0.64
2023-01-01 06:34:00,0.82
2023-01-01 07:52:00,2.13
2023-01-01 09:10:00,2.07
2023-01-01 10:28:00,2.59
2023-01-01 11:46:00,2.84
2023-01-01 13:05:00,3.1
2023-01-01 14:24:00,1.34
2023-01-01 15:42:00,1.41
2023-01-01 17:00:00,1.94
2023-01-01 18:18:00,1.48
2023-01-01 19:37:00,1.38
2023-01-01 20:55:00,1.96
2023-01-01 22:13:00,1.31
2023-01-01 23:31:00,3.8
2023-01-02 00:51:00,1.08
2023-01-02 02:10:00,2.42
2023-01-02 03:28:00,0.21
2023-01-02 04:46:00,0.12
2023-01-02 06:05:00,0.24
2023-01-02 07:23:00,0.6
2023-01-02 08:42:00,1.31
2023-01-02 10:00:00,2.4
2023-01-02 11:19:00,2.3
2023-01-02 12:37:00,1.87
2023-01-02 13:55:00,0.02
2023-01-02 15:14:00,0.06
2023-01-02 16:32:00,0.82
2023-01-02 17:50:00,0.59
2023-01-02 19:08:00,2.06
2023-01-02 20:27:00,2.22
2023-01-02 21:45:00,2.49
2023-01-02 23:03:00,1.78
2023-01-03 00:23:00,1.79
2023-01-03 01:42:00,2.28
2023-01-03 03:00:00,2.09
2023-01-03 04:19:00,1
2023-01-03 05:37:00,1.54
2023-01-03 06:57:00,1.29
2023-01-03 08:16:00,2.39
2023-01-03 09:35:00,1.04
2023-01-03 10:54:00,1.42
2023-01-03 12:12:00,0.69
2023-01-03 13:30:00,0.15
2023-01-03 14:48:00,1.07
2023-01-03 16:06:00,1.74
2023-01-03 17:24:00,2.59
2023-01-03 18:42:00,3.12
2023-01-03 20:00:00,1.56
2023-01-03 21:18:00,1.99
2023-01-03 22:37:00,1.59
2023-01-03 23:55:00,2.54
2023-01-04 01:15:00,2.24
2023-01-04 02:33:00,2.82
2023-01-04 03:51:00,1.98
2023-01-04 05:10:00,2.3
2023-01-04 06:29:00,2.7
2023-01-04 07:48:00,3.3
2023-01-04 09:06:00,1.98
2023-01-04 10:24:00,1.4
2023-01-04 11:42:00,2.48
2023-01-04 13:01:00,2.26
2023-01-04 14:20:00,1.8
2023-01-04 15:39:00,1.51
2023-01-04 16:58:00,2.3
2023-01-04 18:17:00,1.8
2023-01-04 19:35:00,1.68
2023-01-04 20:53:00,1.52
2023-01-04 22:11:00,1.56
2023-01-04 23:30:00,2.32
2023-01-05 00:49:00,0.26
2023-01-05 02:07:00,0.2
2023-01-05 03:25:00,0.62
2023-01-05 04:44:00,0.43
2023-01-05 06:03:00,0.07
2023-01-05 07:22:00,1.65
2023-01-05 08:41:00,0.94
2023-01-05 09:59:00,0.42
2023-01-05 11:17:00,0.02
2023-01-05 12:35:00,0.98
2023-01-05 13:54:00,2.01
2023-01-05 15:12:00,2.35
2023-01-05 16:31:00,1.56
2023-01-05 17:50:00,0.91
2023-01-05 19:08:00,0.17
2023-01-05 20:26:00,0.75
2023-01-05 21:44:00,2.06
2023-01-05 23:03:00,2.76
2023-01-06 00:25:00,0.5
2023-01-06 01:43:00,2.24
2023-01-06 03:01:00,2.4
2023-01-06 04:19:00,1.5
2023-01-06 05:37:00,0.67
2023-01-06 06:56:00,0.9
2023-01-06 08:15:00,1.67
2023-01-06 09:33:00,0.79
2023-01-06 10:52:00,0.25
2023-01-06 12:10:00,0.5
2023-01-06 13:29:00,0.7
2023-01-06 14:47:00,0.2
2023-01-06 16:06:00,0.83
2023-01-06 17:24:00,2.56
2023-01-06 18:43:00,1.43
2023-01-06 20:02:00,2.03
2023-01-06 21:21:00,2.97
2023-01-06 22:39:00,2.33
2023-01-06 23:58:00,1.97
2023-01-07 01:18:00,1.75
2023-01-07 02:36:00,2.45
2023-01-07 03:55:00,2.42
2023-01-07 05:14:00,2.51
2023-01-07 06:33:00,3.93
2023-01-07 07:51:00,1.56
2023-01-07 09:10:00,1.19
2023-01-07 10:29:00,1.76
2023-01-07 11:48:00,2.98
2023-01-07 13:06:00,1.24
2023-01-07 14:25:00,2.51
2023-01-07 15:43:00,0.28
2023-01-07 17:02:00,1.89
2023-01-07 18:22:00,2.42
2023-01-07 19:41:00,2.52
2023-01-07 20:59:00,1.78
2023-01-07 22:17:00,2.88
2023-01-07 23:36:00,3.71
2023-01-08 00:55:00,1.4
2023-01-08 02:14:00,0.03
2023-01-08 03:32:00,1.21
2023-01-08 04:50:00,0.01
2023-01-08 06:09:00,0.91
2023-01-08 07:27:00,1.44
2023-01-08 08:45:00,1.8
2023-01-08 10:05:00,1.1
2023-01-08 11:24:00,1.45
2023-01-08 12:43:00,0.05
2023-01-08 14:02:00,1.02
2023-01-08 15:20:00,0.51
2023-01-08 16:39:00,1.64
2023-01-08 17:58:00,0.07
2023-01-08 19:17:00,0.93
2023-01-08 20:35:00,2.24
2023-01-08 21:54:00,3.52
2023-01-08 23:13:00,0.63
2023-01-09 00:32:00,0.15
2023-01-09 01:51:00,0.37
2023-01-09 03:10:00,1.3
2023-01-09 04:29:00,0.04
2023-01-09 05:47:00,0.49
2023-01-09 07:05:00,0.16
2023-01-09 08:24:00,1.39
2023-01-09 09:43:00,1.1
2023-01-09 11:03:00,0.38
2023-01-09 12:21:00,2.03
2023-01-09 13:40:00,0.15
2023-01-09 14:58:00,1.12
2023-01-09 16:16:00,1.95
2023-01-09 17:34:00,1.15
2023-01-09 18:52:00,1.2
2023-01-09 20:11:00,1.22
2023-01-09 21:29:00,0.23
2023-01-09 22:47:00,0.9
2023-01-10 00:08:00,1
2023-01-10 01:26:00,0.76
2023-01-10 02:45:00,1.7
2023-01-10 04:03:00,1.4
2023-01-10 05:22:00,0.49
2023-01-10 06:41:00,0.13
2023-01-10 07:59:00,0.5
2023-01-10 09:18:00,0.88
2023-01-10 10:36:00,2
2023-01-10 11:54:00,0.56
2023-01-10 13:13:00,0.62
2023-01-10 14:32:00,1.25
2023-01-10 15:51:00,0.2
2023-01-10 17:09:00,2.16
2023-01-10 18:28:00,1.26
2023-01-10 19:46:00,1.73
2023-01-10 21:05:00,0.09
2023-01-10 22:24:00,0.7
2023-01-10 23:44:00,0.64
2023-01-11 01:04:00,3.31
2023-01-11 02:22:00,3.95
2023-01-11 03:40:00,4.03
2023-01-11 04:58:00,4.24
2023-01-11 06:17:00,4.46
2023-01-11 07:36:00,4.48
2023-01-11 08:55:00,5.13
2023-01-11 10:13:00,3.19
2023-01-11 11:31:00,2.92
2023-01-11 12:50:00,4.34
2023-01-11 14:09:00,4.33
2023-01-11 15:27:00,3.33
2023-01-11 16:45:00,3.19
2023-01-11 18:04:00,1.04
2023-01-11 19:23:00,2.93
2023-01-11 20:41:00,2.83
2023-01-11 21:59:00,3.7
2023-01-11 23:17:00,5.3
2023-01-12 00:38:00,4.8
2023-01-12 01:56:00,5.5
2023-01-12 03:14:00,4.9
2023-01-12 04:33:00,1.61
2023-01-12 05:51:00,4
2023-01-12 07:09:00,3.34
2023-01-12 08:28:00,2.5
2023-01-12 09:47:00,1.5
2023-01-12 11:05:00,0.8
2023-01-12 12:24:00,0.66
2023-01-12 13:42:00,0.29
2023-01-12 15:00:00,0.89
2023-01-12 16:19:00,1.17
2023-01-12 17:37:00,0.78
2023-01-12 18:55:00,2.59
2023-01-12 20:14:00,3.6
2023-01-12 21:32:00,3.46
2023-01-12 22:51:00,4.19
2023-01-13 00:13:00,4.5
2023-01-13 01:31:00,3.01
2023-01-13 02:49:00,4.15
2023-01-13 04:07:00,3.26
2023-01-13 05:25:00,0.6
2023-01-13 06:43:00,4.3
2023-01-13 08:02:00,3.43
2023-01-13 09:20:00,2.48
2023-01-13 10:39:00,0.86
2023-01-13 11:57:00,0.75
2023-01-13 13:15:00,1.71
2023-01-13 14:33:00,0.57
2023-01-13 15:51:00,0.21
2023-01-13 17:10:00,0.41
2023-01-13 18:28:00,1.14
2023-01-13 19:46:00,0.5
2023-01-13 21:04:00,0.03
2023-01-13 22:23:00,0.8
2023-01-13 23:41:00,1.49
2023-01-14 01:02:00,0.8
2023-01-14 02:21:00,2.36
2023-01-14 03:39:00,1.22
2023-01-14 04:57:00,1.05
2023-01-14 06:15:00,2.1
2023-01-14 07:34:00,1.7
2023-01-14 08:52:00,4.85
2023-01-14 10:12:00,3.1
2023-01-14 11:30:00,5.82
2023-01-14 12:49:00,5.44
2023-01-14 14:07:00,5.12
2023-01-14 15:25:00,4.76
2023-01-14 16:43:00,4.74
2023-01-14 18:02:00,4.2
2023-01-14 19:21:00,2.1
2023-01-14 20:40:00,4.2
2023-01-14 21:59:00,2.56
2023-01-14 23:17:00,2.07
2023-01-15 00:36:00,2.39
2023-01-15 01:54:00,3.28
2023-01-15 03:12:00,0.62
2023-01-15 04:30:00,3.74
2023-01-15 05:48:00,3.4
2023-01-15 07:06:00,2.04
2023-01-15 08:25:00,1.98
2023-01-15 09:43:00,2.89
2023-01-15 11:01:00,4.58
2023-01-15 12:19:00,3.06
2023-01-15 13:38:00,4.16
2023-01-15 14:56:00,2.98
2023-01-15 16:14:00,1.59
2023-01-15 17:32:00,0.88
2023-01-15 18:50:00,1.86
2023-01-15 20:08:00,0.62
2023-01-15 21:27:00,2.2
2023-01-15 22:47:00,0.16
2023-01-16 00:07:00,0.3
2023-01-16 01:26:00,0.13
2023-01-16 02:44:00,2.12
2023-01-16 04:03:00,0.81
2023-01-16 05:21:00,0.8
2023-01-16 06:39:00,0.54
2023-01-16 07:57:00,2.2
2023-01-16 09:16:00,0.6
2023-01-16 10:34:00,0.93
2023-01-16 11:52:00,1.1
2023-01-16 13:10:00,2.12
2023-01-16 14:28:00,1.45
2023-01-16 15:47:00,1.83
2023-01-16 17:05:00,2.62
2023-01-16 18:23:00,2.01
2023-01-16 19:41:00,3.84
2023-01-16 21:00:00,1.93
2023-01-16 22:19:00,1.45
2023-01-16 23:37:00,1.49
2023-01-17 00:58:00,0.39
2023-01-17 02:16:00,0.49
2023-01-17 03:34:00,0.3
2023-01-17 04:53:00,0.7
2023-01-17 06:11:00,0.78
2023-01-17 07:29:00,0.17
2023-01-17 08:47:00,0.38
2023-01-17 10:05:00,2.01
2023-01-17 11:23:00,0.19
2023-01-17 12:42:00,1.53
2023-01-17 14:00:00,0.1
2023-01-17 15:18:00,0.41
2023-01-17 16:36:00,0.53
2023-01-17 17:55:00,2.36
2023-01-17 19:13:00,1.61
2023-01-17 20:31:00,1.52
2023-01-17 21:50:00,2
2023-01-17 23:08:00,2.1
2023-01-18 00:28:00,0.5
2023-01-18 01:46:00,1.71
2023-01-18 03:04:00,1.96
2023-01-18 04:22:00,0.7
2023-01-18 05:41:00,0.56
2023-01-18 07:00:00,1.82
2023-01-18 08:18:00,1.4
2023-01-18 09:37:00,2.8
2023-01-18 10:55:00,1.41
2023-01-18 12:13:00,1.73
2023-01-18 13:32:00,1.08
2023-01-18 14:51:00,2.17
2023-01-18 16:09:00,1.76
2023-01-18 17:27:00,2.07
2023-01-18 18:45:00,2.93
2023-01-18 20:04:00,1.17
2023-01-18 21:23:00,2.9
2023-01-18 22:41:00,2.34
2023-01-19 00:02:00,2.76
2023-01-19 01:21:00,1.77
2023-01-19 02:39:00,2.22
2023-01-19 03:58:00,2.24
2023-01-19 05:16:00,1.05
2023-01-19 06:34:00,2
2023-01-19 07:53:00,1.66
2023-01-19 09:11:00,2.76
2023-01-19 10:30:00,2.02
2023-01-19 11:48:00,1.99
2023-01-19 13:06:00,0.04
2023-01-19 14:24:00,0.33
2023-01-19 15:42:00,0.15
2023-01-19 17:00:00,0.03
2023-01-19 18:19:00,0.36
2023-01-19 19:38:00,0.5
2023-01-19 20:56:00,1.75
2023-01-19 22:14:00,0.22
2023-01-19 23:33:00,2.39
2023-01-20 00:52:00,3.2
2023-01-20 02:11:00,2.9
2023-01-20 03:29:00,3.96
2023-01-20 04:47:00,2.2
2023-01-20 06:06:00,3.2
2023-01-20 07:25:00,3
2023-01-20 08:44:00,3.53
2023-01-20 10:02:00,3.82
2023-01-20 11:21:00,1.9
2023-01-20 12:40:00,1.31
2023-01-20 13:58:00,1.66
2023-01-20 15:16:00,3.16
2023-01-20 16:34:00,0.49
2023-01-20 17:52:00,0.01
2023-01-20 19:10:00,0.93
2023-01-20 20:29:00,1.07
2023-01-20 21:48:00,0.53
2023-01-20 23:07:00,0.13
2023-01-21 00:26:00,0.17
2023-01-21 01:45:00,0.73
2023-01-21 03:03:00,0.04
2023-01-21 04:21:00,0.68
2023-01-21 05:39:00,1.39
2023-01-21 06:58:00,1.85
2023-01-21 08:16:00,1.85
2023-01-21 09:35:00,1.36
2023-01-21 10:53:00,2.68
2023-01-21 12:11:00,3.78
2023-01-21 13:29:00,3.39
2023-01-21 14:48:00,3.14
2023-01-21 16:06:00,1.64
2023-01-21 17:24:00,3.58
2023-01-21 18:42:00,0.69
2023-01-21 20:01:00,0.8
2023-01-21 21:20:00,0.85
2023-01-21 22:38:00,0.4
2023-01-21 23:58:00,1.96
2023-01-22 01:18:00,1.64
2023-01-22 02:38:00,0.5
2023-01-22 03:56:00,0.9
2023-01-22 05:15:00,0.63
2023-01-22 06:33:00,1.16
2023-01-22 07:52:00,1.34
2023-01-22 09:10:00,1.7
2023-01-22 10:28:00,1.63
2023-01-22 11:47:00,1.19
2023-01-22 13:05:00,0.47
2023-01-22 14:24:00,0.02
2023-01-22 15:43:00,1.12
2023-01-22 17:01:00,1.19
2023-01-22 18:19:00,2
2023-01-22 19:38:00,1.68
2023-01-22 20:57:00,1.56
2023-01-22 22:15:00,1.01
2023-01-22 23:34:00,2.52
2023-01-23 00:55:00,2.29
2023-01-23 02:15:00,2.21
2023-01-23 03:33:00,1.52
2023-01-23 04:52:00,2.88
2023-01-23 06:10:00,2.55
2023-01-23 07:28:00,2.92
2023-01-23 08:47:00,2.15
2023-01-23 10:05:00,1.02
2023-01-23 11:24:00,2.27
2023-01-23 12:42:00,1.09
2023-01-23 14:01:00,0.28
2023-01-23 15:19:00,1.22
2023-01-23 16:37:00,1.87
2023-01-23 17:56:00,2.28
2023-01-23 19:15:00,2.63
2023-01-23 20:33:00,2.51
2023-01-23 21:51:00,2.1
2023-01-23 23:09:00,1.64
2023-01-24 00:30:00,1.22
2023-01-24 01:49:00,0.18
2023-01-24 03:08:00,1.8
2023-01-24 04:26:00,3
2023-01-24 05:44:00,1.23
2023-01-24 07:02:00,2.45
2023-01-24 08:22:00,3.03
2023-01-24 09:41:00,2.65
2023-01-24 10:59:00,3
2023-01-24 12:17:00,1.5
2023-01-24 13:36:00,0.54
2023-01-24 14:55:00,1.31
2023-01-24 16:13:00,0.78
2023-01-24 17:32:00,2.32
2023-01-24 18:50:00,2.11
2023-01-24 20:08:00,1.95
2023-01-24 21:27:00,3.65
2023-01-24 22:45:00,3.55
2023-01-25 00:06:00,2.63
2023-01-25 01:24:00,4.74
2023-01-25 02:43:00,2.79
2023-01-25 04:02:00,2.7
2023-01-25 05:20:00,2.49
2023-01-25 06:38:00,3.26
2023-01-25 07:57:00,2.11
2023-01-25 09:16:00,2.55
2023-01-25 10:34:00,2.22
2023-01-25 11:52:00,3.32
2023-01-25 13:11:00,1.58
2023-01-25 14:29:00,0.24
2023-01-25 15:48:00,2.09
2023-01-25 17:07:00,2.05
2023-01-25 18:26:00,0.91
2023-01-25 19:45:00,1.5
2023-01-25 21:03:00,2.21
2023-01-25 22:22:00,0.05
2023-01-25 23:40:00,0.59
2023-01-26 00:59:00,2.18
2023-01-26 02:18:00,3.27
2023-01-26 03:37:00,1.9
2023-01-26 04:56:00,4.11
2023-01-26 06:14:00,2.14
2023-01-26 07:32:00,0.24
2023-01-26 08:51:00,2.86
2023-01-26 10:10:00,1.52
2023-01-26 11:28:00,2.34
2023-01-26 12:46:00,2.29
2023-01-26 14:04:00,2.67
2023-01-26 15:22:00,2.95
2023-01-26 16:42:00,1.67
2023-01-26 18:00:00,0.02
2023-01-26 19:18:00,1.93
2023-01-26 20:37:00,0.74
2023-01-26 21:55:00,1.22
2023-01-26 23:14:00,0.82
2023-01-27 00:34:00,2.07
2023-01-27 01:52:00,1.18
2023-01-27 03:11:00,1.93
2023-01-27 04:29:00,1.28
2023-01-27 05:48:00,1.77
2023-01-27 07:06:00,1.43
2023-01-27 08:24:00,2.41
2023-01-27 09:42:00,1.34
2023-01-27 11:01:00,0.77
2023-01-27 12:21:00,1.26
2023-01-27 13:40:00,0.71
2023-01-27 14:59:00,0.89
2023-01-27 16:19:00,0.1
2023-01-27 17:39:00,1.75
2023-01-27 18:58:00,0.49
2023-01-27 20:17:00,0.5
2023-01-27 21:36:00,0.54
2023-01-27 22:55:00,0.33
2023-01-28 00:14:00,0.19
2023-01-28 01:32:00,2.17
2023-01-28 02:51:00,1.9
2023-01-28 04:11:00,1.02
2023-01-28 05:30:00,1.56
2023-01-28 06:49:00,0.5
2023-01-28 08:09:00,1.92
2023-01-28 09:29:00,1.75
2023-01-28 10:48:00,0.1
2023-01-28 12:07:00,1.14
2023-01-28 13:25:00,3.32
2023-01-28 14:45:00,2.55
2023-01-28 16:03:00,3.58
2023-01-28 17:22:00,2.48
2023-01-28 18:41:00,0.15
2023-01-28 19:59:00,0.83
2023-01-28 21:19:00,0.16
2023-01-28 22:39:00,2.92
2023-01-28 23:58:00,1.82
2023-01-29 01:18:00,1.31
2023-01-29 02:36:00,1.24
2023-01-29 03:55:00,1.75
2023-01-29 05:15:00,0.64
2023-01-29 06:34:00,1.05
2023-01-29 07:52:00,0.26
2023-01-29 09:11:00,2.6
2023-01-29 10:30:00,0.85
2023-01-29 11:49:00,0.79
2023-01-29 13:08:00,2.85
2023-01-29 14:28:00,2.97
2023-01-29 15:47:00,2.79
2023-01-29 17:06:00,2.05
2023-01-29 18:25:00,2.18
2023-01-29 19:44:00,1.1
2023-01-29 21:04:00,1.86
2023-01-29 22:23:00,2.64
2023-01-29 23:43:00,3.47
2023-01-30 01:04:00,4.87
2023-01-30 02:24:00,4.3
2023-01-30 03:44:00,4.17
2023-01-30 05:03:00,4
2023-01-30 06:22:00,3.2
2023-01-30 07:41:00,4.07
2023-01-30 09:01:00,1.9
2023-01-30 10:20:00,4.22
2023-01-30 11:39:00,2.83
2023-01-30 12:57:00,3.43
2023-01-30 14:16:00,4.05
2023-01-30 15:35:00,2.78
2023-01-30 16:54:00,2.46
2023-01-30 18:13:00,2.13
2023-01-30 19:32:00,4.11
2023-01-30 20:50:00,3.76
2023-01-30 22:09:00,4.19
2023-01-30 23:27:00,3.17
2023-01-31 00:47:00,4.67
2023-01-31 02:05:00,3.99
2023-01-31 03:24:00,3.79
2023-01-31 04:42:00,3.9
2023-01-31 06:02:00,3.79
2023-01-31 07:21:00,3.03
2023-01-31 08:42:00,1.14
2023-01-31 10:01:00,0.05
2023-01-31 11:20:00,0.72
2023-01-31 12:39:00,2.6
2023-01-31 13:59:00,1.97
2023-01-31 15:18:00,2.83
2023-01-31 16:37:00,3.24
2023-01-31 17:57:00,1.35
2023-01-31 19:17:00,3.15
2023-01-31 20:36:00,1.2
2023-01-31 21:55:00,0.9
2023-01-31 23:15:00,1
2023-02-01 00:36:00,2.6
2023-02-01 01:54:00,3.7
2023-02-01 03:13:00,4.65
2023-02-01 04:32:00,5.8
2023-02-01 05:50:00,4.5
2023-02-01 07:09:00,3.85
2023-02-01 08:27:00,3.45
2023-02-01 09:46:00,2.87
2023-02-01 11:04:00,1.81
2023-02-01 12:24:00,1.88
2023-02-01 13:44:00,2.57
2023-02-01 15:02:00,2.83
2023-02-01 16:22:00,0.57
2023-02-01 17:41:00,2.06
2023-02-01 19:01:00,1.51
2023-02-01 20:20:00,3.84
2023-02-01 21:39:00,4.65
2023-02-01 22:58:00,4.11
2023-02-02 00:19:00,3.92
2023-02-02 01:38:00,4.8
2023-02-02 02:57:00,3.68
2023-02-02 04:16:00,2.58
2023-02-02 05:34:00,2.02
2023-02-02 06:53:00,1.79
2023-02-02 08:11:00,0.82
2023-02-02 09:30:00,0.57
2023-02-02 10:50:00,2.82
2023-02-02 12:09:00,2.19
2023-02-02 13:28:00,0.43
2023-02-02 14:47:00,1.07
2023-02-02 16:06:00,2.16
2023-02-02 17:24:00,1.47
2023-02-02 18:42:00,2.17
2023-02-02 20:01:00,2.5
2023-02-02 21:19:00,3.63
2023-02-02 22:39:00,2
2023-02-02 23:58:00,1.67
2023-02-03 01:17:00,2.4
2023-02-03 02:36:00,2.95
2023-02-03 03:54:00,3.4
2023-02-03 05:13:00,3.34
2023-02-03 06:32:00,2.49
2023-02-03 07:50:00,3.27
2023-02-03 09:10:00,2.15
2023-02-03 10:29:00,2.34
2023-02-03 11:49:00,2.71
2023-02-03 13:07:00,1.68
2023-02-03 14:26:00,0.46
2023-02-03 15:45:00,0.85
2023-02-03 17:04:00,0.92
2023-02-03 18:23:00,1.56
2023-02-03 19:42:00,3.21
2023-02-03 21:00:00,3.43
2023-02-03 22:18:00,3.89
2023-02-03 23:38:00,2.8
2023-02-04 00:58:00,1.97
2023-02-04 02:18:00,2.92
2023-02-04 03:37:00,2.8
2023-02-04 04:56:00,3.8
2023-02-04 06:15:00,2.23
2023-02-04 07:34:00,0.63
2023-02-04 08:52:00,0.05
2023-02-04 10:11:00,0.07
2023-02-04 11:29:00,0.22
2023-02-04 12:49:00,0.03
2023-02-04 14:08:00,3.33
2023-02-04 15:28:00,4.62
2023-02-04 16:46:00,3.48
2023-02-04 18:06:00,2.51
2023-02-04 19:23:00,2.75
2023-02-04 20:43:00,2.44
2023-02-04 22:02:00,0.79
2023-02-04 23:21:00,2.51
2023-02-05 00:41:00,1.4
2023-02-05 02:00:00,3.71
2023-02-05 03:19:00,3.28
2023-02-05 04:37:00,3.1
2023-02-05 05:56:00,1.76
2023-02-05 07:14:00,0.69
2023-02-05 08:34:00,3.2
2023-02-05 09:53:00,3.72
2023-02-05 11:13:00,2.92
2023-02-05 12:33:00,1.91
2023-02-05 13:52:00,2.17
2023-02-05 15:11:00,0.91
2023-02-05 16:30:00,0.79
2023-02-05 17:48:00,0.51
2023-02-05 19:06:00,2.92
2023-02-05 20:25:00,1.81
2023-02-05 21:43:00,2.37
2023-02-05 23:02:00,3.88
2023-02-06 00:22:00,2.81
2023-02-06 01:42:00,3.33
2023-02-06 03:00:00,4.09
2023-02-06 04:20:00,2.58
2023-02-06 05:39:00,2.93
2023-02-06 06:59:00,2.4
2023-02-06 08:18:00,3.66
2023-02-06 09:37:00,3.37
2023-02-06 10:56:00,1.24
2023-02-06 12:16:00,0.97
2023-02-06 13:35:00,1.8
2023-02-06 14:53:00,1.32
2023-02-06 16:13:00,1.62
2023-02-06 17:32:00,2.06
2023-02-06 18:51:00,0.7
2023-02-06 20:10:00,2.53
2023-02-06 21:29:00,3.44
2023-02-06 22:48:00,1.81
2023-02-07 00:08:00,1.87
2023-02-07 01:26:00,1.29
2023-02-07 02:45:00,2.23
2023-02-07 04:03:00,2.35
2023-02-07 05:22:00,2.52
2023-02-07 06:40:00,3.33
2023-02-07 07:59:00,2.57
2023-02-07 09:18:00,2.41
2023-02-07 10:37:00,2.55
2023-02-07 11:57:00,1.43
2023-02-07 13:15:00,1.3
2023-02-07 14:35:00,0.68
2023-02-07 15:54:00,0.78
2023-02-07 17:13:00,1.36
2023-02-07 18:34:00,1.29
2023-02-07 19:53:00,1.23
2023-02-07 21:12:00,1.32
2023-02-07 22:30:00,2.4
2023-02-07 23:49:00,1.71
2023-02-08 01:09:00,0.3
2023-02-08 02:28:00,1.77
2023-02-08 03:47:00,1.41
2023-02-08 05:06:00,0.13
2023-02-08 06:24:00,1.49
2023-02-08 07:43:00,1.99
2023-02-08 09:03:00,0.85
2023-02-08 10:21:00,1.72
2023-02-08 11:41:00,3.04
2023-02-08 13:00:00,3.5
2023-02-08 14:18:00,4.6
2023-02-08 15:37:00,3.34
2023-02-08 16:56:00,2.14
2023-02-08 18:15:00,0.4
2023-02-08 19:33:00,0.46
2023-02-08 20:53:00,2.3
2023-02-08 22:11:00,2.98
2023-02-08 23:31:00,3.09
2023-02-09 00:52:00,0.97
2023-02-09 02:11:00,0.8
2023-02-09 03:30:00,2.66
2023-02-09 04:49:00,1.71
2023-02-09 06:11:00,1.86
2023-02-09 07:29:00,0.01
2023-02-09 08:48:00,1.83
2023-02-09 10:07:00,0.39
2023-02-09 11:27:00,0.03
2023-02-09 12:50:00,2.47
2023-02-09 14:08:00,3.61
2023-02-09 15:28:00,2.04
2023-02-09 16:46:00,0.77
2023-02-09 18:05:00,0.5
2023-02-09 19:25:00,1.56
2023-02-09 20:43:00,1.63
2023-02-09 22:02:00,0.16
2023-02-09 23:21:00,2.08
2023-02-10 00:42:00,1.33
2023-02-10 02:02:00,0.15
2023-02-10 03:20:00,2.8
2023-02-10 04:39:00,3.59
2023-02-10 05:58:00,2.81
2023-02-10 07:17:00,1.99
2023-02-10 08:37:00,1.97
2023-02-10 09:55:00,1.6
2023-02-10 11:14:00,1.88
2023-02-10 12:32:00,3.8
2023-02-10 13:51:00,2.86
2023-02-10 15:11:00,2.8
2023-02-10 16:29:00,3.11
2023-02-10 17:48:00,2.33
2023-02-10 19:07:00,2.89
2023-02-10 20:27:00,2.78
2023-02-10 21:45:00,2.62
2023-02-10 23:04:00,2.48
2023-02-11 00:25:00,3.4
2023-02-11 01:44:00,2.5
2023-02-11 03:03:00,3.29
2023-02-11 04:22:00,4.02
2023-02-11 05:42:00,2.06
2023-02-11 07:02:00,3.58
2023-02-11 08:20:00,2.84
2023-02-11 09:40:00,2.61
2023-02-11 11:00:00,3.04
2023-02-11 12:19:00,3.18
2023-02-11 13:38:00,3.02
2023-02-11 14:57:00,4.3
2023-02-11 16:16:00,4.24
2023-02-11 17:35:00,4.67
2023-02-11 18:55:00,3.56
2023-02-11 20:13:00,3.38
2023-02-11 21:32:00,2.88
2023-02-11 22:51:00,2.04
2023-02-12 00:12:00,2.74
2023-02-12 01:30:00,3.7
2023-02-12 02:50:00,3
2023-02-12 04:08:00,1.65
2023-02-12 05:26:00,0.86
2023-02-12 06:46:00,1.4
2023-02-12 08:06:00,1.1
2023-02-12 09:24:00,0.17
2023-02-12 10:43:00,1.86
2023-02-12 12:01:00,4.1
2023-02-12 13:20:00,2.19
2023-02-12 14:39:00,3.22
2023-02-12 15:57:00,3.97
2023-02-12 17:15:00,3.96
2023-02-12 18:33:00,5.08
2023-02-12 19:52:00,4.22
2023-02-12 21:10:00,0.29
2023-02-12 22:29:00,4.09
2023-02-12 23:49:00,2.28
2023-02-13 01:10:00,3.9
2023-02-13 02:28:00,3.05
2023-02-13 03:46:00,3.21
2023-02-13 05:04:00,1.48
2023-02-13 06:22:00,4.04
2023-02-13 07:40:00,2.16
2023-02-13 08:58:00,2.64
2023-02-13 10:17:00,2.86
2023-02-13 11:36:00,3
2023-02-13 12:55:00,1.34
2023-02-13 14:13:00,0.49
2023-02-13 15:31:00,3.01
2023-02-13 16:49:00,2.9
2023-02-13 18:07:00,2.22
2023-02-13 19:25:00,2.47
2023-02-13 20:43:00,2.29
2023-02-13 22:01:00,2.86
2023-02-13 23:20:00,2.81
2023-02-14 00:39:00,0.94
2023-02-14 01:58:00,2.32
2023-02-14 03:17:00,1.64
2023-02-14 04:37:00,1.82
2023-02-14 05:56:00,0.7
2023-02-14 07:14:00,1.83
2023-02-14 08:33:00,3.03
2023-02-14 09:52:00,1.99
2023-02-14 11:10:00,1.11
2023-02-14 12:29:00,2.21
2023-02-14 13:48:00,2.66
2023-02-14 15:07:00,2.58
2023-02-14 16:26:00,2.93
2023-02-14 17:46:00,2.1
2023-02-14 19:05:00,3.17
2023-02-14 20:25:00,1.85
2023-02-14 21:44:00,2.81
2023-02-14 23:03:00,2.51
2023-02-15 00:24:00,2.6
2023-02-15 01:42:00,2.79
2023-02-15 03:01:00,3.26
2023-02-15 04:19:00,2.67
2023-02-15 05:37:00,1.37
2023-02-15 06:56:00,1.72
2023-02-15 08:14:00,1.78
2023-02-15 09:32:00,3.94
2023-02-15 10:50:00,3.45
2023-02-15 12:08:00,0.91
2023-02-15 13:26:00,2.57
2023-02-15 14:46:00,2.34
2023-02-15 16:04:00,0.68
2023-02-15 17:23:00,2.29
2023-02-15 18:43:00,2.78
2023-02-15 20:02:00,2.47
2023-02-15 21:20:00,1.79
2023-02-15 22:40:00,2.32
2023-02-16 00:02:00,2.3
2023-02-16 01:20:00,1.72
2023-02-16 02:38:00,2.6
2023-02-16 03:57:00,2.32
2023-02-16 05:16:00,1.25
2023-02-16 06:35:00,1.61
2023-02-16 07:55:00,2.14
2023-02-16 09:13:00,0.27
2023-02-16 10:31:00,0.64
2023-02-16 11:50:00,0.84
2023-02-16 13:09:00,0.75
2023-02-16 14:27:00,1.36
2023-02-16 15:46:00,0.5
2023-02-16 17:05:00,0.55
2023-02-16 18:23:00,2.14
2023-02-16 19:41:00,1.62
2023-02-16 21:00:00,1.92
2023-02-16 22:18:00,2.78
2023-02-16 23:37:00,2.34
2023-02-17 00:58:00,1.9
2023-02-17 02:18:00,1.82
2023-02-17 03:37:00,1.18
2023-02-17 04:56:00,2.25
2023-02-17 06:15:00,4.46
2023-02-17 07:34:00,2.36
2023-02-17 08:53:00,3.47
2023-02-17 10:11:00,3
2023-02-17 11:29:00,2.99
2023-02-17 12:47:00,3.77
2023-02-17 14:05:00,2.21
2023-02-17 15:23:00,1.56
2023-02-17 16:41:00,2
2023-02-17 18:01:00,2.84
2023-02-17 19:20:00,3.37
2023-02-17 20:40:00,2.36
2023-02-17 21:59:00,2.56
2023-02-17 23:19:00,2.68
2023-02-18 00:40:00,2.32
2023-02-18 01:58:00,2.02
2023-02-18 03:17:00,2.32
2023-02-18 04:35:00,2.39
2023-02-18 05:54:00,2.19
2023-02-18 07:13:00,2.94
2023-02-18 08:32:00,2.94
2023-02-18 09:51:00,1.7
2023-02-18 11:09:00,3.24
2023-02-18 12:29:00,2.22
2023-02-18 13:47:00,1.72
2023-02-18 15:05:00,2.98
2023-02-18 16:23:00,2.5
2023-02-18 17:41:00,2.86
2023-02-18 19:01:00,2.66
2023-02-18 20:20:00,3.49
2023-02-18 21:39:00,1.71
2023-02-18 22:59:00,2.34
2023-02-19 00:20:00,3.56
2023-02-19 01:38:00,1.58
2023-02-19 02:57:00,1.61
2023-02-19 04:17:00,0.38
2023-02-19 05:36:00,1.73
2023-02-19 06:55:00,0.92
2023-02-19 08:14:00,0.63
2023-02-19 09:33:00,0.22
2023-02-19 10:52:00,0.06
2023-02-19 12:11:00,1.2
2023-02-19 13:30:00,0.48
2023-02-19 14:48:00,1.08
2023-02-19 16:06:00,1.14
2023-02-19 17:25:00,0.26
2023-02-19 18:44:00,1.61
2023-02-19 20:03:00,1.88
2023-02-19 21:21:00,3.52
2023-02-19 22:39:00,2.61
2023-02-19 23:57:00,1.55
2023-02-20 01:17:00,2.69
2023-02-20 02:36:00,2.1
2023-02-20 03:55:00,2.97
2023-02-20 05:15:00,2.3
2023-02-20 06:34:00,2.56
2023-02-20 07:54:00,2.94
2023-02-20 09:13:00,4.16
2023-02-20 10:31:00,2.62
2023-02-20 11:50:00,2.26
2023-02-20 13:09:00,3.26
2023-02-20 14:28:00,2.97
2023-02-20 15:47:00,2.42
2023-02-20 17:06:00,2.34
2023-02-20 18:25:00,1.74
2023-02-20 19:43:00,3.62
2023-02-20 21:01:00,2.88
2023-02-20 22:20:00,1.91
2023-02-20 23:40:00,2.95
2023-02-21 01:00:00,2.77
2023-02-21 02:20:00,3.22
2023-02-21 03:39:00,3.96
2023-02-21 04:58:00,4.66
2023-02-21 06:16:00,2.17
2023-02-21 07:35:00,2.65
2023-02-21 08:54:00,2.17
2023-02-21 10:13:00,1.74
2023-02-21 11:31:00,2.76
2023-02-21 12:50:00,1.91
2023-02-21 14:09:00,1.37
2023-02-21 15:27:00,2.75
2023-02-21 16:46:00,3.89
2023-02-21 18:04:00,1.58
2023-02-21 19:22:00,3.51
2023-02-21 20:40:00,0.57
2023-02-21 21:58:00,2.21
2023-02-21 23:17:00,2.1
2023-02-22 00:38:00,3.7
2023-02-22 01:56:00,2.29
2023-02-22 03:15:00,1.4
2023-02-22 04:34:00,1.9
2023-02-22 05:53:00,2.23
2023-02-22 07:11:00,2.54
2023-02-22 08:29:00,2.41
2023-02-22 09:48:00,2.75
2023-02-22 11:07:00,1.85
2023-02-22 12:25:00,2.06
2023-02-22 13:44:00,1.53
2023-02-22 15:02:00,0.02
2023-02-22 16:20:00,2.51
2023-02-22 17:38:00,1.04
2023-02-22 18:57:00,1.66
2023-02-22 20:16:00,1.36
2023-02-22 21:35:00,0.34
2023-02-22 22:54:00,1.25
2023-02-23 00:15:00,1.74
2023-02-23 01:33:00,1.67
2023-02-23 02:52:00,0.04
2023-02-23 04:11:00,0.74
2023-02-23 05:29:00,0.99
2023-02-23 06:47:00,1.65
2023-02-23 08:07:00,2.54
2023-02-23 09:26:00,3.27
2023-02-23 10:44:00,1.43
2023-02-23 12:04:00,1.08
2023-02-23 13:22:00,0.07
2023-02-23 14:41:00,1.7
2023-02-23 15:59:00,0.76
2023-02-23 17:18:00,1.25
2023-02-23 18:37:00,1.62
2023-02-23 19:56:00,1.43
2023-02-23 21:14:00,0.43
2023-02-23 22:33:00,0.04
2023-02-23 23:51:00,1.5
2023-02-24 01:12:00,0.97
2023-02-24 02:30:00,0.25
2023-02-24 03:49:00,0.07
2023-02-24 05:07:00,3.3
2023-02-24 06:25:00,1.56
2023-02-24 07:44:00,0.6
2023-02-24 09:03:00,0.15
2023-02-24 10:22:00,1.98
2023-02-24 11:41:00,0.1
2023-02-24 13:00:00,1.53
2023-02-24 14:18:00,0.93
2023-02-24 15:36:00,0.37
2023-02-24 16:54:00,0.24
2023-02-24 18:13:00,0.01
2023-02-24 19:31:00,1.67
2023-02-24 20:50:00,1.04
2023-02-24 22:09:00,1.21
2023-02-24 23:27:00,0.8
2023-02-25 00:48:00,1.65
2023-02-25 02:07:00,2.18
2023-02-25 03:26:00,1.96
2023-02-25 04:45:00,3.15
2023-02-25 06:04:00,2.73
2023-02-25 07:23:00,2.9
2023-02-25 08:41:00,3.49
2023-02-25 10:00:00,2.69
2023-02-25 11:18:00,3.44
2023-02-25 12:37:00,3.21
2023-02-25 13:55:00,1.65
2023-02-25 15:14:00,1.57
2023-02-25 16:32:00,0.19
2023-02-25 17:50:00,2.7
2023-02-25 19:08:00,1.33
2023-02-25 20:27:00,1.31
2023-02-25 21:46:00,1.9
2023-02-25 23:05:00,3.5
2023-02-26 00:24:00,3.29
2023-02-26 01:43:00,3.8
2023-02-26 03:02:00,3.17
2023-02-26 04:21:00,2.5
2023-02-26 05:40:00,3
2023-02-26 06:58:00,3.05
2023-02-26 08:16:00,3.1
2023-02-26 09:34:00,1.87
2023-02-26 10:53:00,2.56
2023-02-26 12:12:00,3.03
2023-02-26 13:30:00,3.4
2023-02-26 14:48:00,3.9
2023-02-26 16:06:00,4.03
2023-02-26 17:26:00,3.76
2023-02-26 18:45:00,3.24
2023-02-26 20:03:00,0.2
2023-02-26 21:21:00,0.94
2023-02-26 22:40:00,0.26
2023-02-26 23:59:00,2.39
2023-02-27 01:19:00,2.88
2023-02-27 02:38:00,2.77
2023-02-27 03:57:00,4.06
2023-02-27 05:15:00,3.02
2023-02-27 06:34:00,3.26
2023-02-27 07:52:00,3.52
2023-02-27 09:10:00,3.59
2023-02-27 10:28:00,2.93
2023-02-27 11:46:00,3.83
2023-02-27 13:04:00,4.19
2023-02-27 14:22:00,3.52
2023-02-27 15:40:00,4.78
2023-02-27 16:59:00,3.76
2023-02-27 18:18:00,2.99
2023-02-27 19:36:00,2.12
2023-02-27 20:55:00,0.49
2023-02-27 22:13:00,3.97
2023-02-27 23:31:00,3.1
2023-02-28 00:50:00,0.5
2023-02-28 02:08:00,2.21
2023-02-28 03:26:00,1.3
2023-02-28 04:45:00,0.03
2023-02-28 06:03:00,0.54
2023-02-28 07:21:00,2.14
2023-02-28 08:39:00,1.94
2023-02-28 09:57:00,2.06
2023-02-28 11:17:00,1.9
2023-02-28 12:35:00,1.29
2023-02-28 13:53:00,0.36
2023-02-28 15:11:00,0.03
2023-02-28 16:29:00,1.18
2023-02-28 17:48:00,1.52
2023-02-28 19:06:00,2.66
2023-02-28 20:24:00,2.42
2023-02-28 21:42:00,1.84
2023-02-28 23:00:00,1.27
2023-03-01 00:19:00,1.39
2023-03-01 01:37:00,2.32
2023-03-01 02:55:00,3.42
2023-03-01 04:13:00,1.01
2023-03-01 05:31:00,1.84
2023-03-01 06:49:00,0.3
2023-03-01 08:07:00,0.04
2023-03-01 09:25:00,2.96
2023-03-01 10:43:00,0.01
2023-03-01 12:02:00,2.13
2023-03-01 13:21:00,2.73
2023-03-01 14:40:00,3.2
2023-03-01 15:58:00,1.9
2023-03-01 17:16:00,1.88
2023-03-01 18:34:00,2.07
2023-03-01 19:52:00,2.12
2023-03-01 21:10:00,1.28
2023-03-01 22:28:00,2.96
2023-03-01 23:47:00,2.58
2023-03-02 01:07:00,2.43
2023-03-02 02:26:00,1.55
2023-03-02 03:45:00,3.11
2023-03-02 05:03:00,3.44
2023-03-02 06:21:00,0.6
2023-03-02 07:39:00,1.26
2023-03-02 08:57:00,1.9
2023-03-02 10:16:00,1.14
2023-03-02 11:35:00,2.77
2023-03-02 12:53:00,0.13
2023-03-02 14:11:00,0.62
2023-03-02 15:30:00,3.1
2023-03-02 16:48:00,2.9
2023-03-02 18:07:00,1.8
2023-03-02 19:26:00,0.41
2023-03-02 20:45:00,2.71
2023-03-02 22:04:00,2.12
2023-03-02 23:22:00,1.24
2023-03-03 00:43:00,0.59
2023-03-03 02:02:00,0.81
2023-03-03 03:21:00,0.1
2023-03-03 04:39:00,1.93
2023-03-03 05:59:00,1.1
2023-03-03 07:19:00,0.16
2023-03-03 08:38:00,1.26
2023-03-03 09:57:00,0.25
2023-03-03 11:15:00,1.2
2023-03-03 12:35:00,1.74
2023-03-03 13:53:00,4
2023-03-03 15:11:00,2.8
2023-03-03 16:29:00,2.5
2023-03-03 17:49:00,1.79
2023-03-03 19:07:00,2.64
2023-03-03 20:26:00,1.42
2023-03-03 21:44:00,2.6
2023-03-03 23:03:00,0.91
2023-03-04 00:24:00,0.98
2023-03-04 01:44:00,1.78
2023-03-04 03:02:00,0.14
2023-03-04 04:21:00,0.56
2023-03-04 05:40:00,1.83
2023-03-04 06:59:00,3.13
2023-03-04 08:17:00,2.47
2023-03-04 09:36:00,1.62
2023-03-04 10:54:00,1.45
2023-03-04 12:12:00,1.47
2023-03-04 13:30:00,3.74
2023-03-04 14:48:00,1.17
2023-03-04 16:06:00,0.85
2023-03-04 17:24:00,0.94
2023-03-04 18:43:00,1.29
2023-03-04 20:04:00,1.73
2023-03-04 21:23:00,1.31
2023-03-04 22:41:00,0.84
2023-03-04 23:59:00,1.39
2023-03-05 01:19:00,0.74
2023-03-05 02:38:00,3.84
2023-03-05 03:56:00,4.56
2023-03-05 05:14:00,4.9
2023-03-05 06:33:00,3.87
2023-03-05 07:51:00,3.71
2023-03-05 09:09:00,2.91
2023-03-05 10:27:00,2.37
2023-03-05 11:46:00,1.3
2023-03-05 13:05:00,1.27
2023-03-05 14:23:00,0.42
2023-03-05 15:42:00,0.4
2023-03-05 17:00:00,0.41
2023-03-05 18:18:00,2.12
2023-03-05 19:36:00,2.81
2023-03-05 20:55:00,3.32
2023-03-05 22:13:00,1.19
2023-03-05 23:31:00,0.56
2023-03-06 00:52:00,1.94
2023-03-06 02:11:00,3.86
2023-03-06 03:30:00,4.53
2023-03-06 04:49:00,4.78
2023-03-06 06:08:00,5.39
2023-03-06 07:26:00,5.1
2023-03-06 08:45:00,4.72
2023-03-06 10:04:00,4.55
2023-03-06 11:22:00,5.29
2023-03-06 12:41:00,0.01
2023-03-06 14:00:00,3.67
2023-03-06 15:18:00,2.92
2023-03-06 16:37:00,0.43
2023-03-06 17:55:00,3.13
2023-03-06 19:13:00,2.73
2023-03-06 20:32:00,3.81
2023-03-06 21:51:00,3.76
2023-03-06 23:10:00,2.94
2023-03-07 00:31:00,1.87
2023-03-07 01:49:00,2.5
2023-03-07 03:07:00,2.16
2023-03-07 04:26:00,1.8
2023-03-07 05:44:00,2.76
2023-03-07 07:03:00,2.26
2023-03-07 08:21:00,3.6
2023-03-07 09:39:00,0.59
2023-03-07 10:58:00,1.44
2023-03-07 12:16:00,1.19
2023-03-07 13:34:00,1.19
2023-03-07 14:54:00,0.64
2023-03-07 16:12:00,0.6
2023-03-07 17:32:00,1.73
2023-03-07 18:50:00,1.68
2023-03-07 20:09:00,0.46
2023-03-07 21:27:00,1.64
2023-03-07 22:46:00,1.62
2023-03-08 00:06:00,0.56
2023-03-08 01:25:00,0.53
2023-03-08 02:43:00,0.51
2023-03-08 04:01:00,3.14
2023-03-08 05:20:00,0.05
2023-03-08 06:39:00,1.09
2023-03-08 07:58:00,1.04
2023-03-08 09:16:00,0.74
2023-03-08 10:35:00,0.37
2023-03-08 11:54:00,0.56
2023-03-08 13:12:00,0.52
2023-03-08 14:31:00,1.09
2023-03-08 15:49:00,2.15
2023-03-08 17:07:00,2.68
2023-03-08 18:26:00,3.41
2023-03-08 19:44:00,3.46
2023-03-08 21:02:00,1.99
2023-03-08 22:21:00,1.27
2023-03-08 23:40:00,1.99
2023-03-09 01:00:00,2.27
2023-03-09 02:19:00,2.44
2023-03-09 03:37:00,2.7
2023-03-09 04:56:00,2.57
2023-03-09 06:14:00,1.41
2023-03-09 07:33:00,3.9
2023-03-09 08:51:00,3.29
2023-03-09 10:09:00,3.05
2023-03-09 11:27:00,2.4
2023-03-09 12:45:00,3.48
2023-03-09 14:03:00,3.95
2023-03-09 15:22:00,0.63
2023-03-09 16:41:00,0.12
2023-03-09 18:00:00,1
2023-03-09 19:19:00,0.94
2023-03-09 20:37:00,2.19
2023-03-09 21:55:00,2.96
2023-03-09 23:13:00,2.7
2023-03-10 00:34:00,4.71
2023-03-10 01:54:00,3.39
2023-03-10 03:13:00,3.89
2023-03-10 04:31:00,0.5
2023-03-10 05:49:00,1.52
2023-03-10 07:08:00,0.15
2023-03-10 08:26:00,0.26
2023-03-10 10:26:00,3
2023-03-10 11:45:00,3.78
2023-03-10 13:04:00,4.27
2023-03-10 14:22:00,2.44
2023-03-10 15:40:00,0.95
2023-03-10 16:58:00,3.77
2023-03-10 18:17:00,2.84
2023-03-10 19:37:00,1.62
2023-03-10 20:56:00,0.96
2023-03-10 22:15:00,1.93
2023-03-10 23:34:00,0.6
2023-03-11 00:53:00,1.67
2023-03-11 02:13:00,2.74
2023-03-11 03:31:00,0.62
2023-03-11 04:49:00,0.8
2023-03-11 06:08:00,3.62
2023-03-11 07:27:00,0.67
2023-03-11 08:45:00,0.04
2023-03-11 10:03:00,2.58
2023-03-11 11:22:00,3.67
2023-03-11 12:40:00,1.12
2023-03-11 13:58:00,0.1
2023-03-11 15:17:00,2.97
2023-03-11 16:35:00,2.07
2023-03-11 17:53:00,1.27
2023-03-11 19:13:00,0.54
2023-03-11 20:31:00,0.98
2023-03-11 21:49:00,2.78
2023-03-11 23:07:00,5.93
2023-03-12 00:26:00,2.69
2023-03-12 01:44:00,5.14
2023-03-12 03:02:00,2.98
2023-03-12 04:20:00,2.11
2023-03-12 05:38:00,8.51
2023-03-12 06:56:00,3.51
2023-03-12 08:14:00,0.82
2023-03-12 09:32:00,2.2
2023-03-12 10:51:00,0.08
2023-03-12 12:07:00,0.13
2023-03-12 13:24:00,1.68
2023-03-12 14:41:00,0.78
2023-03-12 15:57:00,0.43
2023-03-12 17:14:00,1.3
2023-03-12 18:31:00,0.07
2023-03-12 19:48:00,2.1
2023-03-12 21:05:00,3.08
2023-03-12 22:21:00,3.48
2023-03-12 23:38:00,2.1
2023-03-13 00:57:00,0.49
2023-03-13 02:14:00,0.3
2023-03-13 03:31:00,1.4
2023-03-13 04:47:00,0.6
2023-03-13 06:05:00,0.12
2023-03-13 07:22:00,0.6
2023-03-13 08:38:00,0.74
2023-03-13 09:55:00,0.93
2023-03-13 11:12:00,0.86
2023-03-13 12:28:00,0.79
2023-03-13 13:45:00,0.98
2023-03-13 15:02:00,0.74
2023-03-13 16:18:00,0.53
2023-03-13 17:36:00,1
2023-03-13 18:52:00,1.81
2023-03-13 20:09:00,1.82
2023-03-13 21:26:00,1.98
2023-03-13 22:42:00,2.61
2023-03-13 23:59:00,3.38
2023-03-14 01:17:00,3.94
2023-03-14 02:34:00,2.54
2023-03-14 03:51:00,3.97
2023-03-14 05:07:00,3.34
2023-03-14 06:25:00,4.54
2023-03-14 07:41:00,2.65
2023-03-14 08:58:00,4.36
2023-03-14 10:15:00,3.27
2023-03-14 11:31:00,4.12
2023-03-14 12:48:00,3.97
2023-03-14 14:05:00,1.38
2023-03-14 15:21:00,0.97
2023-03-14 16:38:00,1.4
2023-03-14 17:55:00,1.44
2023-03-14 19:12:00,3.01
2023-03-14 20:29:00,2.44
2023-03-14 21:45:00,2.63
2023-03-14 23:02:00,3.64
2023-03-15 00:20:00,1.06
2023-03-15 01:37:00,0.02
2023-03-15 02:53:00,1.54
2023-03-15 04:10:00,3.77
2023-03-15 05:27:00,3.62
2023-03-15 06:44:00,3.07
2023-03-15 08:01:00,4.64
2023-03-15 09:17:00,3.35
2023-03-15 10:34:00,0.45
2023-03-15 11:51:00,1.77
2023-03-15 13:07:00,3.4
2023-03-15 14:24:00,4.62
2023-03-15 15:41:00,3.4
2023-03-15 16:57:00,3.29
2023-03-15 18:16:00,1.9
2023-03-15 19:32:00,2.46
2023-03-15 20:49:00,0.9
2023-03-15 22:06:00,2.65
2023-03-15 23:22:00,1.61
2023-03-16 00:40:00,0.65
2023-03-16 01:59:00,2.15
2023-03-16 03:15:00,2.9
2023-03-16 04:32:00,4.2
2023-03-16 05:49:00,3.03
2023-03-16 07:06:00,2.48
2023-03-16 08:23:00,1.36
2023-03-16 09:39:00,3.53
2023-03-16 10:56:00,5.81
2023-03-16 12:13:00,1.83
2023-03-16 13:29:00,1.22
2023-03-16 14:46:00,3.24
2023-03-16 16:03:00,2.95
2023-03-16 17:20:00,1.76
2023-03-16 18:37:00,2.83
2023-03-16 19:53:00,1.91
2023-03-16 21:10:00,3.35
2023-03-16 22:27:00,3.43
2023-03-16 23:43:00,3.74
2023-03-17 01:01:00,2.17
2023-03-17 02:18:00,4.39
2023-03-17 03:35:00,3.86
2023-03-17 04:51:00,3.88
2023-03-17 06:09:00,3.26
2023-03-17 07:25:00,1.06
2023-03-17 08:42:00,2.47
2023-03-17 09:59:00,1.71
2023-03-17 11:15:00,3.21
2023-03-17 12:32:00,3.59
2023-03-17 13:49:00,3.71
2023-03-17 15:06:00,0.56
2023-03-17 16:22:00,0.56
2023-03-17 17:39:00,2.01
2023-03-17 18:56:00,1.36
2023-03-17 20:13:00,2.94
2023-03-17 21:30:00,0.96
2023-03-17 22:46:00,2.44
2023-03-18 00:05:00,2.4
2023-03-18 01:21:00,0.04
2023-03-18 02:38:00,2.8
2023-03-18 03:55:00,1.08
2023-03-18 05:11:00,1.5
2023-03-18 06:29:00,1.51
2023-03-18 07:45:00,2.13
2023-03-18 09:02:00,1.17
2023-03-18 10:19:00,2.9
2023-03-18 11:35:00,2.44
2023-03-18 12:52:00,2.13
2023-03-18 14:09:00,2.25
2023-03-18 15:25:00,3.6
2023-03-18 16:42:00,2.2
2023-03-18 18:01:00,2.99
2023-03-18 19:17:00,4.31
2023-03-18 20:34:00,3.82
2023-03-18 21:51:00,2.26
2023-03-18 23:07:00,3.22
2023-03-19 00:26:00,0.98
2023-03-19 01:42:00,3.54
2023-03-19 02:59:00,4.31
2023-03-19 04:16:00,2.63
2023-03-19 05:34:00,1.8
2023-03-19 06:51:00,2.37
2023-03-19 08:08:00,3.97
2023-03-19 09:26:00,4.01
2023-03-19 10:43:00,2.36
2023-03-19 12:00:00,1.6
2023-03-19 13:17:00,2.31
2023-03-19 14:34:00,4.08
2023-03-19 15:52:00,2.29
2023-03-19 17:09:00,3
2023-03-19 18:27:00,0.4
2023-03-19 19:45:00,2.88
2023-03-19 21:02:00,2.48
2023-03-19 22:19:00,3.2
2023-03-19 23:36:00,2.02
2023-03-20 00:55:00,3.42
2023-03-20 02:13:00,4
2023-03-20 03:30:00,1.4
2023-03-20 04:47:00,2.6
2023-03-20 06:04:00,3.43
2023-03-20 07:21:00,2.75
2023-03-20 08:38:00,2.83
2023-03-20 09:55:00,2.4
2023-03-20 11:12:00,1.52
2023-03-20 12:29:00,1.62
2023-03-20 13:47:00,0.9
2023-03-20 15:04:00,0.85
2023-03-20 16:21:00,3.02
2023-03-20 17:38:00,2.07
2023-03-20 18:55:00,1.2
2023-03-20 20:12:00,1.9
2023-03-20 21:30:00,4.42
2023-03-20 22:47:00,3.28
2023-03-21 00:07:00,3.7
2023-03-21 01:24:00,1.91
2023-03-21 02:42:00,3.97
2023-03-21 03:59:00,2.3
2023-03-21 05:16:00,1.89
2023-03-21 06:33:00,4.34
2023-03-21 07:50:00,3.53
2023-03-21 09:08:00,2.54
2023-03-21 10:26:00,1.01
2023-03-21 11:44:00,0.32
2023-03-21 13:02:00,0.84
2023-03-21 14:20:00,0.83
2023-03-21 15:38:00,0.52
2023-03-21 16:56:00,0.4
2023-03-21 18:15:00,2.11
2023-03-21 19:33:00,3.14
2023-03-21 20:53:00,3.35
2023-03-21 22:11:00,0.88
2023-03-21 23:29:00,0.77
2023-03-22 00:51:00,4.09
2023-03-22 02:09:00,3
2023-03-22 03:27:00,3.68
2023-03-22 04:46:00,1.2
2023-03-22 06:05:00,1.32
2023-03-22 07:25:00,1.82
2023-03-22 08:43:00,2.35
2023-03-22 10:03:00,2.71
2023-03-22 11:22:00,0.04
2023-03-22 12:40:00,1.57
2023-03-22 13:59:00,0.07
2023-03-22 15:18:00,2.8
2023-03-22 16:37:00,2.92
2023-03-22 17:56:00,3.3
2023-03-22 19:14:00,2.36
2023-03-22 20:33:00,3.73
2023-03-22 21:51:00,2.49
2023-03-22 23:10:00,2.1
2023-03-23 00:31:00,1.77
2023-03-23 01:50:00,4.09
2023-03-23 03:08:00,1.83
2023-03-23 04:28:00,1.9
2023-03-23 05:46:00,1.7
2023-03-23 07:05:00,1.9
2023-03-23 08:24:00,1.17
2023-03-23 09:43:00,3.27
2023-03-23 11:02:00,1.96
2023-03-23 12:21:00,2.91
2023-03-23 13:39:00,4.81
2023-03-23 14:57:00,4.16
2023-03-23 16:16:00,3.22
2023-03-23 17:35:00,4.26
2023-03-23 18:54:00,3.53
2023-03-23 20:13:00,3.21
2023-03-23 21:32:00,5.47
2023-03-23 22:51:00,3.04
2023-03-24 00:12:00,2.16
2023-03-24 01:32:00,0.48
2023-03-24 02:50:00,3.27
2023-03-24 04:08:00,2.96
2023-03-24 05:28:00,3.58
2023-03-24 06:46:00,3.6
2023-03-24 08:04:00,3.11
2023-03-24 09:22:00,3.92
2023-03-24 10:40:00,4.87
2023-03-24 11:59:00,4.02
2023-03-24 13:17:00,3.94
2023-03-24 14:35:00,3.84
2023-03-24 15:53:00,4.63
2023-03-24 17:11:00,5.02
2023-03-24 18:31:00,4.87
2023-03-24 19:50:00,4.31
2023-03-24 21:09:00,3.45
2023-03-24 22:27:00,4.76
2023-03-24 23:46:00,3.5
2023-03-25 01:08:00,3.6
2023-03-25 02:27:00,1.74
2023-03-25 03:46:00,4.19
2023-03-25 05:05:00,4.78
2023-03-25 06:24:00,3.45
2023-03-25 07:43:00,2.8
2023-03-25 09:02:00,3
2023-03-25 10:20:00,1.35
2023-03-25 11:39:00,2.92
2023-03-25 12:58:00,1.12
2023-03-25 14:18:00,1.65
2023-03-25 15:36:00,1
2023-03-25 16:55:00,2.14
2023-03-25 18:13:00,1.45
2023-03-25 19:33:00,0.97
2023-03-25 20:52:00,0.11
2023-03-25 22:11:00,1.28
2023-03-25 23:29:00,1.72
2023-03-26 00:51:00,2.07
2023-03-26 02:10:00,3
2023-03-26 03:28:00,2.78
2023-03-26 04:47:00,2.92
2023-03-26 06:05:00,4
2023-03-26 07:24:00,2.21
2023-03-26 08:44:00,4.08
2023-03-26 10:03:00,2.15
2023-03-26 11:21:00,3.74
2023-03-26 12:41:00,3.04
2023-03-26 14:00:00,2.88
2023-03-26 15:18:00,2.05
2023-03-26 16:38:00,2.96
2023-03-26 17:56:00,2.17
2023-03-26 19:14:00,0.24
2023-03-26 20:32:00,1.64
2023-03-26 21:50:00,1.12
2023-03-26 23:09:00,1.28
2023-03-27 00:29:00,1.53
2023-03-27 01:48:00,1.97
2023-03-27 03:07:00,0.41
2023-03-27 04:25:00,1.32
2023-03-27 05:43:00,1.08
2023-03-27 07:03:00,0.52
2023-03-27 08:22:00,2.43
2023-03-27 09:40:00,2.67
2023-03-27 10:58:00,1.28
2023-03-27 12:16:00,0.51
2023-03-27 13:34:00,0.53
2023-03-27 14:52:00,0.43
2023-03-27 16:10:00,2.33
2023-03-27 17:28:00,1.28
2023-03-27 18:47:00,1.8
2023-03-27 20:06:00,2.01
2023-03-27 21:24:00,2.77
2023-03-27 22:42:00,0.14
2023-03-28 00:02:00,0.3
2023-03-28 01:21:00,1.55
2023-03-28 02:37:00,1.44
2023-03-28 03:54:00,4
2023-03-28 05:13:00,3.2
2023-03-28 06:29:00,1.98
2023-03-28 07:46:00,1.49
2023-03-28 09:05:00,2.5
2023-03-28 10:21:00,1.89
2023-03-28 11:38:00,4
2023-03-28 12:55:00,4
2023-03-28 14:11:00,3.4
2023-03-28 15:30:00,3.36
2023-03-28 16:47:00,3.27
2023-03-28 18:05:00,2.18
2023-03-28 19:22:00,1.48
2023-03-28 20:40:00,3.62
2023-03-28 21:57:00,4.09
2023-03-28 23:14:00,4.35
2023-03-29 00:34:00,6.5
2023-03-29 01:50:00,3.49
2023-03-29 03:09:00,5.49
2023-03-29 04:26:00,5.98
2023-03-29 05:42:00,5.08
2023-03-29 07:02:00,1.61
2023-03-29 08:19:00,4.48
2023-03-29 09:35:00,4.44
2023-03-29 10:52:00,3.96
2023-03-29 12:11:00,4.22
2023-03-29 13:27:00,3.35
2023-03-29 14:44:00,2.75
2023-03-29 16:01:00,0.29
2023-03-29 17:17:00,0.45
2023-03-29 18:35:00,3.66
2023-03-29 19:51:00,2.78
2023-03-29 21:08:00,3.83
2023-03-29 22:25:00,2.58
2023-03-29 23:42:00,2.06
2023-03-30 01:01:00,3.09
2023-03-30 02:17:00,5.01
2023-03-30 03:34:00,4.85
2023-03-30 04:51:00,5
2023-03-30 06:08:00,3.1
2023-03-30 07:25:00,5.4
2023-03-30 08:42:00,1.27
2023-03-30 09:58:00,5.38
2023-03-30 11:15:00,4.86
2023-03-30 12:32:00,1.55
2023-03-30 13:48:00,2.72
2023-03-30 15:05:00,6.64
2023-03-30 16:24:00,2.9
2023-03-30 17:41:00,4.23
2023-03-30 18:58:00,4.3
2023-03-30 20:15:00,4.98
2023-03-30 21:32:00,0.63
2023-03-30 22:49:00,2.01
2023-03-31 00:09:00,3.11
2023-03-31 01:28:00,3.21
2023-03-31 02:45:00,3.14
2023-03-31 04:02:00,2.94
2023-03-31 05:19:00,1.33
2023-03-31 06:35:00,2.85
2023-03-31 07:54:00,3.02
2023-03-31 09:11:00,3.26
2023-03-31 10:28:00,2.5
2023-03-31 11:48:00,2.65
2023-03-31 13:08:00,3.63
2023-03-31 14:26:00,4.15
2023-03-31 15:43:00,3.09
2023-03-31 16:59:00,2.42
2023-03-31 18:16:00,3.33
2023-03-31 19:35:00,3.78
2023-03-31 20:52:00,2.79
2023-03-31 22:09:00,3.39
2023-03-31 23:26:00,2.9
2023-04-01 00:46:00,1.6
2023-04-01 02:02:00,2.6
2023-04-01 03:19:00,4.1
2023-04-01 04:39:00,2.1
2023-04-01 05:56:00,0.01
2023-04-01 07:14:00,4.69
2023-04-01 08:31:00,3.5
2023-04-01 09:50:00,3.74
2023-04-01 11:07:00,4.02
2023-04-01 12:24:00,2.72
2023-04-01 13:43:00,3.1
2023-04-01 15:00:00,3.04
2023-04-01 16:17:00,3.17
2023-04-01 17:34:00,4.19
2023-04-01 18:53:00,5.49
2023-04-01 20:11:00,2.48
2023-04-01 21:29:00,2.29
2023-04-01 22:46:00,2.74
2023-04-02 00:04:00,2.4
2023-04-02 01:21:00,2.85
2023-04-02 02:38:00,3.14
2023-04-02 03:55:00,1.42
2023-04-02 05:11:00,2.29
2023-04-02 06:28:00,2.33
2023-04-02 07:45:00,2.25
2023-04-02 09:01:00,1.84
2023-04-02 10:18:00,2.28
2023-04-02 11:35:00,0.87
2023-04-02 12:51:00,1.77
2023-04-02 14:11:00,3.92
2023-04-02 15:28:00,1.24
2023-04-02 16:44:00,2.63
2023-04-02 18:02:00,1.81
2023-04-02 19:19:00,1.69
2023-04-02 20:36:00,1.4
2023-04-02 21:53:00,1.1
2023-04-02 23:09:00,1.47
2023-04-03 00:30:00,0.37
2023-04-03 01:45:00,0.7
2023-04-03 03:02:00,3.05
2023-04-03 04:21:00,3.44
2023-04-03 05:35:00,3.68
2023-04-03 06:52:00,3.79
2023-04-03 08:18:00,3.09
2023-04-03 09:34:00,4.17
2023-04-03 10:49:00,4.47
2023-04-03 12:08:00,1.87
2023-04-03 13:28:00,2.67
2023-04-03 14:47:00,2.53
2023-04-03 16:02:00,1.09
2023-04-03 17:23:00,0.92
2023-04-03 18:36:00,0.25
2023-04-03 19:53:00,0.74
2023-04-03 21:11:00,0.89
2023-04-03 22:28:00,0.01
2023-04-03 23:42:00,3.14
2023-04-04 01:04:00,3.55
2023-04-04 02:21:00,2.48
2023-04-04 03:41:00,1.59
2023-04-04 04:58:00,2.24
2023-04-04 06:16:00,2.15
2023-04-04 07:32:00,3.4
2023-04-04 08:50:00,2
2023-04-04 10:09:00,3.08
2023-04-04 11:27:00,1.68
2023-04-04 12:44:00,1.24
2023-04-04 14:01:00,2.37
2023-04-04 15:18:00,5.35
2023-04-04 16:35:00,4.77
2023-04-04 17:52:00,3.42
2023-04-04 19:09:00,2.11
2023-04-04 20:26:00,1.17
2023-04-04 21:43:00,3.28
2023-04-04 22:59:00,3.2
2023-04-05 00:19:00,0.81
2023-04-05 01:38:00,1
2023-04-05 02:55:00,1.38
2023-04-05 04:11:00,0.36
2023-04-05 05:24:00,0.52
2023-04-05 06:39:00,0.12
2023-04-05 08:02:00,0.75
2023-04-05 09:20:00,1.11
2023-04-05 10:29:00,1.34
2023-04-05 11:48:00,1.11
2023-04-05 13:06:00,1.4
2023-04-05 14:23:00,3.13
2023-04-05 15:45:00,1.39
2023-04-05 16:59:00,2.53
2023-04-05 18:18:00,0.69
2023-04-05 19:34:00,0.97
2023-04-05 20:59:00,1.88
2023-04-05 22:15:00,2.58
2023-04-05 23:38:00,3.33
2023-04-06 00:56:00,3.6
2023-04-06 02:15:00,2.44
2023-04-06 03:31:00,1.98
2023-04-06 04:48:00,4.11
2023-04-06 06:06:00,2.29
2023-04-06 07:23:00,2.75
2023-04-06 08:40:00,1.75
2023-04-06 09:57:00,2.13
2023-04-06 11:13:00,1.57
2023-04-06 12:32:00,0.27
2023-04-06 13:51:00,0.6
2023-04-06 15:07:00,2.33
2023-04-06 16:24:00,4
2023-04-06 17:41:00,0.8
2023-04-06 18:57:00,0.5
2023-04-06 20:14:00,0.13
2023-04-06 21:33:00,0.27
2023-04-06 22:51:00,1.3
2023-04-07 00:09:00,0.73
2023-04-07 01:26:00,1.25
2023-04-07 02:43:00,1
2023-04-07 04:01:00,0.88
2023-04-07 05:18:00,0.92
2023-04-07 06:35:00,0.69
2023-04-07 07:53:00,1.61
2023-04-07 09:11:00,1.64
2023-04-07 10:28:00,0.64
2023-04-07 11:45:00,0.47
2023-04-07 13:02:00,2.76
2023-04-07 14:20:00,1.89
2023-04-07 15:36:00,0.21
2023-04-07 16:54:00,0.81
2023-04-07 18:10:00,1.96
2023-04-07 19:28:00,2.59
2023-04-07 20:48:00,2.65
2023-04-07 22:06:00,2.62
2023-04-07 23:23:00,2.54
2023-04-08 00:41:00,0.3
2023-04-08 01:58:00,2.57
2023-04-08 03:16:00,2.7
2023-04-08 04:33:00,1.82
2023-04-08 05:53:00,1.67
2023-04-08 07:11:00,2.82
2023-04-08 08:28:00,3.97
2023-04-08 09:45:00,2.08
2023-04-08 11:01:00,3.44
2023-04-08 12:18:00,2.7
2023-04-08 13:35:00,1.59
2023-04-08 14:52:00,1.7
2023-04-08 16:09:00,1.12
2023-04-08 17:27:00,0.89
2023-04-08 18:43:00,0.88
2023-04-08 20:00:00,2.96
2023-04-08 21:16:00,3.17
2023-04-08 22:33:00,0.31
2023-04-08 23:50:00,1.51
2023-04-09 01:09:00,4.02
2023-04-09 02:26:00,4.23
2023-04-09 03:45:00,5.68
2023-04-09 05:02:00,4.9
2023-04-09 06:19:00,4.86
2023-04-09 07:36:00,4.36
2023-04-09 08:54:00,3.9
2023-04-09 10:11:00,2.69
2023-04-09 11:30:00,1.76
2023-04-09 12:47:00,0.07
2023-04-09 14:06:00,2.08
2023-04-09 15:22:00,4.26
2023-04-09 16:40:00,0.95
2023-04-09 17:58:00,2.63
2023-04-09 19:15:00,2.12
2023-04-09 20:31:00,2.43
2023-04-09 21:51:00,1.76
2023-04-09 23:08:00,0.8
2023-04-10 00:30:00,0.45
2023-04-10 01:49:00,3.14
2023-04-10 03:05:00,1.92
2023-04-10 04:22:00,2.09
2023-04-10 05:40:00,1.48
2023-04-10 06:56:00,2.5
2023-04-10 08:15:00,0.19
2023-04-10 09:31:00,1
2023-04-10 10:48:00,1.9
2023-04-10 12:08:00,3.4
2023-04-10 13:26:00,1.7
2023-04-10 14:44:00,2.3
2023-04-10 16:01:00,3.26
2023-04-10 17:18:00,2.56
2023-04-10 18:35:00,1.8
2023-04-10 19:51:00,0.92
2023-04-10 21:09:00,0.5
2023-04-10 22:26:00,1.29
2023-04-10 23:46:00,1.38
2023-04-11 01:04:00,1.44
2023-04-11 02:20:00,2.1
2023-04-11 03:38:00,1.73
2023-04-11 04:56:00,3.5
2023-04-11 06:14:00,3.96
2023-04-11 07:32:00,1.98
2023-04-11 08:49:00,1.67
2023-04-11 10:07:00,1.43
2023-04-11 11:24:00,3.55
2023-04-11 12:40:00,0.68
2023-04-11 13:58:00,2.96
2023-04-11 15:15:00,2.35
2023-04-11 16:31:00,2.85
2023-04-11 17:50:00,0.38
2023-04-11 19:07:00,1.47
2023-04-11 20:24:00,2.39
2023-04-11 21:41:00,1.94
2023-04-11 22:59:00,2.91
2023-04-12 00:17:00,3.5
2023-04-12 01:37:00,2.07
2023-04-12 02:57:00,0.01
2023-04-12 04:15:00,2.8
2023-04-12 05:33:00,1.6
2023-04-12 06:50:00,1.4
2023-04-12 08:08:00,0.5
2023-04-12 09:24:00,0.8
2023-04-12 10:41:00,0.1
2023-04-12 11:58:00,0.05
2023-04-12 13:14:00,0.61
2023-04-12 14:31:00,0.08
2023-04-12 15:48:00,0.33
2023-04-12 17:04:00,0.37
2023-04-12 18:21:00,0.4
2023-04-12 19:38:00,0.89
2023-04-12 20:54:00,0.4
2023-04-12 22:11:00,1.84
2023-04-12 23:28:00,0.53
2023-04-13 00:47:00,1.27
2023-04-13 02:03:00,1.69
2023-04-13 03:20:00,2.25
2023-04-13 04:37:00,1.86
2023-04-13 05:54:00,2.64
2023-04-13 07:11:00,3.27
2023-04-13 08:28:00,4.42
2023-04-13 09:45:00,0.18
2023-04-13 11:02:00,2.78
2023-04-13 12:19:00,4.24
2023-04-13 13:35:00,3.54
2023-04-13 14:53:00,2.79
2023-04-13 16:10:00,4.24
2023-04-13 17:26:00,2.18
2023-04-13 18:43:00,2.84
2023-04-13 20:01:00,3.31
2023-04-13 21:17:00,3.07
2023-04-13 22:34:00,3.77
2023-04-13 23:51:00,2.91
2023-04-14 01:09:00,2.67
2023-04-14 02:25:00,3.2
2023-04-14 03:42:00,2.6
2023-04-14 04:59:00,0.15
2023-04-14 06:16:00,2.8
2023-04-14 07:34:00,2.5
2023-04-14 08:50:00,2.81
2023-04-14 10:08:00,4.54
2023-04-14 11:28:00,3.12
2023-04-14 12:45:00,3.65
2023-04-14 14:02:00,4.35
2023-04-14 15:19:00,5.19
2023-04-14 16:37:00,4.19
2023-04-14 17:53:00,3.45
2023-04-14 19:10:00,0.59
2023-04-14 20:27:00,0.79
2023-04-14 21:43:00,1.56
2023-04-14 23:02:00,0.02
2023-04-15 00:21:00,0.33
2023-04-15 01:39:00,2
2023-04-15 02:55:00,2.2
2023-04-15 04:14:00,4.1
2023-04-15 05:33:00,3.39
2023-04-15 06:49:00,2.81
2023-04-15 08:07:00,4.14
2023-04-15 09:25:00,3.56
2023-04-15 10:44:00,3.89
2023-04-15 12:01:00,4.4
2023-04-15 13:18:00,2.94
2023-04-15 14:34:00,0.02
2023-04-15 15:51:00,0.01
2023-04-15 17:08:00,0.3
2023-04-15 18:24:00,1.4
2023-04-15 19:41:00,2
2023-04-15 20:58:00,0.54
2023-04-15 22:18:00,1.74
2023-04-15 23:35:00,2.09
2023-04-16 00:53:00,4.49
2023-04-16 02:10:00,4.3
2023-04-16 03:27:00,5.08
2023-04-16 04:44:00,5.72
2023-04-16 06:01:00,5.06
2023-04-16 07:17:00,4.82
2023-04-16 08:34:00,3.29
2023-04-16 09:52:00,2.41
2023-04-16 11:08:00,0.64
2023-04-16 12:26:00,1.6
2023-04-16 13:43:00,0.56
2023-04-16 14:59:00,3.58
2023-04-16 16:17:00,3.7
2023-04-16 17:56:00,2.5
2023-04-16 21:02:00,2.05
2023-04-16 23:49:00,0.23
2023-04-17 03:28:00,3.9
2023-04-17 04:44:00,1.96
2023-04-17 06:03:00,1.4
2023-04-17 07:47:00,0.63
2023-04-17 09:04:00,2.48
2023-04-17 10:31:00,3.4
2023-04-17 11:50:00,4.33
2023-04-17 13:06:00,3.89
2023-04-17 14:25:00,3.27
2023-04-17 15:42:00,3.55
2023-04-17 17:01:00,1.34
2023-04-18 01:15:00,0.81
2023-04-18 02:32:00,1.04
2023-04-18 03:48:00,3.1
2023-04-18 05:05:00,4.97
2023-04-18 06:22:00,3.69
2023-04-18 07:38:00,4.12
2023-04-18 08:55:00,4.23
2023-04-18 10:12:00,4.68
2023-04-18 11:29:00,4.87
2023-04-18 12:46:00,4.52
2023-04-18 14:02:00,1.68
2023-04-18 15:19:00,4.35
2023-04-18 16:36:00,4.83
2023-04-18 17:53:00,3.02
2023-04-18 19:10:00,3.72
2023-04-18 20:27:00,2.08
2023-04-18 21:43:00,0.15
2023-04-18 23:02:00,3.56
2023-04-19 00:20:00,1.79
2023-04-19 01:38:00,0.03
2023-04-19 02:55:00,3.5
2023-04-19 04:12:00,1.7
2023-04-19 05:31:00,4.2
2023-04-19 06:47:00,3.6
2023-04-19 08:04:00,4.1
2023-04-19 09:21:00,4
2023-04-19 10:37:00,2
2023-04-19 11:54:00,1.01
2023-04-19 13:23:00,2.85
2023-04-19 14:42:00,2.4
2023-04-19 16:00:00,1.39
2023-04-19 17:18:00,1.08
2023-04-19 18:36:00,1.14
2023-04-19 19:54:00,3.83
2023-04-19 21:12:00,3.3
2023-04-19 22:31:00,3.18
2023-04-19 23:49:00,0.9
2023-04-20 01:09:00,0.03
2023-04-20 02:27:00,1.27
2023-04-20 03:46:00,1.8
2023-04-20 05:04:00,2.3
2023-04-20 06:22:00,0.05
2023-04-20 07:40:00,3.58
2023-04-20 08:58:00,3.94
2023-04-20 10:17:00,3.93
2023-04-20 11:35:00,5.02
2023-04-20 12:53:00,3.19
2023-04-20 14:12:00,1.92
2023-04-20 15:30:00,2.41
2023-04-20 16:49:00,1.83
2023-04-20 18:07:00,5.14
2023-04-20 19:26:00,1.87
2023-04-20 20:44:00,2.48
2023-04-20 22:02:00,2.78
2023-04-20 23:21:00,2.83
2023-04-21 00:39:00,0.67
2023-04-21 01:56:00,0.7
2023-04-21 03:14:00,2
2023-04-21 04:30:00,1.5
2023-04-21 05:47:00,2.5
2023-04-21 07:05:00,3.41
2023-04-21 08:22:00,2.72
2023-04-21 09:40:00,2.18
